2026.09.14 12:01:58 INFO  Started: Metals version 1.6.8 in folders '/home/amirali671/Documents/A.Rehman/Shadow' for client Visual Studio Code 1.137.0.[0m
2026.09.14 12:01:58 INFO  Memory monitor started[0m
2026.09.14 12:01:59 WARN  Using H2 2.4.240 which is newer than the version Flyway has been verified with. The latest verified version of H2 is 2.3.232.[0m
Sep 14, 2026 12:02:00 PM org.eclipse.lsp4j.jsonrpc.services.GenericEndpoint notify
INFO: Unsupported notification method: $/setTrace
Sep 14, 2026 12:02:00 PM org.eclipse.lsp4j.jsonrpc.services.GenericEndpoint notify
INFO: Unsupported notification method: $/setTrace
Sep 14, 2026 12:02:02 PM org.eclipse.lsp4j.jsonrpc.services.GenericEndpoint notify
INFO: Unsupported notification method: $/setTrace
Sep 14, 2026 12:02:02 PM org.eclipse.lsp4j.jsonrpc.services.GenericEndpoint notify
INFO: Unsupported notification method: $/setTrace
Sep 14, 2026 12:03:04 PM org.eclipse.lsp4j.jsonrpc.services.GenericEndpoint notify
INFO: Unsupported notification method: $/setTrace
2026.09.14 12:03:19 INFO  no build target found for /home/amirali671/Documents/A.Rehman/Shadow/src /main/scala/processor/ALUControl.scala. Using presentation compiler with project's scala-library version: 3.3.8[0m
Sep 14, 2026 12:03:21 PM org.eclipse.lsp4j.jsonrpc.RemoteEndpoint handleCancellation
WARNING: Unmatched cancel notification for request id 7
2026.09.14 12:03:21 INFO  no build target found for /home/amirali671/Documents/A.Rehman/Shadow/src /main/scala/processor/ALUControl.scala. Using presentation compiler with project's scala-library version: 3.3.8[0m
Sep 14, 2026 12:03:21 PM org.eclipse.lsp4j.jsonrpc.RemoteEndpoint handleCancellation
WARNING: Unmatched cancel notification for request id 9
2026.09.14 12:03:21 INFO  no build target found for /home/amirali671/Documents/A.Rehman/Shadow/src /main/scala/processor/ALUControl.scala. Using presentation compiler with project's scala-library version: 3.3.8[0m
2026.09.14 12:03:21 INFO  no build target found for /home/amirali671/Documents/A.Rehman/Shadow/src /main/scala/processor/ALUControl.scala. Using presentation compiler with project's scala-library version: 3.3.8[0m
2026.09.14 12:03:22 INFO  no build target found for /home/amirali671/Documents/A.Rehman/Shadow/src /main/scala/processor/ALUControl.scala. Using presentation compiler with project's scala-library version: 3.3.8[0m
2026.09.14 12:03:28 INFO  no build target found for /home/amirali671/Documents/A.Rehman/Shadow/src /main/scala/processor/ALUControl.scala. Using presentation compiler with project's scala-library version: 3.3.8[0m
2026.09.14 12:03:28 WARN  no build target for: /home/amirali671/Documents/A.Rehman/Shadow/src /main/scala/processor/ALUControl.scala[0m
2026.09.14 12:03:31 INFO  no build target found for /home/amirali671/Documents/A.Rehman/Shadow/src /main/scala/processor/ALUControl.scala. Using presentation compiler with project's scala-library version: 3.3.8[0m
2026.09.14 12:03:32 INFO  no build target found for /home/amirali671/Documents/A.Rehman/Shadow/src /main/scala/processor/ALUControl.scala. Using presentation compiler with project's scala-library version: 3.3.8[0m
Sep 14, 2026 12:03:34 PM org.eclipse.lsp4j.jsonrpc.services.GenericEndpoint notify
INFO: Unsupported notification method: $/setTrace
2026.09.14 12:03:34 INFO  no build target found for /home/amirali671/Documents/A.Rehman/Shadow/src /main/scala/processor/ALUControl.scala. Using presentation compiler with project's scala-library version: 3.3.8[0m
Sep 14, 2026 12:03:35 PM org.eclipse.lsp4j.jsonrpc.services.GenericEndpoint notify
INFO: Unsupported notification method: $/setTrace
2026.09.14 12:03:34 INFO  no build target found for /home/amirali671/Documents/A.Rehman/Shadow/src /main/scala/processor/ALUControl.scala. Using presentation compiler with project's scala-library version: 3.3.8[0m
2026.09.14 12:04:06 INFO  no build target found for /home/amirali671/Documents/A.Rehman/Shadow/src /main/scala/processor/TypeController.scala. Using presentation compiler with project's scala-library version: 3.3.8[0m
Sep 14, 2026 12:04:07 PM org.eclipse.lsp4j.jsonrpc.RemoteEndpoint handleCancellation
WARNING: Unmatched cancel notification for request id 25
2026.09.14 12:04:06 INFO  no build target found for /home/amirali671/Documents/A.Rehman/Shadow/src /main/scala/processor/TypeController.scala. Using presentation compiler with project's scala-library version: 3.3.8[0m
2026.09.14 12:04:11 INFO  no build target found for /home/amirali671/Documents/A.Rehman/Shadow/src /main/scala/processor/TypeController.scala. Using presentation compiler with project's scala-library version: 3.3.8[0m
2026.09.14 12:04:11 INFO  no build target found for /home/amirali671/Documents/A.Rehman/Shadow/src /test/scala/processor/TopTest.scala. Using presentation compiler with project's scala-library version: 3.3.8[0m
2026.09.14 12:04:11 INFO  no build target found for /home/amirali671/Documents/A.Rehman/Shadow/src /test/scala/processor/TopTest.scala. Using presentation compiler with project's scala-library version: 3.3.8[0m
2026.09.14 12:04:13 INFO  no build target found for /home/amirali671/Documents/A.Rehman/Shadow/src /test/scala/processor/TopTest.scala. Using presentation compiler with project's scala-library version: 3.3.8[0m
2026.09.14 12:04:13 INFO  no build target found for /home/amirali671/Documents/A.Rehman/Shadow/src /test/scala/processor/TopTest.scala. Using presentation compiler with project's scala-library version: 3.3.8[0m
2026.09.14 12:04:13 INFO  no build target found for /home/amirali671/Documents/A.Rehman/Shadow/src /test/scala/processor/TopTest.scala. Using presentation compiler with project's scala-library version: 3.3.8[0m
2026.09.14 12:04:14 WARN  no build target for: /home/amirali671/Documents/A.Rehman/Shadow/src /test/scala/processor/TopTest.scala[0m
2026.09.14 12:04:14 INFO  no build target found for /home/amirali671/Documents/A.Rehman/Shadow/src /test/scala/processor/TopTest.scala. Using presentation compiler with project's scala-library version: 3.3.8[0m
2026.09.14 12:04:14 WARN  no build target for: /home/amirali671/Documents/A.Rehman/Shadow/src /test/scala/processor/TopTest.scala[0m
2026.09.14 12:04:14 WARN  no build target for: /home/amirali671/Documents/A.Rehman/Shadow/src /test/scala/processor/TopTest.scala[0m
2026.09.14 12:04:14 WARN  no build target for: /home/amirali671/Documents/A.Rehman/Shadow/src /test/scala/processor/TopTest.scala[0m
2026.09.14 12:04:16 INFO  no build target found for /home/amirali671/Documents/A.Rehman/Shadow/src /test/scala/processor/TopTest.scala. Using presentation compiler with project's scala-library version: 3.3.8[0m
2026.09.14 12:04:16 INFO  no build target found for /home/amirali671/Documents/A.Rehman/Shadow/src /test/scala/processor/TopTest.scala. Using presentation compiler with project's scala-library version: 3.3.8[0m
2026.09.14 12:04:17 WARN  no build target for: /home/amirali671/Documents/A.Rehman/Shadow/src /test/scala/processor/TopTest.scala[0m
2026.09.14 12:04:17 INFO  no build target found for /home/amirali671/Documents/A.Rehman/Shadow/src /test/scala/processor/TopTest.scala. Using presentation compiler with project's scala-library version: 3.3.8[0m
2026.09.14 12:04:20 INFO  no build target found for /home/amirali671/Documents/A.Rehman/Shadow/src /test/scala/processor/TopTest.scala. Using presentation compiler with project's scala-library version: 3.3.8[0m
2026.09.14 12:04:20 INFO  no build target found for /home/amirali671/Documents/A.Rehman/Shadow/src /test/scala/processor/TopTest.scala. Using presentation compiler with project's scala-library version: 3.3.8[0m
2026.09.14 12:04:20 INFO  no build target found for /home/amirali671/Documents/A.Rehman/Shadow/src /test/scala/processor/TopTest.scala. Using presentation compiler with project's scala-library version: 3.3.8[0m
2026.09.14 12:04:20 INFO  no build target found for /home/amirali671/Documents/A.Rehman/Shadow/src /test/scala/processor/TopTest.scala. Using presentation compiler with project's scala-library version: 3.3.8[0m
2026.09.14 12:04:20 INFO  no build target found for /home/amirali671/Documents/A.Rehman/Shadow/src /test/scala/processor/TopTest.scala. Using presentation compiler with project's scala-library version: 3.3.8[0m
2026.09.14 12:04:21 WARN  no build target for: /home/amirali671/Documents/A.Rehman/Shadow/src /test/scala/processor/TopTest.scala[0m
2026.09.14 12:04:21 INFO  no build target found for /home/amirali671/Documents/A.Rehman/Shadow/src /test/scala/processor/TopTest.scala. Using presentation compiler with project's scala-library version: 3.3.8[0m
2026.09.14 12:04:24 INFO  no build target found for /home/amirali671/Documents/A.Rehman/Shadow/src /main/scala/processor/Top.scala. Using presentation compiler with project's scala-library version: 3.3.8[0m
2026.09.14 12:04:24 INFO  no build target found for /home/amirali671/Documents/A.Rehman/Shadow/src /main/scala/processor/Top.scala. Using presentation compiler with project's scala-library version: 3.3.8[0m
2026.09.14 12:04:24 INFO  no build target found for /home/amirali671/Documents/A.Rehman/Shadow/src /main/scala/processor/Top.scala. Using presentation compiler with project's scala-library version: 3.3.8[0m
2026.09.14 12:04:24 INFO  no build target found for /home/amirali671/Documents/A.Rehman/Shadow/src /main/scala/processor/Top.scala. Using presentation compiler with project's scala-library version: 3.3.8[0m
2026.09.14 12:04:25 INFO  no build target found for /home/amirali671/Documents/A.Rehman/Shadow/src /main/scala/processor/Top.scala. Using presentation compiler with project's scala-library version: 3.3.8[0m
2026.09.14 12:04:25 INFO  no build target found for /home/amirali671/Documents/A.Rehman/Shadow/src /main/scala/processor/Top.scala. Using presentation compiler with project's scala-library version: 3.3.8[0m
2026.09.14 12:04:25 INFO  no build target found for /home/amirali671/Documents/A.Rehman/Shadow/src /main/scala/processor/Top.scala. Using presentation compiler with project's scala-library version: 3.3.8[0m
2026.09.14 12:04:27 WARN  no build target for: /home/amirali671/Documents/A.Rehman/Shadow/src /main/scala/processor/Top.scala[0m
2026.09.14 12:04:27 INFO  no build target found for /home/amirali671/Documents/A.Rehman/Shadow/src /main/scala/processor/Top.scala. Using presentation compiler with project's scala-library version: 3.3.8[0m
2026.09.14 12:04:27 INFO  no build target found for /home/amirali671/Documents/A.Rehman/Shadow/src /main/scala/processor/Top.scala. Using presentation compiler with project's scala-library version: 3.3.8[0m
2026.09.14 12:04:27 INFO  no build target found for /home/amirali671/Documents/A.Rehman/Shadow/src /main/scala/processor/Top.scala. Using presentation compiler with project's scala-library version: 3.3.8[0m
2026.09.14 12:04:27 INFO  no build target found for /home/amirali671/Documents/A.Rehman/Shadow/src /main/scala/processor/Top.scala. Using presentation compiler with project's scala-library version: 3.3.8[0m
2026.09.14 12:04:35 INFO  no build target found for /home/amirali671/Documents/A.Rehman/Shadow/src /main/scala/processor/Top.scala. Using presentation compiler with project's scala-library version: 3.3.8[0m
2026.09.14 12:04:35 INFO  no build target found for /home/amirali671/Documents/A.Rehman/Shadow/src /main/scala/processor/Top.scala. Using presentation compiler with project's scala-library version: 3.3.8[0m
2026.09.14 12:04:36 INFO  no build target found for /home/amirali671/Documents/A.Rehman/Shadow/src /main/scala/processor/Top.scala. Using presentation compiler with project's scala-library version: 3.3.8[0m
2026.09.14 12:04:36 INFO  no build target found for /home/amirali671/Documents/A.Rehman/Shadow/src /main/scala/processor/Top.scala. Using presentation compiler with project's scala-library version: 3.3.8[0m
2026.09.14 12:04:36 INFO  no build target found for /home/amirali671/Documents/A.Rehman/Shadow/src /main/scala/processor/Top.scala. Using presentation compiler with project's scala-library version: 3.3.8[0m
2026.09.14 12:04:36 INFO  no build target found for /home/amirali671/Documents/A.Rehman/Shadow/src /main/scala/processor/Top.scala. Using presentation compiler with project's scala-library version: 3.3.8[0m
2026.09.14 12:04:36 INFO  no build target found for /home/amirali671/Documents/A.Rehman/Shadow/src /main/scala/processor/Top.scala. Using presentation compiler with project's scala-library version: 3.3.8[0m
2026.09.14 12:04:36 INFO  no build target found for /home/amirali671/Documents/A.Rehman/Shadow/src /main/scala/processor/Top.scala. Using presentation compiler with project's scala-library version: 3.3.8[0m
2026.09.14 12:04:36 INFO  no build target found for /home/amirali671/Documents/A.Rehman/Shadow/src /main/scala/processor/Top.scala. Using presentation compiler with project's scala-library version: 3.3.8[0m
2026.09.14 12:04:36 INFO  no build target found for /home/amirali671/Documents/A.Rehman/Shadow/src /main/scala/processor/Top.scala. Using presentation compiler with project's scala-library version: 3.3.8[0m
2026.09.14 12:04:36 INFO  no build target found for /home/amirali671/Documents/A.Rehman/Shadow/src /main/scala/processor/Top.scala. Using presentation compiler with project's scala-library version: 3.3.8[0m
2026.09.14 12:04:37 INFO  no build target found for /home/amirali671/Documents/A.Rehman/Shadow/src /main/scala/processor/Top.scala. Using presentation compiler with project's scala-library version: 3.3.8[0m
2026.09.14 12:04:37 INFO  no build target found for /home/amirali671/Documents/A.Rehman/Shadow/src /main/scala/processor/Top.scala. Using presentation compiler with project's scala-library version: 3.3.8[0m
2026.09.14 12:04:37 INFO  no build target found for /home/amirali671/Documents/A.Rehman/Shadow/src /main/scala/processor/Top.scala. Using presentation compiler with project's scala-library version: 3.3.8[0m
2026.09.14 12:04:37 INFO  no build target found for /home/amirali671/Documents/A.Rehman/Shadow/src /main/scala/processor/Top.scala. Using presentation compiler with project's scala-library version: 3.3.8[0m
2026.09.14 12:04:37 INFO  no build target found for /home/amirali671/Documents/A.Rehman/Shadow/src /main/scala/processor/Top.scala. Using presentation compiler with project's scala-library version: 3.3.8[0m
2026.09.14 12:04:37 INFO  no build target found for /home/amirali671/Documents/A.Rehman/Shadow/src /main/scala/processor/Top.scala. Using presentation compiler with project's scala-library version: 3.3.8[0m
2026.09.14 12:04:39 INFO  no build target found for /home/amirali671/Documents/A.Rehman/Shadow/src /main/scala/processor/Top.scala. Using presentation compiler with project's scala-library version: 3.3.8[0m
2026.09.14 12:04:39 INFO  no build target found for /home/amirali671/Documents/A.Rehman/Shadow/src /main/scala/processor/Top.scala. Using presentation compiler with project's scala-library version: 3.3.8[0m
2026.09.14 12:04:39 INFO  no build target found for /home/amirali671/Documents/A.Rehman/Shadow/src /main/scala/processor/Top.scala. Using presentation compiler with project's scala-library version: 3.3.8[0m
2026.09.14 12:04:39 INFO  no build target found for /home/amirali671/Documents/A.Rehman/Shadow/src /main/scala/processor/Top.scala. Using presentation compiler with project's scala-library version: 3.3.8[0m
2026.09.14 12:04:39 INFO  no build target found for /home/amirali671/Documents/A.Rehman/Shadow/src /main/scala/processor/Top.scala. Using presentation compiler with project's scala-library version: 3.3.8[0m
2026.09.14 12:04:39 INFO  no build target found for /home/amirali671/Documents/A.Rehman/Shadow/src /main/scala/processor/Top.scala. Using presentation compiler with project's scala-library version: 3.3.8[0m
2026.09.14 12:04:39 INFO  no build target found for /home/amirali671/Documents/A.Rehman/Shadow/src /main/scala/processor/Top.scala. Using presentation compiler with project's scala-library version: 3.3.8[0m
2026.09.14 12:04:40 INFO  no build target found for /home/amirali671/Documents/A.Rehman/Shadow/src /main/scala/processor/Top.scala. Using presentation compiler with project's scala-library version: 3.3.8[0m
2026.09.14 12:04:40 INFO  no build target found for /home/amirali671/Documents/A.Rehman/Shadow/src /main/scala/processor/Top.scala. Using presentation compiler with project's scala-library version: 3.3.8[0m
2026.09.14 12:04:40 INFO  no build target found for /home/amirali671/Documents/A.Rehman/Shadow/src /main/scala/processor/Top.scala. Using presentation compiler with project's scala-library version: 3.3.8[0m
2026.09.14 12:04:40 INFO  no build target found for /home/amirali671/Documents/A.Rehman/Shadow/src /main/scala/processor/Top.scala. Using presentation compiler with project's scala-library version: 3.3.8[0m
2026.09.14 12:04:40 INFO  no build target found for /home/amirali671/Documents/A.Rehman/Shadow/src /main/scala/processor/Top.scala. Using presentation compiler with project's scala-library version: 3.3.8[0m
2026.09.14 12:04:40 INFO  no build target found for /home/amirali671/Documents/A.Rehman/Shadow/src /main/scala/processor/Top.scala. Using presentation compiler with project's scala-library version: 3.3.8[0m
2026.09.14 12:04:41 INFO  no build target found for /home/amirali671/Documents/A.Rehman/Shadow/src /main/scala/processor/Top.scala. Using presentation compiler with project's scala-library version: 3.3.8[0m
2026.09.14 12:04:41 INFO  no build target found for /home/amirali671/Documents/A.Rehman/Shadow/src /main/scala/processor/Top.scala. Using presentation compiler with project's scala-library version: 3.3.8[0m
2026.09.14 12:04:41 INFO  no build target found for /home/amirali671/Documents/A.Rehman/Shadow/src /main/scala/processor/Top.scala. Using presentation compiler with project's scala-library version: 3.3.8[0m
2026.09.14 12:04:41 INFO  no build target found for /home/amirali671/Documents/A.Rehman/Shadow/src /main/scala/processor/Top.scala. Using presentation compiler with project's scala-library version: 3.3.8[0m
2026.09.14 12:04:41 INFO  no build target found for /home/amirali671/Documents/A.Rehman/Shadow/src /main/scala/processor/Top.scala. Using presentation compiler with project's scala-library version: 3.3.8[0m
2026.09.14 12:04:41 INFO  no build target found for /home/amirali671/Documents/A.Rehman/Shadow/src /main/scala/processor/Top.scala. Using presentation compiler with project's scala-library version: 3.3.8[0m
2026.09.14 12:04:41 INFO  no build target found for /home/amirali671/Documents/A.Rehman/Shadow/src /main/scala/processor/Top.scala. Using presentation compiler with project's scala-library version: 3.3.8[0m
2026.09.14 12:04:42 INFO  no build target found for /home/amirali671/Documents/A.Rehman/Shadow/src /main/scala/processor/Top.scala. Using presentation compiler with project's scala-library version: 3.3.8[0m
2026.09.14 12:04:42 INFO  no build target found for /home/amirali671/Documents/A.Rehman/Shadow/src /main/scala/processor/Top.scala. Using presentation compiler with project's scala-library version: 3.3.8[0m
2026.09.14 12:04:42 INFO  no build target found for /home/amirali671/Documents/A.Rehman/Shadow/src /main/scala/processor/Top.scala. Using presentation compiler with project's scala-library version: 3.3.8[0m
2026.09.14 12:04:42 INFO  no build target found for /home/amirali671/Documents/A.Rehman/Shadow/src /main/scala/processor/Top.scala. Using presentation compiler with project's scala-library version: 3.3.8[0m
2026.09.14 12:04:42 INFO  no build target found for /home/amirali671/Documents/A.Rehman/Shadow/src /main/scala/processor/Top.scala. Using presentation compiler with project's scala-library version: 3.3.8[0m
2026.09.14 12:04:42 INFO  no build target found for /home/amirali671/Documents/A.Rehman/Shadow/src /main/scala/processor/Top.scala. Using presentation compiler with project's scala-library version: 3.3.8[0m
2026.09.14 12:04:42 INFO  no build target found for /home/amirali671/Documents/A.Rehman/Shadow/src /main/scala/processor/Top.scala. Using presentation compiler with project's scala-library version: 3.3.8[0m
2026.09.14 12:04:42 INFO  no build target found for /home/amirali671/Documents/A.Rehman/Shadow/src /main/scala/processor/Top.scala. Using presentation compiler with project's scala-library version: 3.3.8[0m
2026.09.14 12:04:44 INFO  no build target found for /home/amirali671/Documents/A.Rehman/Shadow/src /main/scala/processor/Top.scala. Using presentation compiler with project's scala-library version: 3.3.8[0m
2026.09.14 12:04:44 INFO  no build target found for /home/amirali671/Documents/A.Rehman/Shadow/src /main/scala/processor/Top.scala. Using presentation compiler with project's scala-library version: 3.3.8[0m
2026.09.14 12:04:44 WARN  no build target for: /home/amirali671/Documents/A.Rehman/Shadow/src /main/scala/processor/Top.scala[0m
2026.09.14 12:04:44 INFO  no build target found for /home/amirali671/Documents/A.Rehman/Shadow/src /main/scala/processor/Top.scala. Using presentation compiler with project's scala-library version: 3.3.8[0m
2026.09.14 12:04:44 INFO  no build target found for /home/amirali671/Documents/A.Rehman/Shadow/src /main/scala/processor/Top.scala. Using presentation compiler with project's scala-library version: 3.3.8[0m
2026.09.14 12:04:44 INFO  no build target found for /home/amirali671/Documents/A.Rehman/Shadow/src /main/scala/processor/Top.scala. Using presentation compiler with project's scala-library version: 3.3.8[0m
2026.09.14 12:04:44 INFO  no build target found for /home/amirali671/Documents/A.Rehman/Shadow/src /main/scala/processor/Top.scala. Using presentation compiler with project's scala-library version: 3.3.8[0m
2026.09.14 12:04:44 INFO  no build target found for /home/amirali671/Documents/A.Rehman/Shadow/src /main/scala/processor/Top.scala. Using presentation compiler with project's scala-library version: 3.3.8[0m
2026.09.14 12:04:44 INFO  no build target found for /home/amirali671/Documents/A.Rehman/Shadow/src /main/scala/processor/Top.scala. Using presentation compiler with project's scala-library version: 3.3.8[0m
2026.09.14 12:04:44 INFO  no build target found for /home/amirali671/Documents/A.Rehman/Shadow/src /main/scala/processor/Top.scala. Using presentation compiler with project's scala-library version: 3.3.8[0m
2026.09.14 12:04:45 INFO  no build target found for /home/amirali671/Documents/A.Rehman/Shadow/src /main/scala/processor/Top.scala. Using presentation compiler with project's scala-library version: 3.3.8[0m
2026.09.14 12:04:45 INFO  no build target found for /home/amirali671/Documents/A.Rehman/Shadow/src /main/scala/processor/Top.scala. Using presentation compiler with project's scala-library version: 3.3.8[0m
2026.09.14 12:04:45 INFO  no build target found for /home/amirali671/Documents/A.Rehman/Shadow/src /main/scala/processor/Top.scala. Using presentation compiler with project's scala-library version: 3.3.8[0m
2026.09.14 12:04:45 INFO  no build target found for /home/amirali671/Documents/A.Rehman/Shadow/src /main/scala/processor/Top.scala. Using presentation compiler with project's scala-library version: 3.3.8[0m
2026.09.14 12:04:46 WARN  no build target for: /home/amirali671/Documents/A.Rehman/Shadow/src /main/scala/processor/Top.scala[0m
2026.09.14 12:04:46 INFO  no build target found for /home/amirali671/Documents/A.Rehman/Shadow/src /main/scala/processor/Top.scala. Using presentation compiler with project's scala-library version: 3.3.8[0m
2026.09.14 12:04:47 INFO  no build target found for /home/amirali671/Documents/A.Rehman/Shadow/src /main/scala/processor/Top.scala. Using presentation compiler with project's scala-library version: 3.3.8[0m
2026.09.14 12:04:47 INFO  no build target found for /home/amirali671/Documents/A.Rehman/Shadow/src /main/scala/processor/Top.scala. Using presentation compiler with project's scala-library version: 3.3.8[0m
2026.09.14 12:04:47 INFO  no build target found for /home/amirali671/Documents/A.Rehman/Shadow/src /main/scala/processor/Top.scala. Using presentation compiler with project's scala-library version: 3.3.8[0m
2026.09.14 12:04:48 INFO  no build target found for /home/amirali671/Documents/A.Rehman/Shadow/src /main/scala/processor/Top.scala. Using presentation compiler with project's scala-library version: 3.3.8[0m
2026.09.14 12:04:48 INFO  no build target found for /home/amirali671/Documents/A.Rehman/Shadow/src /main/scala/processor/Top.scala. Using presentation compiler with project's scala-library version: 3.3.8[0m
2026.09.14 12:04:48 WARN  no build target for: /home/amirali671/Documents/A.Rehman/Shadow/src /main/scala/processor/Top.scala[0m
2026.09.14 12:04:48 INFO  no build target found for /home/amirali671/Documents/A.Rehman/Shadow/src /main/scala/processor/Top.scala. Using presentation compiler with project's scala-library version: 3.3.8[0m
2026.09.14 12:04:48 INFO  no build target found for /home/amirali671/Documents/A.Rehman/Shadow/src /main/scala/processor/Top.scala. Using presentation compiler with project's scala-library version: 3.3.8[0m
2026.09.14 12:04:48 INFO  no build target found for /home/amirali671/Documents/A.Rehman/Shadow/src /main/scala/processor/Top.scala. Using presentation compiler with project's scala-library version: 3.3.8[0m
2026.09.14 12:04:48 INFO  no build target found for /home/amirali671/Documents/A.Rehman/Shadow/src /main/scala/processor/Top.scala. Using presentation compiler with project's scala-library version: 3.3.8[0m
2026.09.14 12:04:48 INFO  no build target found for /home/amirali671/Documents/A.Rehman/Shadow/src /main/scala/processor/Top.scala. Using presentation compiler with project's scala-library version: 3.3.8[0m
2026.09.14 12:04:48 INFO  no build target found for /home/amirali671/Documents/A.Rehman/Shadow/src /main/scala/processor/Top.scala. Using presentation compiler with project's scala-library version: 3.3.8[0m
2026.09.14 12:04:48 INFO  no build target found for /home/amirali671/Documents/A.Rehman/Shadow/src /main/scala/processor/Top.scala. Using presentation compiler with project's scala-library version: 3.3.8[0m
2026.09.14 12:04:49 INFO  no build target found for /home/amirali671/Documents/A.Rehman/Shadow/src /main/scala/processor/Top.scala. Using presentation compiler with project's scala-library version: 3.3.8[0m
2026.09.14 12:04:49 INFO  no build target found for /home/amirali671/Documents/A.Rehman/Shadow/src /main/scala/processor/Top.scala. Using presentation compiler with project's scala-library version: 3.3.8[0m
2026.09.14 12:04:49 INFO  no build target found for /home/amirali671/Documents/A.Rehman/Shadow/src /main/scala/processor/Top.scala. Using presentation compiler with project's scala-library version: 3.3.8[0m
2026.09.14 12:04:49 INFO  no build target found for /home/amirali671/Documents/A.Rehman/Shadow/src /main/scala/processor/Top.scala. Using presentation compiler with project's scala-library version: 3.3.8[0m
2026.09.14 12:04:49 INFO  no build target found for /home/amirali671/Documents/A.Rehman/Shadow/src /main/scala/processor/Top.scala. Using presentation compiler with project's scala-library version: 3.3.8[0m
2026.09.14 12:04:49 INFO  no build target found for /home/amirali671/Documents/A.Rehman/Shadow/src /main/scala/processor/Top.scala. Using presentation compiler with project's scala-library version: 3.3.8[0m
2026.09.14 12:04:49 INFO  no build target found for /home/amirali671/Documents/A.Rehman/Shadow/src /main/scala/processor/Top.scala. Using presentation compiler with project's scala-library version: 3.3.8[0m
2026.09.14 12:04:51 INFO  no build target found for /home/amirali671/Documents/A.Rehman/Shadow/src /main/scala/processor/Top.scala. Using presentation compiler with project's scala-library version: 3.3.8[0m
2026.09.14 12:04:51 INFO  no build target found for /home/amirali671/Documents/A.Rehman/Shadow/src /main/scala/processor/Top.scala. Using presentation compiler with project's scala-library version: 3.3.8[0m
2026.09.14 12:04:51 WARN  no build target for: /home/amirali671/Documents/A.Rehman/Shadow/src /main/scala/processor/Top.scala[0m
2026.09.14 12:04:51 WARN  no build target for: /home/amirali671/Documents/A.Rehman/Shadow/src /main/scala/processor/Top.scala[0m
2026.09.14 12:04:51 WARN  no build target for: /home/amirali671/Documents/A.Rehman/Shadow/src /main/scala/processor/Top.scala[0m
2026.09.14 12:04:51 WARN  no build target for: /home/amirali671/Documents/A.Rehman/Shadow/src /main/scala/processor/Top.scala[0m
2026.09.14 12:04:51 WARN  no build target for: /home/amirali671/Documents/A.Rehman/Shadow/src /main/scala/processor/Top.scala[0m
2026.09.14 12:04:51 WARN  no build target for: /home/amirali671/Documents/A.Rehman/Shadow/src /main/scala/processor/Top.scala[0m
2026.09.14 12:04:52 WARN  no build target for: /home/amirali671/Documents/A.Rehman/Shadow/src /main/scala/processor/Top.scala[0m
2026.09.14 12:04:52 WARN  no build target for: /home/amirali671/Documents/A.Rehman/Shadow/src /main/scala/processor/Top.scala[0m
2026.09.14 12:04:52 WARN  no build target for: /home/amirali671/Documents/A.Rehman/Shadow/src /main/scala/processor/Top.scala[0m
2026.09.14 12:04:52 WARN  no build target for: /home/amirali671/Documents/A.Rehman/Shadow/src /main/scala/processor/Top.scala[0m
2026.09.14 12:04:52 WARN  no build target for: /home/amirali671/Documents/A.Rehman/Shadow/src /main/scala/processor/Top.scala[0m
2026.09.14 12:04:58 WARN  no build target for: /home/amirali671/Documents/A.Rehman/Shadow/src /main/scala/processor/Top.scala[0m
2026.09.14 12:04:58 WARN  no build target for: /home/amirali671/Documents/A.Rehman/Shadow/src /main/scala/processor/Top.scala[0m
2026.09.14 12:04:58 WARN  no build target for: /home/amirali671/Documents/A.Rehman/Shadow/src /main/scala/processor/Top.scala[0m
2026.09.14 12:05:14 INFO  no build target found for /home/amirali671/Documents/A.Rehman/Shadow/src /main/scala/processor/Top.scala. Using presentation compiler with project's scala-library version: 3.3.8[0m
2026.09.14 12:05:15 INFO  no build target found for /home/amirali671/Documents/A.Rehman/Shadow/src /main/scala/processor/Top.scala. Using presentation compiler with project's scala-library version: 3.3.8[0m
2026.09.14 12:05:15 INFO  no build target found for /home/amirali671/Documents/A.Rehman/Shadow/src /main/scala/processor/Top.scala. Using presentation compiler with project's scala-library version: 3.3.8[0m
2026.09.14 12:05:15 INFO  no build target found for /home/amirali671/Documents/A.Rehman/Shadow/src /main/scala/processor/Top.scala. Using presentation compiler with project's scala-library version: 3.3.8[0m
2026.09.14 12:05:17 WARN  no build target for: /home/amirali671/Documents/A.Rehman/Shadow/src /main/scala/processor/Top.scala[0m
2026.09.14 12:05:17 INFO  no build target found for /home/amirali671/Documents/A.Rehman/Shadow/src /main/scala/processor/Top.scala. Using presentation compiler with project's scala-library version: 3.3.8[0m
2026.09.14 12:05:18 INFO  no build target found for /home/amirali671/Documents/A.Rehman/Shadow/src /main/scala/processor/Top.scala. Using presentation compiler with project's scala-library version: 3.3.8[0m
2026.09.14 12:05:18 INFO  no build target found for /home/amirali671/Documents/A.Rehman/Shadow/src /main/scala/processor/Top.scala. Using presentation compiler with project's scala-library version: 3.3.8[0m
2026.09.14 12:05:18 INFO  no build target found for /home/amirali671/Documents/A.Rehman/Shadow/src /main/scala/processor/Top.scala. Using presentation compiler with project's scala-library version: 3.3.8[0m
2026.09.14 12:05:18 INFO  no build target found for /home/amirali671/Documents/A.Rehman/Shadow/src /main/scala/processor/Top.scala. Using presentation compiler with project's scala-library version: 3.3.8[0m
2026.09.14 12:05:18 INFO  no build target found for /home/amirali671/Documents/A.Rehman/Shadow/src /main/scala/processor/Top.scala. Using presentation compiler with project's scala-library version: 3.3.8[0m
2026.09.14 12:05:18 INFO  no build target found for /home/amirali671/Documents/A.Rehman/Shadow/src /main/scala/processor/Top.scala. Using presentation compiler with project's scala-library version: 3.3.8[0m
2026.09.14 12:05:18 INFO  no build target found for /home/amirali671/Documents/A.Rehman/Shadow/src /main/scala/processor/Top.scala. Using presentation compiler with project's scala-library version: 3.3.8[0m
2026.09.14 12:05:18 INFO  no build target found for /home/amirali671/Documents/A.Rehman/Shadow/src /main/scala/processor/Top.scala. Using presentation compiler with project's scala-library version: 3.3.8[0m
2026.09.14 12:05:18 INFO  no build target found for /home/amirali671/Documents/A.Rehman/Shadow/src /main/scala/processor/Top.scala. Using presentation compiler with project's scala-library version: 3.3.8[0m
2026.09.14 12:05:19 INFO  no build target found for /home/amirali671/Documents/A.Rehman/Shadow/src /main/scala/processor/Top.scala. Using presentation compiler with project's scala-library version: 3.3.8[0m
2026.09.14 12:05:19 INFO  no build target found for /home/amirali671/Documents/A.Rehman/Shadow/src /main/scala/processor/Top.scala. Using presentation compiler with project's scala-library version: 3.3.8[0m
2026.09.14 12:05:19 INFO  no build target found for /home/amirali671/Documents/A.Rehman/Shadow/src /main/scala/processor/Top.scala. Using presentation compiler with project's scala-library version: 3.3.8[0m
2026.09.14 12:05:19 INFO  no build target found for /home/amirali671/Documents/A.Rehman/Shadow/src /main/scala/processor/Top.scala. Using presentation compiler with project's scala-library version: 3.3.8[0m
2026.09.14 12:05:20 WARN  no build target for: /home/amirali671/Documents/A.Rehman/Shadow/src /main/scala/processor/Top.scala[0m
2026.09.14 12:05:20 INFO  no build target found for /home/amirali671/Documents/A.Rehman/Shadow/src /main/scala/processor/Top.scala. Using presentation compiler with project's scala-library version: 3.3.8[0m
2026.09.14 12:05:22 INFO  no build target found for /home/amirali671/Documents/A.Rehman/Shadow/src /main/scala/processor/Top.scala. Using presentation compiler with project's scala-library version: 3.3.8[0m
2026.09.14 12:05:22 INFO  no build target found for /home/amirali671/Documents/A.Rehman/Shadow/src /main/scala/processor/Top.scala. Using presentation compiler with project's scala-library version: 3.3.8[0m
2026.09.14 12:05:22 INFO  no build target found for /home/amirali671/Documents/A.Rehman/Shadow/src /main/scala/processor/Top.scala. Using presentation compiler with project's scala-library version: 3.3.8[0m
2026.09.14 12:05:22 INFO  no build target found for /home/amirali671/Documents/A.Rehman/Shadow/src /main/scala/processor/Top.scala. Using presentation compiler with project's scala-library version: 3.3.8[0m
2026.09.14 12:05:22 INFO  no build target found for /home/amirali671/Documents/A.Rehman/Shadow/src /main/scala/processor/Top.scala. Using presentation compiler with project's scala-library version: 3.3.8[0m
2026.09.14 12:05:22 INFO  no build target found for /home/amirali671/Documents/A.Rehman/Shadow/src /main/scala/processor/Top.scala. Using presentation compiler with project's scala-library version: 3.3.8[0m
2026.09.14 12:05:23 INFO  no build target found for /home/amirali671/Documents/A.Rehman/Shadow/src /main/scala/processor/Top.scala. Using presentation compiler with project's scala-library version: 3.3.8[0m
2026.09.14 12:05:23 INFO  no build target found for /home/amirali671/Documents/A.Rehman/Shadow/src /main/scala/processor/Top.scala. Using presentation compiler with project's scala-library version: 3.3.8[0m
2026.09.14 12:05:23 INFO  no build target found for /home/amirali671/Documents/A.Rehman/Shadow/src /main/scala/processor/Top.scala. Using presentation compiler with project's scala-library version: 3.3.8[0m
2026.09.14 12:05:25 INFO  no build target found for /home/amirali671/Documents/A.Rehman/Shadow/src /main/scala/processor/Top.scala. Using presentation compiler with project's scala-library version: 3.3.8[0m
2026.09.14 12:05:25 INFO  no build target found for /home/amirali671/Documents/A.Rehman/Shadow/src /main/scala/processor/Top.scala. Using presentation compiler with project's scala-library version: 3.3.8[0m
2026.09.14 12:05:25 INFO  no build target found for /home/amirali671/Documents/A.Rehman/Shadow/src /main/scala/processor/Top.scala. Using presentation compiler with project's scala-library version: 3.3.8[0m
2026.09.14 12:05:25 INFO  no build target found for /home/amirali671/Documents/A.Rehman/Shadow/src /main/scala/processor/Top.scala. Using presentation compiler with project's scala-library version: 3.3.8[0m
2026.09.14 12:05:26 WARN  no build target for: /home/amirali671/Documents/A.Rehman/Shadow/src /main/scala/processor/Top.scala[0m
2026.09.14 12:05:26 INFO  no build target found for /home/amirali671/Documents/A.Rehman/Shadow/src /main/scala/processor/Top.scala. Using presentation compiler with project's scala-library version: 3.3.8[0m
2026.09.14 12:05:28 INFO  no build target found for /home/amirali671/Documents/A.Rehman/Shadow/src /main/scala/processor/Top.scala. Using presentation compiler with project's scala-library version: 3.3.8[0m
2026.09.14 12:05:28 INFO  no build target found for /home/amirali671/Documents/A.Rehman/Shadow/src /main/scala/processor/Top.scala. Using presentation compiler with project's scala-library version: 3.3.8[0m
2026.09.14 12:05:28 INFO  no build target found for /home/amirali671/Documents/A.Rehman/Shadow/src /main/scala/processor/Top.scala. Using presentation compiler with project's scala-library version: 3.3.8[0m
2026.09.14 12:05:28 INFO  no build target found for /home/amirali671/Documents/A.Rehman/Shadow/src /main/scala/processor/Top.scala. Using presentation compiler with project's scala-library version: 3.3.8[0m
2026.09.14 12:05:28 INFO  no build target found for /home/amirali671/Documents/A.Rehman/Shadow/src /main/scala/processor/Top.scala. Using presentation compiler with project's scala-library version: 3.3.8[0m
2026.09.14 12:05:28 INFO  no build target found for /home/amirali671/Documents/A.Rehman/Shadow/src /main/scala/processor/Top.scala. Using presentation compiler with project's scala-library version: 3.3.8[0m
2026.09.14 12:05:28 INFO  no build target found for /home/amirali671/Documents/A.Rehman/Shadow/src /main/scala/processor/Top.scala. Using presentation compiler with project's scala-library version: 3.3.8[0m
2026.09.14 12:05:28 INFO  no build target found for /home/amirali671/Documents/A.Rehman/Shadow/src /main/scala/processor/Top.scala. Using presentation compiler with project's scala-library version: 3.3.8[0m
2026.09.14 12:05:28 INFO  no build target found for /home/amirali671/Documents/A.Rehman/Shadow/src /main/scala/processor/Top.scala. Using presentation compiler with project's scala-library version: 3.3.8[0m
2026.09.14 12:05:28 INFO  no build target found for /home/amirali671/Documents/A.Rehman/Shadow/src /main/scala/processor/Top.scala. Using presentation compiler with project's scala-library version: 3.3.8[0m
2026.09.14 12:05:30 WARN  no build target for: /home/amirali671/Documents/A.Rehman/Shadow/src /main/scala/processor/Top.scala[0m
2026.09.14 12:05:30 INFO  no build target found for /home/amirali671/Documents/A.Rehman/Shadow/src /main/scala/processor/Top.scala. Using presentation compiler with project's scala-library version: 3.3.8[0m
2026.09.14 12:05:30 INFO  no build target found for /home/amirali671/Documents/A.Rehman/Shadow/src /main/scala/processor/Top.scala. Using presentation compiler with project's scala-library version: 3.3.8[0m
2026.09.14 12:05:30 INFO  no build target found for /home/amirali671/Documents/A.Rehman/Shadow/src /main/scala/processor/Top.scala. Using presentation compiler with project's scala-library version: 3.3.8[0m
2026.09.14 12:05:30 INFO  no build target found for /home/amirali671/Documents/A.Rehman/Shadow/src /main/scala/processor/Top.scala. Using presentation compiler with project's scala-library version: 3.3.8[0m
2026.09.14 12:05:30 INFO  no build target found for /home/amirali671/Documents/A.Rehman/Shadow/src /main/scala/processor/Top.scala. Using presentation compiler with project's scala-library version: 3.3.8[0m
2026.09.14 12:05:30 INFO  no build target found for /home/amirali671/Documents/A.Rehman/Shadow/src /main/scala/processor/Top.scala. Using presentation compiler with project's scala-library version: 3.3.8[0m
2026.09.14 12:05:30 INFO  no build target found for /home/amirali671/Documents/A.Rehman/Shadow/src /main/scala/processor/Top.scala. Using presentation compiler with project's scala-library version: 3.3.8[0m
2026.09.14 12:05:31 INFO  no build target found for /home/amirali671/Documents/A.Rehman/Shadow/src /main/scala/processor/Top.scala. Using presentation compiler with project's scala-library version: 3.3.8[0m
2026.09.14 12:05:31 INFO  no build target found for /home/amirali671/Documents/A.Rehman/Shadow/src /main/scala/processor/Top.scala. Using presentation compiler with project's scala-library version: 3.3.8[0m
2026.09.14 12:05:31 INFO  no build target found for /home/amirali671/Documents/A.Rehman/Shadow/src /main/scala/processor/Top.scala. Using presentation compiler with project's scala-library version: 3.3.8[0m
2026.09.14 12:05:31 INFO  no build target found for /home/amirali671/Documents/A.Rehman/Shadow/src /main/scala/processor/Top.scala. Using presentation compiler with project's scala-library version: 3.3.8[0m
2026.09.14 12:05:33 INFO  no build target found for /home/amirali671/Documents/A.Rehman/Shadow/src /main/scala/processor/Top.scala. Using presentation compiler with project's scala-library version: 3.3.8[0m
2026.09.14 12:05:33 WARN  no build target for: /home/amirali671/Documents/A.Rehman/Shadow/src /main/scala/processor/Top.scala[0m
2026.09.14 12:05:40 INFO  no build target found for /home/amirali671/Documents/A.Rehman/Shadow/src /main/scala/processor/Memory.scala. Using presentation compiler with project's scala-library version: 3.3.8[0m
2026.09.14 12:05:40 INFO  no build target found for /home/amirali671/Documents/A.Rehman/Shadow/src /main/scala/processor/Memory.scala. Using presentation compiler with project's scala-library version: 3.3.8[0m
2026.09.14 12:05:40 INFO  no build target found for /home/amirali671/Documents/A.Rehman/Shadow/src /main/scala/processor/Memory.scala. Using presentation compiler with project's scala-library version: 3.3.8[0m
2026.09.14 12:05:43 INFO  no build target found for /home/amirali671/Documents/A.Rehman/Shadow/src /main/scala/processor/Top.scala. Using presentation compiler with project's scala-library version: 3.3.8[0m
2026.09.14 12:05:43 WARN  no build target for: /home/amirali671/Documents/A.Rehman/Shadow/src /main/scala/processor/Top.scala[0m
2026.09.14 12:05:43 INFO  no build target found for /home/amirali671/Documents/A.Rehman/Shadow/src /main/scala/processor/Top.scala. Using presentation compiler with project's scala-library version: 3.3.8[0m
2026.09.14 12:05:43 INFO  no build target found for /home/amirali671/Documents/A.Rehman/Shadow/src /main/scala/processor/Top.scala. Using presentation compiler with project's scala-library version: 3.3.8[0m
Sep 14, 2026 12:05:44 PM org.eclipse.lsp4j.jsonrpc.RemoteEndpoint handleCancellation
WARNING: Unmatched cancel notification for request id 370
2026.09.14 12:05:43 INFO  no build target found for /home/amirali671/Documents/A.Rehman/Shadow/src /main/scala/processor/Top.scala. Using presentation compiler with project's scala-library version: 3.3.8[0m
2026.09.14 12:05:45 INFO  no build target found for /home/amirali671/Documents/A.Rehman/Shadow/src /main/scala/processor/ALUControl.scala. Using presentation compiler with project's scala-library version: 3.3.8[0m
2026.09.14 12:05:45 WARN  no build target for: /home/amirali671/Documents/A.Rehman/Shadow/src /main/scala/processor/ALUControl.scala[0m
2026.09.14 12:05:45 INFO  no build target found for /home/amirali671/Documents/A.Rehman/Shadow/src /main/scala/processor/ALUControl.scala. Using presentation compiler with project's scala-library version: 3.3.8[0m
2026.09.14 12:05:45 INFO  no build target found for /home/amirali671/Documents/A.Rehman/Shadow/src /main/scala/processor/ALUControl.scala. Using presentation compiler with project's scala-library version: 3.3.8[0m
2026.09.14 12:05:46 INFO  no build target found for /home/amirali671/Documents/A.Rehman/Shadow/src /test/scala/processor/TopTest.scala. Using presentation compiler with project's scala-library version: 3.3.8[0m
2026.09.14 12:05:46 WARN  no build target for: /home/amirali671/Documents/A.Rehman/Shadow/src /test/scala/processor/TopTest.scala[0m
2026.09.14 12:05:46 INFO  no build target found for /home/amirali671/Documents/A.Rehman/Shadow/src /test/scala/processor/TopTest.scala. Using presentation compiler with project's scala-library version: 3.3.8[0m
2026.09.14 12:05:46 INFO  no build target found for /home/amirali671/Documents/A.Rehman/Shadow/src /test/scala/processor/TopTest.scala. Using presentation compiler with project's scala-library version: 3.3.8[0m
2026.09.14 12:05:46 INFO  no build target found for /home/amirali671/Documents/A.Rehman/Shadow/src /test/scala/processor/TopTest.scala. Using presentation compiler with project's scala-library version: 3.3.8[0m
2026.09.14 12:05:48 INFO  no build target found for /home/amirali671/Documents/A.Rehman/Shadow/src /main/scala/processor/Top.scala. Using presentation compiler with project's scala-library version: 3.3.8[0m
2026.09.14 12:05:48 WARN  no build target for: /home/amirali671/Documents/A.Rehman/Shadow/src /main/scala/processor/Top.scala[0m
2026.09.14 12:05:48 INFO  no build target found for /home/amirali671/Documents/A.Rehman/Shadow/src /main/scala/processor/Top.scala. Using presentation compiler with project's scala-library version: 3.3.8[0m
2026.09.14 12:05:48 INFO  no build target found for /home/amirali671/Documents/A.Rehman/Shadow/src /main/scala/processor/Top.scala. Using presentation compiler with project's scala-library version: 3.3.8[0m
2026.09.14 12:05:48 INFO  no build target found for /home/amirali671/Documents/A.Rehman/Shadow/src /main/scala/processor/Top.scala. Using presentation compiler with project's scala-library version: 3.3.8[0m
2026.09.14 12:05:54 INFO  no build target found for /home/amirali671/Documents/A.Rehman/Shadow/src /main/scala/processor/Top.scala. Using presentation compiler with project's scala-library version: 3.3.8[0m
2026.09.14 12:05:54 INFO  no build target found for /home/amirali671/Documents/A.Rehman/Shadow/src /main/scala/processor/Top.scala. Using presentation compiler with project's scala-library version: 3.3.8[0m
2026.09.14 12:05:54 INFO  no build target found for /home/amirali671/Documents/A.Rehman/Shadow/src /main/scala/processor/Top.scala. Using presentation compiler with project's scala-library version: 3.3.8[0m
2026.09.14 12:05:54 INFO  no build target found for /home/amirali671/Documents/A.Rehman/Shadow/src /main/scala/processor/Top.scala. Using presentation compiler with project's scala-library version: 3.3.8[0m
2026.09.14 12:05:54 INFO  no build target found for /home/amirali671/Documents/A.Rehman/Shadow/src /main/scala/processor/Top.scala. Using presentation compiler with project's scala-library version: 3.3.8[0m
2026.09.14 12:05:54 INFO  no build target found for /home/amirali671/Documents/A.Rehman/Shadow/src /main/scala/processor/Top.scala. Using presentation compiler with project's scala-library version: 3.3.8[0m
2026.09.14 12:05:54 INFO  no build target found for /home/amirali671/Documents/A.Rehman/Shadow/src /main/scala/processor/Top.scala. Using presentation compiler with project's scala-library version: 3.3.8[0m
2026.09.14 12:05:55 WARN  no build target for: /home/amirali671/Documents/A.Rehman/Shadow/src /main/scala/processor/Top.scala[0m
2026.09.14 12:05:55 INFO  no build target found for /home/amirali671/Documents/A.Rehman/Shadow/src /main/scala/processor/Top.scala. Using presentation compiler with project's scala-library version: 3.3.8[0m
2026.09.14 12:05:55 WARN  no build target for: /home/amirali671/Documents/A.Rehman/Shadow/src /main/scala/processor/Top.scala[0m
2026.09.14 12:05:56 WARN  no build target for: /home/amirali671/Documents/A.Rehman/Shadow/src /main/scala/processor/Top.scala[0m
2026.09.14 12:05:56 WARN  no build target for: /home/amirali671/Documents/A.Rehman/Shadow/src /main/scala/processor/Top.scala[0m
2026.09.14 12:05:56 WARN  no build target for: /home/amirali671/Documents/A.Rehman/Shadow/src /main/scala/processor/Top.scala[0m
2026.09.14 12:06:01 INFO  no build target found for /home/amirali671/Documents/A.Rehman/Shadow/src /main/scala/processor/Top.scala. Using presentation compiler with project's scala-library version: 3.3.8[0m
2026.09.14 12:06:01 INFO  no build target found for /home/amirali671/Documents/A.Rehman/Shadow/src /main/scala/processor/Top.scala. Using presentation compiler with project's scala-library version: 3.3.8[0m
2026.09.14 12:06:01 INFO  no build target found for /home/amirali671/Documents/A.Rehman/Shadow/src /main/scala/processor/Top.scala. Using presentation compiler with project's scala-library version: 3.3.8[0m
2026.09.14 12:06:01 INFO  no build target found for /home/amirali671/Documents/A.Rehman/Shadow/src /main/scala/processor/Top.scala. Using presentation compiler with project's scala-library version: 3.3.8[0m
2026.09.14 12:06:01 INFO  no build target found for /home/amirali671/Documents/A.Rehman/Shadow/src /main/scala/processor/Top.scala. Using presentation compiler with project's scala-library version: 3.3.8[0m
2026.09.14 12:06:02 INFO  no build target found for /home/amirali671/Documents/A.Rehman/Shadow/src /main/scala/processor/Top.scala. Using presentation compiler with project's scala-library version: 3.3.8[0m
2026.09.14 12:06:02 INFO  no build target found for /home/amirali671/Documents/A.Rehman/Shadow/src /main/scala/processor/Top.scala. Using presentation compiler with project's scala-library version: 3.3.8[0m
2026.09.14 12:06:02 INFO  no build target found for /home/amirali671/Documents/A.Rehman/Shadow/src /main/scala/processor/Top.scala. Using presentation compiler with project's scala-library version: 3.3.8[0m
2026.09.14 12:06:02 INFO  no build target found for /home/amirali671/Documents/A.Rehman/Shadow/src /main/scala/processor/Top.scala. Using presentation compiler with project's scala-library version: 3.3.8[0m
2026.09.14 12:06:02 INFO  no build target found for /home/amirali671/Documents/A.Rehman/Shadow/src /main/scala/processor/Top.scala. Using presentation compiler with project's scala-library version: 3.3.8[0m
2026.09.14 12:06:02 INFO  no build target found for /home/amirali671/Documents/A.Rehman/Shadow/src /main/scala/processor/Top.scala. Using presentation compiler with project's scala-library version: 3.3.8[0m
2026.09.14 12:06:02 INFO  no build target found for /home/amirali671/Documents/A.Rehman/Shadow/src /main/scala/processor/Top.scala. Using presentation compiler with project's scala-library version: 3.3.8[0m
2026.09.14 12:06:02 INFO  no build target found for /home/amirali671/Documents/A.Rehman/Shadow/src /main/scala/processor/Top.scala. Using presentation compiler with project's scala-library version: 3.3.8[0m
2026.09.14 12:06:03 INFO  no build target found for /home/amirali671/Documents/A.Rehman/Shadow/src /main/scala/processor/Top.scala. Using presentation compiler with project's scala-library version: 3.3.8[0m
2026.09.14 12:06:03 INFO  no build target found for /home/amirali671/Documents/A.Rehman/Shadow/src /main/scala/processor/Top.scala. Using presentation compiler with project's scala-library version: 3.3.8[0m
2026.09.14 12:06:03 INFO  no build target found for /home/amirali671/Documents/A.Rehman/Shadow/src /main/scala/processor/Top.scala. Using presentation compiler with project's scala-library version: 3.3.8[0m
2026.09.14 12:06:03 INFO  no build target found for /home/amirali671/Documents/A.Rehman/Shadow/src /main/scala/processor/Top.scala. Using presentation compiler with project's scala-library version: 3.3.8[0m
2026.09.14 12:06:04 WARN  no build target for: /home/amirali671/Documents/A.Rehman/Shadow/src /main/scala/processor/Top.scala[0m
2026.09.14 12:06:04 INFO  no build target found for /home/amirali671/Documents/A.Rehman/Shadow/src /main/scala/processor/Top.scala. Using presentation compiler with project's scala-library version: 3.3.8[0m
2026.09.14 12:06:04 INFO  no build target found for /home/amirali671/Documents/A.Rehman/Shadow/src /main/scala/processor/Top.scala. Using presentation compiler with project's scala-library version: 3.3.8[0m
2026.09.14 12:06:04 WARN  no build target for: /home/amirali671/Documents/A.Rehman/Shadow/src /main/scala/processor/Top.scala[0m
2026.09.14 12:06:04 WARN  no build target for: /home/amirali671/Documents/A.Rehman/Shadow/src /main/scala/processor/Top.scala[0m
2026.09.14 12:06:16 INFO  no build target found for /home/amirali671/Documents/A.Rehman/Shadow/src /test/scala/processor/TopTest.scala. Using presentation compiler with project's scala-library version: 3.3.8[0m
2026.09.14 12:06:16 WARN  no build target for: /home/amirali671/Documents/A.Rehman/Shadow/src /test/scala/processor/TopTest.scala[0m
2026.09.14 12:06:16 INFO  no build target found for /home/amirali671/Documents/A.Rehman/Shadow/src /test/scala/processor/TopTest.scala. Using presentation compiler with project's scala-library version: 3.3.8[0m
2026.09.14 12:06:16 INFO  no build target found for /home/amirali671/Documents/A.Rehman/Shadow/src /test/scala/processor/TopTest.scala. Using presentation compiler with project's scala-library version: 3.3.8[0m
2026.09.14 12:06:20 INFO  no build target found for /home/amirali671/Documents/A.Rehman/Shadow/src /test/scala/processor/TopTest.scala. Using presentation compiler with project's scala-library version: 3.3.8[0m
2026.09.14 12:06:20 INFO  no build target found for /home/amirali671/Documents/A.Rehman/Shadow/src /test/scala/processor/TopTest.scala. Using presentation compiler with project's scala-library version: 3.3.8[0m
2026.09.14 12:06:20 WARN  no build target for: /home/amirali671/Documents/A.Rehman/Shadow/src /test/scala/processor/TopTest.scala[0m
2026.09.14 12:06:21 WARN  no build target for: /home/amirali671/Documents/A.Rehman/Shadow/src /test/scala/processor/TopTest.scala[0m
2026.09.14 12:06:21 WARN  no build target for: /home/amirali671/Documents/A.Rehman/Shadow/src /test/scala/processor/TopTest.scala[0m
2026.09.14 12:06:25 INFO  no build target found for /home/amirali671/Documents/A.Rehman/Shadow/src /test/scala/processor/TopTest.scala. Using presentation compiler with project's scala-library version: 3.3.8[0m
2026.09.14 12:06:25 INFO  no build target found for /home/amirali671/Documents/A.Rehman/Shadow/src /test/scala/processor/TopTest.scala. Using presentation compiler with project's scala-library version: 3.3.8[0m
2026.09.14 12:06:33 INFO  no build target found for /home/amirali671/Documents/A.Rehman/Shadow/src /test/scala/processor/TopTest.scala. Using presentation compiler with project's scala-library version: 3.3.8[0m
2026.09.14 12:07:20 INFO  no build target found for /home/amirali671/Documents/A.Rehman/Shadow/src /test/scala/processor/TopTest.scala. Using presentation compiler with project's scala-library version: 3.3.8[0m
2026.09.14 12:07:20 INFO  no build target found for /home/amirali671/Documents/A.Rehman/Shadow/src /main/scala/processor/Top.scala. Using presentation compiler with project's scala-library version: 3.3.8[0m
2026.09.14 12:07:20 WARN  no build target for: /home/amirali671/Documents/A.Rehman/Shadow/src /main/scala/processor/Top.scala[0m
2026.09.14 12:07:20 INFO  no build target found for /home/amirali671/Documents/A.Rehman/Shadow/src /main/scala/processor/Top.scala. Using presentation compiler with project's scala-library version: 3.3.8[0m
2026.09.14 12:07:20 INFO  no build target found for /home/amirali671/Documents/A.Rehman/Shadow/src /main/scala/processor/Top.scala. Using presentation compiler with project's scala-library version: 3.3.8[0m
2026.09.14 12:07:40 INFO  no build target found for /home/amirali671/Documents/A.Rehman/Shadow/src /main/scala/processor/ALUControl.scala. Using presentation compiler with project's scala-library version: 3.3.8[0m
2026.09.14 12:07:40 INFO  no build target found for /home/amirali671/Documents/A.Rehman/Shadow/src /main/scala/processor/Top.scala. Using presentation compiler with project's scala-library version: 3.3.8[0m
2026.09.14 12:07:40 INFO  no build target found for /home/amirali671/Documents/A.Rehman/Shadow/src /main/scala/processor/Memory.scala. Using presentation compiler with project's scala-library version: 3.3.8[0m
2026.09.14 12:07:40 INFO  no build target found for /home/amirali671/Documents/A.Rehman/Shadow/src copy/main/scala/processor/Top.scala. Using presentation compiler with project's scala-library version: 3.3.8[0m
2026.09.14 12:07:40 INFO  no build target found for /home/amirali671/Documents/A.Rehman/Shadow/src copy/main/scala/processor/Top.scala. Using presentation compiler with project's scala-library version: 3.3.8[0m
2026.09.14 12:07:40 INFO  no build target found for /home/amirali671/Documents/A.Rehman/Shadow/src copy/main/scala/processor/Top.scala. Using presentation compiler with project's scala-library version: 3.3.8[0m
2026.09.14 12:09:42 INFO  Shutting down server[0m
2026.09.14 12:09:42 INFO  Memory monitor stopped[0m
2026.09.14 12:09:42 INFO  shutting down Metals[0m
2026.09.14 12:09:42 ERROR Unexpected error initializing server: 
org.eclipse.lsp4j.jsonrpc.ResponseErrorException: Request window/showMessageRequest failed with message: Canceled
	at org.eclipse.lsp4j.jsonrpc.RemoteEndpoint.handleResponse(RemoteEndpoint.java:214)
	at org.eclipse.lsp4j.jsonrpc.RemoteEndpoint.consume(RemoteEndpoint.java:198)
	at org.eclipse.lsp4j.jsonrpc.json.StreamMessageProducer.handleMessage(StreamMessageProducer.java:189)
	at org.eclipse.lsp4j.jsonrpc.json.StreamMessageProducer.listen(StreamMessageProducer.java:97)
	at org.eclipse.lsp4j.jsonrpc.json.ConcurrentMessageProcessor.run(ConcurrentMessageProcessor.java:97)
	at java.util.concurrent.Executors$RunnableAdapter.call(Executors.java:539)
	at java.util.concurrent.FutureTask.run(FutureTask.java:264)
	at java.util.concurrent.ThreadPoolExecutor.runWorker(ThreadPoolExecutor.java:1136)
	at java.util.concurrent.ThreadPoolExecutor$Worker.run(ThreadPoolExecutor.java:635)
	at java.lang.Thread.run(Thread.java:840)
[0m
2026.09.14 12:10:05 INFO  Started: Metals version 1.6.8 in folders '/home/amirali671/Documents/A.Rehman/Shadow' for client Visual Studio Code 1.137.0.[0m
2026.09.14 12:10:05 INFO  Memory monitor started[0m
2026.09.14 12:10:06 WARN  Using H2 2.4.240 which is newer than the version Flyway has been verified with. The latest verified version of H2 is 2.3.232.[0m
2026.09.14 12:10:06 INFO  no build target found for /home/amirali671/Documents/A.Rehman/Shadow/src copy/main/scala/processor/Top.scala. Using presentation compiler with project's scala-library version: 3.3.8[0m
Sep 14, 2026 12:10:09 PM org.eclipse.lsp4j.jsonrpc.RemoteEndpoint handleCancellation
WARNING: Unmatched cancel notification for request id 1
Sep 14, 2026 12:10:09 PM org.eclipse.lsp4j.jsonrpc.services.GenericEndpoint notify
INFO: Unsupported notification method: $/setTrace
Sep 14, 2026 12:10:09 PM org.eclipse.lsp4j.jsonrpc.services.GenericEndpoint notify
INFO: Unsupported notification method: $/setTrace
2026.09.14 12:10:09 INFO  no build target found for /home/amirali671/Documents/A.Rehman/Shadow/src copy/main/scala/processor/Top.scala. Using presentation compiler with project's scala-library version: 3.3.8[0m
Sep 14, 2026 12:10:09 PM org.eclipse.lsp4j.jsonrpc.RemoteEndpoint handleCancellation
WARNING: Unmatched cancel notification for request id 5
2026.09.14 12:10:09 INFO  no build target found for /home/amirali671/Documents/A.Rehman/Shadow/src copy/main/scala/processor/Top.scala. Using presentation compiler with project's scala-library version: 3.3.8[0m
Sep 14, 2026 12:10:10 PM org.eclipse.lsp4j.jsonrpc.services.GenericEndpoint notify
INFO: Unsupported notification method: $/setTrace
Sep 14, 2026 12:10:10 PM org.eclipse.lsp4j.jsonrpc.RemoteEndpoint handleCancellation
WARNING: Unmatched cancel notification for request id 7
2026.09.14 12:10:10 INFO  no build target found for /home/amirali671/Documents/A.Rehman/Shadow/src copy/main/scala/processor/Top.scala. Using presentation compiler with project's scala-library version: 3.3.8[0m
Sep 14, 2026 12:10:10 PM org.eclipse.lsp4j.jsonrpc.services.GenericEndpoint notify
INFO: Unsupported notification method: $/setTrace
2026.09.14 12:10:10 INFO  no build target found for /home/amirali671/Documents/A.Rehman/Shadow/src copy/main/scala/processor/Top.scala. Using presentation compiler with project's scala-library version: 3.3.8[0m
Sep 14, 2026 12:10:11 PM org.eclipse.lsp4j.jsonrpc.RemoteEndpoint handleCancellation
WARNING: Unmatched cancel notification for request id 9
Sep 14, 2026 12:10:11 PM org.eclipse.lsp4j.jsonrpc.RemoteEndpoint handleCancellation
WARNING: Unmatched cancel notification for request id 2
Sep 14, 2026 12:10:11 PM org.eclipse.lsp4j.jsonrpc.RemoteEndpoint handleCancellation
WARNING: Unmatched cancel notification for request id 11
2026.09.14 12:10:10 INFO  no build target found for /home/amirali671/Documents/A.Rehman/Shadow/src copy/main/scala/processor/Top.scala. Using presentation compiler with project's scala-library version: 3.3.8[0m
Sep 14, 2026 12:10:11 PM org.eclipse.lsp4j.jsonrpc.RemoteEndpoint handleCancellation
WARNING: Unmatched cancel notification for request id 12
Sep 14, 2026 12:10:11 PM org.eclipse.lsp4j.jsonrpc.RemoteEndpoint handleCancellation
WARNING: Unmatched cancel notification for request id 15
2026.09.14 12:10:13 WARN  no build target for: /home/amirali671/Documents/A.Rehman/Shadow/src copy/main/scala/processor/Top.scala[0m
2026.09.14 12:10:13 INFO  running '/usr/bin/sbt -Dbloop.export-jar-classifiers=sources -Dbloop.export-meta-build=true bloopInstall'[0m
2026.09.14 12:10:13 INFO  no build target found for /home/amirali671/Documents/A.Rehman/Shadow/src copy/main/scala/processor/Top.scala. Using presentation compiler with project's scala-library version: 3.3.8[0m
2026.09.14 12:10:13 INFO  no build target found for /home/amirali671/Documents/A.Rehman/Shadow/src copy/main/scala/processor/Top.scala. Using presentation compiler with project's scala-library version: 3.3.8[0m
2026.09.14 12:10:13 INFO  no build target found for /home/amirali671/Documents/A.Rehman/Shadow/src copy/main/scala/processor/Top.scala. Using presentation compiler with project's scala-library version: 3.3.8[0m
2026.09.14 12:10:14 INFO  [info] build source files have changed[0m
2026.09.14 12:10:14 INFO  [info] new files: [0m
2026.09.14 12:10:14 INFO  [info]   /home/amirali671/Documents/A.Rehman/Shadow/project/metals.sbt[0m
2026.09.14 12:10:14 INFO  [info] Reloading sbt...[0m
2026.09.14 12:10:14 INFO  [info] welcome to sbt 2.0.8 (Ubuntu Java 17.0.20)[0m
2026.09.14 12:10:14 WARN  no build target for: /home/amirali671/Documents/A.Rehman/Shadow/project/metals.sbt[0m
2026.09.14 12:10:14 INFO  no build target found for /home/amirali671/Documents/A.Rehman/Shadow/src copy/main/scala/processor/Top.scala. Using presentation compiler with project's scala-library version: 3.3.8[0m
2026.09.14 12:10:14 INFO  no build target found for /home/amirali671/Documents/A.Rehman/Shadow/project/metals.sbt. Using presentation compiler with project's scala-library version: 3.3.8[0m
2026.09.14 12:10:17 INFO  no build target found for /home/amirali671/Documents/A.Rehman/Shadow/src copy/main/scala/processor/Top.scala. Using presentation compiler with project's scala-library version: 3.3.8[0m
2026.09.14 12:10:19 INFO  [info] loading project definition from /home/amirali671/Documents/A.Rehman/Shadow/project/project[0m
2026.09.14 12:10:19 ERROR Downloading https://repo1.maven.org/maven2/ch/epfl/scala/sbt-bloop_sbt2_3/2.1.1/sbt-bloop_sbt2_3-2.1.1.pom[0m
2026.09.14 12:10:21 ERROR Downloaded https://repo1.maven.org/maven2/ch/epfl/scala/sbt-bloop_sbt2_3/2.1.1/sbt-bloop_sbt2_3-2.1.1.pom[0m
2026.09.14 12:10:21 ERROR Downloading https://repo1.maven.org/maven2/ch/epfl/scala/bloop-config_3/2.3.3/bloop-config_3-2.3.3.pom[0m
2026.09.14 12:10:21 ERROR Downloaded https://repo1.maven.org/maven2/ch/epfl/scala/bloop-config_3/2.3.3/bloop-config_3-2.3.3.pom[0m
2026.09.14 12:10:21 ERROR Downloading https://repo1.maven.org/maven2/com/github/plokhotnyuk/jsoniter-scala/jsoniter-scala-core_3/2.13.5.2/jsoniter-scala-core_3-2.13.5.2.pom[0m
2026.09.14 12:10:21 ERROR Downloading https://repo1.maven.org/maven2/com/lihaoyi/unroll-annotation_3/0.1.12/unroll-annotation_3-0.1.12.pom[0m
2026.09.14 12:10:21 ERROR Downloaded https://repo1.maven.org/maven2/com/github/plokhotnyuk/jsoniter-scala/jsoniter-scala-core_3/2.13.5.2/jsoniter-scala-core_3-2.13.5.2.pom[0m
2026.09.14 12:10:21 ERROR Downloaded https://repo1.maven.org/maven2/com/lihaoyi/unroll-annotation_3/0.1.12/unroll-annotation_3-0.1.12.pom[0m
2026.09.14 12:10:22 ERROR Downloading https://repo1.maven.org/maven2/com/lihaoyi/unroll-annotation_3/0.1.12/unroll-annotation_3-0.1.12.jar[0m
2026.09.14 12:10:22 ERROR Downloading https://repo1.maven.org/maven2/ch/epfl/scala/sbt-bloop_sbt2_3/2.1.1/sbt-bloop_sbt2_3-2.1.1.jar[0m
2026.09.14 12:10:22 ERROR Downloading https://repo1.maven.org/maven2/com/github/plokhotnyuk/jsoniter-scala/jsoniter-scala-core_3/2.13.5.2/jsoniter-scala-core_3-2.13.5.2.jar[0m
2026.09.14 12:10:22 ERROR Downloading https://repo1.maven.org/maven2/ch/epfl/scala/bloop-config_3/2.3.3/bloop-config_3-2.3.3.jar[0m
2026.09.14 12:10:22 ERROR Downloaded https://repo1.maven.org/maven2/com/lihaoyi/unroll-annotation_3/0.1.12/unroll-annotation_3-0.1.12.jar[0m
2026.09.14 12:10:22 ERROR Downloaded https://repo1.maven.org/maven2/com/github/plokhotnyuk/jsoniter-scala/jsoniter-scala-core_3/2.13.5.2/jsoniter-scala-core_3-2.13.5.2.jar[0m
2026.09.14 12:10:22 ERROR Downloaded https://repo1.maven.org/maven2/ch/epfl/scala/sbt-bloop_sbt2_3/2.1.1/sbt-bloop_sbt2_3-2.1.1.jar[0m
2026.09.14 12:10:22 ERROR Downloaded https://repo1.maven.org/maven2/ch/epfl/scala/bloop-config_3/2.3.3/bloop-config_3-2.3.3.jar[0m
2026.09.14 12:10:26 INFO  [info] loading project definition from /home/amirali671/Documents/A.Rehman/Shadow/project[0m
2026.09.14 12:10:30 ERROR -- Warning: /home/amirali671/Documents/A.Rehman/Shadow/build.sbt:17:69 ---------[0m
2026.09.14 12:10:30 ERROR 17 |    addCompilerPlugin("edu.berkeley.cs" % "chisel3-plugin" % "3.4.3" cross CrossVersion.full),[0m
2026.09.14 12:10:30 ERROR    |                                                                     ^^^^^[0m
2026.09.14 12:10:30 ERROR    |Alphanumeric method cross is not declared infix; it should not be used as infix operator.[0m
2026.09.14 12:10:30 ERROR    |Instead, use method syntax .cross(...) or backticked identifier `cross`.[0m
2026.09.14 12:10:30 ERROR    |The latter can be rewritten automatically under -rewrite -source 3.4-migration.[0m
2026.09.14 12:10:30 ERROR -- Warning: /home/amirali671/Documents/A.Rehman/Shadow/build.sbt:18:63 ---------[0m
2026.09.14 12:10:30 ERROR 18 |    addCompilerPlugin("org.scalamacros" % "paradise" % "2.1.1" cross CrossVersion.full)[0m
2026.09.14 12:10:30 ERROR    |                                                               ^^^^^[0m
2026.09.14 12:10:30 ERROR    |Alphanumeric method cross is not declared infix; it should not be used as infix operator.[0m
2026.09.14 12:10:30 ERROR    |Instead, use method syntax .cross(...) or backticked identifier `cross`.[0m
2026.09.14 12:10:30 ERROR    |The latter can be rewritten automatically under -rewrite -source 3.4-migration.[0m
2026.09.14 12:10:36 INFO  [info] set current project to Scala-Chisel-Learning-Journey (in build file:/home/amirali671/Documents/A.Rehman/Shadow/)[0m
2026.09.14 12:10:36 INFO  [success] elapsed time: 23 s[0m
2026.09.14 12:10:36 INFO  [0m
2026.09.14 12:10:36 INFO  time: ran 'sbt bloopInstall' in 23s[0m
2026.09.14 12:10:36 INFO  Attempting to connect to the build server...[0m
2026.09.14 12:10:36 INFO  Found a Bloop server running[0m
2026.09.14 12:10:36 INFO  Tracing is disabled for protocol BSP. To enable tracing of incoming and outgoing JSON messages, create an empty file at /home/amirali671/Documents/A.Rehman/Shadow/.metals/bsp.trace.json or /home/amirali671/.cache/metals/bsp.trace.json[0m
2026.09.14 12:10:38 INFO  Attempting to connect to the build server...[0m
2026.09.14 12:10:38 INFO  Found a Bloop server running[0m
2026.09.14 12:10:38 INFO  Tracing is disabled for protocol BSP. To enable tracing of incoming and outgoing JSON messages, create an empty file at /home/amirali671/Documents/A.Rehman/Shadow/project/.metals/bsp.trace.json or /home/amirali671/.cache/metals/bsp.trace.json[0m
2026.09.14 12:10:38 INFO  time: Connected to build server in 1.79s[0m
2026.09.14 12:10:38 INFO  Connected to Build server: Bloop v2.1.1[0m
2026.09.14 12:10:38 INFO  Created report: Optional.empty[0m
2026.09.14 12:10:38 INFO  Empty build targets. Expected at least one build target identifier. (full report at: "/home/amirali671/Documents/A.Rehman/Shadow/.metals/.reports/bloop/2026-09-14/r_Empty build targets...._12-10-38-742.md")[0m
2026.09.14 12:10:38 INFO  Empty build targets. Expected at least one build target identifier. (full report at: "/home/amirali671/Documents/A.Rehman/Shadow/.metals/.reports/bloop/2026-09-14/r_Empty build targets...._12-10-38-742.md")[0m
2026.09.14 12:10:38 INFO  Empty build targets. Expected at least one build target identifier. (full report at: "/home/amirali671/Documents/A.Rehman/Shadow/.metals/.reports/bloop/2026-09-14/r_Empty build targets...._12-10-38-742.md")[0m
2026.09.14 12:10:38 INFO  Empty build targets. Expected at least one build target identifier. (full report at: "/home/amirali671/Documents/A.Rehman/Shadow/.metals/.reports/bloop/2026-09-14/r_Empty build targets...._12-10-38-742.md")[0m
2026.09.14 12:10:38 INFO  Empty build targets. Expected at least one build target identifier. (full report at: "/home/amirali671/Documents/A.Rehman/Shadow/.metals/.reports/bloop/2026-09-14/r_Empty build targets...._12-10-38-742.md")[0m
2026.09.14 12:10:38 INFO  time: Imported build in 0.14s[0m
2026.09.14 12:10:38 WARN  2.12.13 is no longer supported in the current Metals versions, using the last known supported version 1.3.3[0m
2026.09.14 12:10:41 INFO  no build target found for /home/amirali671/Documents/A.Rehman/Shadow/src copy/main/scala/processor/Top.scala. Using presentation compiler with project's scala-library version: 2.12.21[0m
2026.09.14 12:10:42 WARN  Could not find java sources in /usr/lib/jvm/src.zip, /usr/lib/jvm/lib/src.zip, /usr/lib/jvm/java-17-openjdk-amd64/src.zip, /usr/lib/jvm/java-17-openjdk-amd64/lib/src.zip. Java symbols will not be available.[0m
2026.09.14 12:10:48 INFO  time: indexed workspace in 9.99s[0m
2026.09.14 12:10:48 WARN  no build target for: /home/amirali671/Documents/A.Rehman/Shadow/src copy/main/scala/processor/Top.scala[0m
2026.09.14 12:10:48 INFO  no build target found for /home/amirali671/Documents/A.Rehman/Shadow/src copy/main/scala/processor/Top.scala. Using presentation compiler with project's scala-library version: 2.12.21[0m
2026.09.14 12:10:48 WARN  no build target for: /home/amirali671/Documents/A.Rehman/Shadow/src copy/main/scala/processor/Top.scala[0m
2026.09.14 12:10:49 WARN  no build target for: /home/amirali671/Documents/A.Rehman/Shadow/src copy/test/scala/TopTest.scala[0m
2026.09.14 12:10:49 INFO  no build target found for /home/amirali671/Documents/A.Rehman/Shadow/src copy/test/scala/TopTest.scala. Using presentation compiler with project's scala-library version: 2.12.21[0m
2026.09.14 12:10:49 INFO  no build target found for /home/amirali671/Documents/A.Rehman/Shadow/src copy/test/scala/TopTest.scala. Using presentation compiler with project's scala-library version: 2.12.21[0m
2026.09.14 12:10:51 INFO  no build target found for /home/amirali671/Documents/A.Rehman/Shadow/src copy/test/scala/TopTest.scala. Using presentation compiler with project's scala-library version: 2.12.21[0m
2026.09.14 12:10:52 INFO  time: code lens generation in 3.36s[0m
2026.09.14 12:10:52 INFO  time: code lens generation in 3.36s[0m
2026.09.14 12:10:52 INFO  time: code lens generation in 3.35s[0m
2026.09.14 12:10:58 INFO  no build target found for /home/amirali671/Documents/A.Rehman/Shadow/src copy/test/scala/TopTest.scala. Using presentation compiler with project's scala-library version: 2.12.21[0m
2026.09.14 12:10:58 INFO  no build target found for /home/amirali671/Documents/A.Rehman/Shadow/src copy/test/scala/processor/TopTest.scala. Using presentation compiler with project's scala-library version: 2.12.21[0m
2026.09.14 12:10:58 INFO  no build target found for /home/amirali671/Documents/A.Rehman/Shadow/src copy/test/scala/processor/TopTest.scala. Using presentation compiler with project's scala-library version: 2.12.21[0m
2026.09.14 12:10:58 WARN  no build target for: /home/amirali671/Documents/A.Rehman/Shadow/src copy/test/scala/processor/TopTest.scala[0m
2026.09.14 12:10:58 INFO  no build target found for /home/amirali671/Documents/A.Rehman/Shadow/src copy/test/scala/processor/TopTest.scala. Using presentation compiler with project's scala-library version: 2.12.21[0m
2026.09.14 12:11:00 INFO  no build target found for /home/amirali671/Documents/A.Rehman/Shadow/src copy/test/scala/processor/TopTest.scala. Using presentation compiler with project's scala-library version: 2.12.21[0m
2026.09.14 12:11:01 INFO  no build target found for /home/amirali671/Documents/A.Rehman/Shadow/src copy/main/scala/processor/Top.scala. Using presentation compiler with project's scala-library version: 2.12.21[0m
2026.09.14 12:11:01 WARN  no build target for: /home/amirali671/Documents/A.Rehman/Shadow/src copy/main/scala/processor/Top.scala[0m
2026.09.14 12:11:01 INFO  no build target found for /home/amirali671/Documents/A.Rehman/Shadow/src copy/main/scala/processor/Top.scala. Using presentation compiler with project's scala-library version: 2.12.21[0m
2026.09.14 12:11:01 INFO  no build target found for /home/amirali671/Documents/A.Rehman/Shadow/src copy/main/scala/processor/Top.scala. Using presentation compiler with project's scala-library version: 2.12.21[0m
2026.09.14 12:11:01 INFO  no build target found for /home/amirali671/Documents/A.Rehman/Shadow/src copy/main/scala/processor/Top.scala. Using presentation compiler with project's scala-library version: 2.12.21[0m
2026.09.14 12:11:05 WARN  no build target for: /home/amirali671/Documents/A.Rehman/Shadow/src copy/main/scala/processor/Top.scala[0m
2026.09.14 12:11:39 INFO  no build target found for /home/amirali671/Documents/A.Rehman/Shadow/src copy/test/scala/processor/TopTest.scala. Using presentation compiler with project's scala-library version: 2.12.21[0m
2026.09.14 12:11:39 WARN  no build target for: /home/amirali671/Documents/A.Rehman/Shadow/src copy/test/scala/processor/TopTest.scala[0m
2026.09.14 12:11:39 INFO  no build target found for /home/amirali671/Documents/A.Rehman/Shadow/src copy/test/scala/processor/TopTest.scala. Using presentation compiler with project's scala-library version: 2.12.21[0m
2026.09.14 12:11:39 INFO  no build target found for /home/amirali671/Documents/A.Rehman/Shadow/src copy/test/scala/processor/TopTest.scala. Using presentation compiler with project's scala-library version: 2.12.21[0m
2026.09.14 12:12:05 INFO  no build target found for /home/amirali671/Documents/A.Rehman/Shadow/src copy/test/scala/processor/PCTest.scala. Using presentation compiler with project's scala-library version: 2.12.21[0m
2026.09.14 12:12:05 INFO  no build target found for /home/amirali671/Documents/A.Rehman/Shadow/src copy/test/scala/processor/PCTest.scala. Using presentation compiler with project's scala-library version: 2.12.21[0m
2026.09.14 12:12:05 WARN  no build target for: /home/amirali671/Documents/A.Rehman/Shadow/src copy/test/scala/processor/PCTest.scala[0m
2026.09.14 12:12:05 INFO  no build target found for /home/amirali671/Documents/A.Rehman/Shadow/src copy/test/scala/processor/PCTest.scala. Using presentation compiler with project's scala-library version: 2.12.21[0m
2026.09.14 12:12:48 INFO  compiling root (19 scala sources)[0m
2026.09.14 12:12:53 INFO  time: compiled root in 5.09s[0m
2026.09.14 12:12:53 INFO  compiling root (19 scala sources)[0m
2026.09.14 12:12:55 INFO  time: compiled root in 1.84s[0m
2026.09.14 12:13:16 INFO  compiling root (19 scala sources)[0m
2026.09.14 12:13:19 INFO  no build target found for /home/amirali671/Documents/A.Rehman/Shadow/src copy/main/scala/processor/Top.scala. Using presentation compiler with project's scala-library version: 2.12.21[0m
2026.09.14 12:13:23 INFO  no build target found for /home/amirali671/Documents/A.Rehman/Shadow/src copy/test/scala/processor/TopTest.scala. Using presentation compiler with project's scala-library version: 2.12.21[0m
2026.09.14 12:13:23 INFO  no build target found for /home/amirali671/Documents/A.Rehman/Shadow/src copy/test/scala/processor/PCTest.scala. Using presentation compiler with project's scala-library version: 2.12.21[0m
2026.09.14 12:13:24 WARN  no build target for: /home/amirali671/Documents/A.Rehman/Shadow/src copy/test/scala/processor/PCTest.scala[0m
2026.09.14 12:13:24 INFO  no build target found for /home/amirali671/Documents/A.Rehman/Shadow/src copy/test/scala/processor/PCTest.scala. Using presentation compiler with project's scala-library version: 2.12.21[0m
2026.09.14 12:13:24 INFO  no build target found for /home/amirali671/Documents/A.Rehman/Shadow/src copy/test/scala/processor/PCTest.scala. Using presentation compiler with project's scala-library version: 2.12.21[0m
2026.09.14 12:13:29 INFO  time: compiled root in 12s[0m
2026.09.14 12:14:23 INFO  compiling root (1 scala source)[0m
2026.09.14 12:14:23 INFO  time: compiled root in 0.84s[0m
2026.09.14 12:14:28 INFO  compiling root (1 scala source)[0m
2026.09.14 12:14:34 INFO  time: compiled root in 5.37s[0m
2026.09.14 12:14:34 INFO  compiling root (1 scala source)[0m
2026.09.14 12:14:34 WARN  Could not load snapshot text for /home/amirali671/Documents/A.Rehman/Shadow/src/main/scala/processor/Top.scala[0m
2026.09.14 12:14:40 INFO  time: compiled root in 6.58s[0m
2026.09.14 12:33:46 INFO  compiling root (1 scala source)[0m
2026.09.14 12:33:49 INFO  time: compiled root in 2.76s[0m
2026.09.14 12:33:49 INFO  compiling root (1 scala source)[0m
2026.09.14 12:33:49 WARN  Could not load snapshot text for /home/amirali671/Documents/A.Rehman/Shadow/src/main/scala/processor/Top.scala[0m
2026.09.14 12:33:51 INFO  time: compiled root in 2.13s[0m
2026.09.14 12:33:52 INFO  compiling root (1 scala source)[0m
2026.09.14 12:33:52 INFO  time: compiled root in 0.84s[0m
Sep 14, 2026 12:34:01 PM org.eclipse.lsp4j.jsonrpc.RemoteEndpoint handleCancellation
WARNING: Unmatched cancel notification for request id 287
Sep 14, 2026 12:34:02 PM org.eclipse.lsp4j.jsonrpc.RemoteEndpoint handleCancellation
WARNING: Unmatched cancel notification for request id 311
2026.09.14 12:34:06 INFO  compiling root (1 scala source)[0m
2026.09.14 12:34:06 INFO  time: compiled root in 0.46s[0m
2026.09.14 12:34:09 INFO  compiling root (1 scala source)[0m
2026.09.14 12:34:09 INFO  time: compiled root in 0.36s[0m
Sep 14, 2026 12:34:10 PM scala.meta.internal.pc.CompilerAccess retryWithCleanCompiler
INFO: compiler crashed due to an error in the Scala compiler, retrying with new compiler instance.
Sep 14, 2026 12:34:11 PM scala.meta.internal.pc.CompilerAccess retryWithCleanCompiler
INFO: compiler crashed due to an error in the Scala compiler, retrying with new compiler instance.
2026.09.14 12:34:12 INFO  compiling root (1 scala source)[0m
2026.09.14 12:34:12 INFO  time: compiled root in 0.97s[0m
2026.09.14 12:34:13 INFO  compiling root (1 scala source)[0m
2026.09.14 12:34:13 INFO  time: compiled root in 0.51s[0m
2026.09.14 12:34:17 INFO  compiling root (1 scala source)[0m
2026.09.14 12:34:17 INFO  time: compiled root in 0.12s[0m
2026.09.14 12:34:20 INFO  compiling root (1 scala source)[0m
2026.09.14 12:34:22 INFO  time: compiled root in 1.99s[0m
2026.09.14 12:35:41 INFO  compiling root (1 scala source)[0m
2026.09.14 12:35:43 INFO  time: compiled root in 2.45s[0m
2026.09.14 12:36:19 INFO  compiling root (1 scala source)[0m
2026.09.14 12:36:22 INFO  time: compiled root in 2.34s[0m
2026.09.14 12:36:48 INFO  compiling root (1 scala source)[0m
2026.09.14 12:36:48 INFO  time: compiled root in 0.41s[0m
Sep 14, 2026 12:36:50 PM org.eclipse.lsp4j.jsonrpc.RemoteEndpoint handleCancellation
WARNING: Unmatched cancel notification for request id 775
2026.09.14 12:36:51 INFO  compiling root (1 scala source)[0m
2026.09.14 12:36:53 INFO  time: compiled root in 2.52s[0m
2026.09.14 12:37:05 INFO  compiling root (1 scala source)[0m
2026.09.14 12:37:05 INFO  time: compiled root in 0.14s[0m
2026.09.14 12:37:06 INFO  compiling root (1 scala source)[0m
2026.09.14 12:37:08 INFO  time: compiled root in 2.21s[0m
2026.09.14 12:38:19 INFO  compiling root-test (2 scala sources)[0m
2026.09.14 12:38:20 INFO  time: compiled root-test in 1.77s[0m
2026.09.14 12:38:22 INFO  compiling root-test (1 scala source)[0m
2026.09.14 12:38:25 INFO  time: compiled root-test in 2.46s[0m
2026.09.14 12:40:53 INFO  compiling root-test (1 scala source)[0m
2026.09.14 12:40:54 INFO  time: compiled root-test in 1.08s[0m
2026.09.14 12:41:00 INFO  compiling root-test (1 scala source)[0m
2026.09.14 12:41:00 INFO  time: compiled root-test in 0.92s[0m
2026.09.14 12:41:16 INFO  compiling root-test (1 scala source)[0m
2026.09.14 12:41:16 INFO  time: compiled root-test in 0.82s[0m
2026.09.14 12:41:18 INFO  compiling root-test (1 scala source)[0m
2026.09.14 12:41:19 WARN  Could not load snapshot text for /home/amirali671/Documents/A.Rehman/Shadow/src/test/scala/processor/TopTest.scala[0m
2026.09.14 12:41:18 INFO  time: compiled root-test in 0.84s[0m
2026.09.14 12:41:22 INFO  compiling root-test (1 scala source)[0m
2026.09.14 12:41:22 INFO  time: compiled root-test in 0.74s[0m
2026.09.14 12:41:24 INFO  compiling root-test (1 scala source)[0m
2026.09.14 12:41:24 INFO  time: compiled root-test in 0.78s[0m
Sep 14, 2026 12:42:12 PM org.eclipse.lsp4j.jsonrpc.RemoteEndpoint handleCancellation
WARNING: Unmatched cancel notification for request id 1007
2026.09.14 12:42:14 INFO  compiling root-test (1 scala source)[0m
2026.09.14 12:42:15 INFO  time: compiled root-test in 1.21s[0m
2026.09.14 12:47:55 INFO  compiling root (1 scala source)[0m
2026.09.14 12:47:55 INFO  time: compiled root in 0.23s[0m
Sep 14, 2026 12:49:27 PM org.eclipse.lsp4j.jsonrpc.RemoteEndpoint handleCancellation
WARNING: Unmatched cancel notification for request id 1319
2026.09.14 12:50:17 INFO  compiling root (1 scala source)[0m
2026.09.14 12:50:17 INFO  time: compiled root in 0.37s[0m
2026.09.14 12:50:50 INFO  compiling root (1 scala source)[0m
2026.09.14 12:50:52 INFO  time: compiled root in 1.3s[0m
2026.09.14 12:51:30 INFO  compiling root-test (2 scala sources)[0m
2026.09.14 12:51:31 INFO  time: compiled root-test in 1.1s[0m
2026.09.14 12:51:48 INFO  compiling root (1 scala source)[0m
2026.09.14 12:51:48 INFO  time: compiled root in 0.97s[0m
2026.09.14 12:51:54 INFO  compiling root (1 scala source)[0m
2026.09.14 12:51:54 INFO  time: compiled root in 0.18s[0m
2026.09.14 12:51:57 INFO  compiling root (1 scala source)[0m
2026.09.14 12:51:57 INFO  time: compiled root in 0.93s[0m
Sep 14, 2026 12:52:50 PM org.eclipse.lsp4j.jsonrpc.RemoteEndpoint handleCancellation
WARNING: Unmatched cancel notification for request id 1671
2026.09.14 12:52:53 INFO  compiling root (1 scala source)[0m
2026.09.14 12:52:53 INFO  time: compiled root in 0.94s[0m
2026.09.14 12:53:03 INFO  compiling root (1 scala source)[0m
2026.09.14 12:53:03 INFO  time: compiled root in 0.8s[0m
2026.09.14 12:53:06 INFO  compiling root (1 scala source)[0m
2026.09.14 12:53:06 INFO  time: compiled root in 0.82s[0m
2026.09.14 12:53:08 INFO  compiling root (1 scala source)[0m
2026.09.14 12:53:08 INFO  time: compiled root in 0.95s[0m
2026.09.14 12:53:16 INFO  compiling root (1 scala source)[0m
2026.09.14 12:53:16 INFO  time: compiled root in 0.2s[0m
2026.09.14 12:53:20 INFO  compiling root (1 scala source)[0m
2026.09.14 12:53:21 INFO  time: compiled root in 1.08s[0m
2026.09.14 12:56:48 INFO  compiling root (1 scala source)[0m
2026.09.14 12:56:49 INFO  time: compiled root in 1.05s[0m
2026.09.14 12:58:09 INFO  compiling root-test (2 scala sources)[0m
2026.09.14 12:58:10 INFO  time: compiled root-test in 1.34s[0m
2026.09.14 12:59:07 INFO  compiling root-test (1 scala source)[0m
2026.09.14 12:59:09 INFO  time: compiled root-test in 1.25s[0m
2026.09.14 12:59:46 INFO  compiling root-test (1 scala source)[0m
2026.09.14 12:59:48 INFO  time: compiled root-test in 1.21s[0m
2026.09.14 13:00:45 INFO  compiling root-test (1 scala source)[0m
2026.09.14 13:00:46 INFO  time: compiled root-test in 1.18s[0m
2026.09.14 13:04:25 INFO  compiling root-test (1 scala source)[0m
2026.09.14 13:04:26 INFO  time: compiled root-test in 1.08s[0m
2026.09.14 13:12:27 INFO  compiling root-test (1 scala source)[0m
2026.09.14 13:12:27 INFO  time: compiled root-test in 0.92s[0m
2026.09.14 13:12:30 INFO  compiling root-test (1 scala source)[0m
2026.09.14 13:12:30 INFO  time: compiled root-test in 0.81s[0m
2026.09.14 13:12:33 INFO  compiling root-test (1 scala source)[0m
2026.09.14 13:12:33 INFO  time: compiled root-test in 0.83s[0m
2026.09.14 13:12:33 INFO  compiling root-test (1 scala source)[0m
2026.09.14 13:12:34 WARN  Could not load snapshot text for /home/amirali671/Documents/A.Rehman/Shadow/src/test/scala/processor/TopTest.scala[0m
2026.09.14 13:12:35 WARN  Could not load snapshot text for /home/amirali671/Documents/A.Rehman/Shadow/src/test/scala/processor/TopTest.scala[0m
2026.09.14 13:12:35 INFO  time: compiled root-test in 1.04s[0m
2026.09.14 13:12:35 INFO  compiling root-test (1 scala source)[0m
2026.09.14 13:12:37 INFO  time: compiled root-test in 0.96s[0m
2026.09.14 13:12:39 INFO  compiling root-test (1 scala source)[0m
2026.09.14 13:12:39 INFO  time: compiled root-test in 0.7s[0m
2026.09.14 13:12:41 INFO  compiling root-test (1 scala source)[0m
2026.09.14 13:12:41 INFO  time: compiled root-test in 0.2s[0m
2026.09.14 13:12:43 INFO  compiling root-test (1 scala source)[0m
2026.09.14 13:12:43 INFO  time: compiled root-test in 0.2s[0m
2026.09.14 13:12:47 INFO  compiling root-test (1 scala source)[0m
2026.09.14 13:12:47 INFO  time: compiled root-test in 0.28s[0m
2026.09.14 13:12:54 INFO  compiling root-test (1 scala source)[0m
2026.09.14 13:12:54 INFO  time: compiled root-test in 0.18s[0m
2026.09.14 13:12:57 INFO  compiling root-test (1 scala source)[0m
2026.09.14 13:12:57 INFO  time: compiled root-test in 0.21s[0m
2026.09.14 13:12:59 INFO  compiling root-test (1 scala source)[0m
2026.09.14 13:12:59 INFO  time: compiled root-test in 0.17s[0m
Sep 14, 2026 1:13:00 PM org.eclipse.lsp4j.jsonrpc.RemoteEndpoint handleCancellation
WARNING: Unmatched cancel notification for request id 2158
Sep 14, 2026 1:13:00 PM org.eclipse.lsp4j.jsonrpc.RemoteEndpoint handleCancellation
WARNING: Unmatched cancel notification for request id 2159
Sep 14, 2026 1:13:00 PM org.eclipse.lsp4j.jsonrpc.RemoteEndpoint handleCancellation
WARNING: Unmatched cancel notification for request id 2165
2026.09.14 13:13:06 INFO  compiling root-test (1 scala source)[0m
2026.09.14 13:13:06 INFO  time: compiled root-test in 0.27s[0m
2026.09.14 13:13:10 INFO  compiling root-test (1 scala source)[0m
2026.09.14 13:13:10 INFO  time: compiled root-test in 0.97s[0m
2026.09.14 13:13:11 INFO  compiling root-test (1 scala source)[0m
2026.09.14 13:13:12 WARN  Could not load snapshot text for /home/amirali671/Documents/A.Rehman/Shadow/src/test/scala/processor/TopTest.scala[0m
2026.09.14 13:13:11 INFO  time: compiled root-test in 1s[0m
2026.09.14 13:16:52 INFO  compiling root-test (1 scala source)[0m
2026.09.14 13:16:53 INFO  time: compiled root-test in 1.13s[0m
2026.09.14 13:16:53 INFO  compiling root-test (1 scala source)[0m
2026.09.14 13:16:53 WARN  Could not load snapshot text for /home/amirali671/Documents/A.Rehman/Shadow/src/test/scala/processor/TopTest.scala[0m
2026.09.14 13:16:54 INFO  time: compiled root-test in 1.21s[0m
2026.09.14 13:35:57 INFO  compiling root (1 scala source)[0m
2026.09.14 13:35:59 INFO  time: compiled root in 2.1s[0m
2026.09.14 13:36:26 INFO  compiling root-test (2 scala sources)[0m
2026.09.14 13:36:28 INFO  time: compiled root-test in 1.36s[0m
2026.09.14 13:37:19 INFO  compiling root (1 scala source)[0m
2026.09.14 13:37:20 INFO  time: compiled root in 1.11s[0m
2026.09.14 13:37:20 INFO  compiling root (1 scala source)[0m
2026.09.14 13:37:20 WARN  Could not load snapshot text for /home/amirali671/Documents/A.Rehman/Shadow/src/main/scala/processor/Branch.scala[0m
2026.09.14 13:37:21 INFO  time: compiled root in 1.38s[0m
2026.09.14 13:47:56 WARN  Using H2 2.4.240 which is newer than the version Flyway has been verified with. The latest verified version of H2 is 2.3.232.[0m
2026.09.14 13:47:56 INFO  no build target found for /home/amirali671/Documents/A.Rehman/Shaheen-Core/shaheen/src/main/scala/riscv/Pc.scala. Using presentation compiler with project's scala-library version: 3.3.8[0m
2026.09.14 13:47:56 INFO  no build target found for /home/amirali671/Documents/A.Rehman/Shaheen-Core/shaheen/src/main/scala/riscv/Pc.scala. Using presentation compiler with project's scala-library version: 3.3.8[0m
Sep 14, 2026 1:47:57 PM org.eclipse.lsp4j.jsonrpc.RemoteEndpoint handleCancellation
WARNING: Unmatched cancel notification for request id 2635
2026.09.14 13:47:56 INFO  no build target found for /home/amirali671/Documents/A.Rehman/Shaheen-Core/shaheen/src/main/scala/riscv/Pc.scala. Using presentation compiler with project's scala-library version: 3.3.8[0m
2026.09.14 13:47:57 INFO  no build target found for /home/amirali671/Documents/A.Rehman/Shaheen-Core/shaheen/src/main/scala/riscv/Pc.scala. Using presentation compiler with project's scala-library version: 3.3.8[0m
2026.09.14 13:47:58 INFO  Running List(/usr/local/bin/scala-cli, bsp, --workspace, /tmp/metals-scala-cli16951600011466476748, --semantic-db-source-root, /home/amirali671/Documents/A.Rehman/Shaheen-Core/shaheen/src/main/scala/riscv, /home/amirali671/Documents/A.Rehman/Shaheen-Core/shaheen/src/main/scala/riscv/Pc.scala)[0m
2026.09.14 13:47:58 INFO  Tracing is disabled for protocol BSP. To enable tracing of incoming and outgoing JSON messages, create an empty file at /home/amirali671/Documents/A.Rehman/Shaheen-Core/shaheen/src/main/scala/riscv/.metals/bsp.trace.json or /home/amirali671/.cache/metals/bsp.trace.json[0m
2026.09.14 13:47:59 INFO  Connected to Scala CLI server v1.16.0[0m
2026.09.14 13:47:59 INFO  no build target found for /home/amirali671/Documents/A.Rehman/Shaheen-Core/shaheen/src/main/scala/riscv/Pc.scala. Using presentation compiler with project's scala-library version: 3.3.8[0m
2026.09.14 13:48:00 INFO  compiling metals-scala-cli16951600011466476748_5c6b3d3d65-e17df6dd1d (1 scala source)[0m
2026.09.14 13:47:59 INFO  time: code lens generation in 2.97s[0m
2026.09.14 13:48:00 INFO  time: compiled metals-scala-cli16951600011466476748_5c6b3d3d65-e17df6dd1d in 0.36s[0m
2026.09.14 13:48:00 INFO  compiling metals-scala-cli16951600011466476748_5c6b3d3d65-e17df6dd1d (1 scala source)[0m
2026.09.14 13:48:00 INFO  time: compiled metals-scala-cli16951600011466476748_5c6b3d3d65-e17df6dd1d in 0.24s[0m
2026.09.14 13:48:03 WARN  Could not find java sources in /usr/lib/jvm/src.zip, /usr/lib/jvm/lib/src.zip, /usr/lib/jvm/java-17-openjdk-amd64/src.zip, /usr/lib/jvm/java-17-openjdk-amd64/lib/src.zip. Java symbols will not be available.[0m
2026.09.14 13:48:03 INFO  time: indexed workspace in 4.57s[0m
2026.09.14 13:48:04 INFO  compiling metals-scala-cli16951600011466476748_5c6b3d3d65-e17df6dd1d (1 scala source)[0m
2026.09.14 13:48:04 INFO  time: compiled metals-scala-cli16951600011466476748_5c6b3d3d65-e17df6dd1d in 0.12s[0m
2026.09.14 13:48:04 INFO  Scala CLI started for /home/amirali671/Documents/A.Rehman/Shaheen-Core/shaheen/src/main/scala/riscv/Pc.scala[0m
2026.09.14 13:48:19 INFO  Shut down connection with build server.[0m
2026.09.14 13:48:29 INFO  no build target found for /home/amirali671/Documents/A.Rehman/Shadow/src/main/scala/processor/PC.scala. Using presentation compiler with project's scala-library version: 3.8.4[0m
2026.09.14 13:48:30 INFO  compiling root (1 scala source)[0m
2026.09.14 13:48:30 INFO  time: compiled root in 0.23s[0m
2026.09.14 13:48:39 INFO  compiling root (1 scala source)[0m
2026.09.14 13:48:39 INFO  time: compiled root in 0.32s[0m
2026.09.14 13:48:55 INFO  compiling root (1 scala source)[0m
2026.09.14 13:48:55 INFO  time: compiled root in 0.3s[0m
2026.09.14 13:48:58 INFO  compiling root (1 scala source)[0m
2026.09.14 13:48:58 INFO  time: compiled root in 0.21s[0m
2026.09.14 13:48:59 INFO  compiling root (1 scala source)[0m
2026.09.14 13:48:59 INFO  time: compiled root in 0.21s[0m
2026.09.14 13:49:15 INFO  compiling root (1 scala source)[0m
2026.09.14 13:49:15 INFO  time: compiled root in 0.24s[0m
2026.09.14 13:49:18 INFO  compiling root (1 scala source)[0m
2026.09.14 13:49:18 INFO  time: compiled root in 0.22s[0m
2026.09.14 13:49:20 INFO  compiling root (1 scala source)[0m
2026.09.14 13:49:20 INFO  time: compiled root in 0.21s[0m
2026.09.14 13:49:23 INFO  compiling root (1 scala source)[0m
2026.09.14 13:49:23 INFO  time: compiled root in 0.21s[0m
2026.09.14 13:49:37 INFO  compiling root (1 scala source)[0m
2026.09.14 13:49:37 INFO  time: compiled root in 0.94s[0m
2026.09.14 13:49:37 INFO  compiling root-test (2 scala sources)[0m
2026.09.14 13:49:39 INFO  time: compiled root-test in 1.61s[0m
2026.09.14 13:49:39 INFO  compiling root (1 scala source)[0m
2026.09.14 13:49:40 WARN  Could not load snapshot text for /home/amirali671/Documents/A.Rehman/Shadow/src/main/scala/processor/PC.scala[0m
2026.09.14 13:49:40 INFO  time: compiled root in 1s[0m
2026.09.14 13:55:23 INFO  compiling root-test (2 scala sources)[0m
2026.09.14 13:55:25 INFO  time: compiled root-test in 1.56s[0m
2026.09.14 13:55:59 INFO  Created report: Optional[file:///home/amirali671/Documents/A.Rehman/Shadow/src/main/scala/processor/Top.scala][0m
2026.09.14 13:55:59 INFO  empty definition using pc, found symbol in pc:  (full report at: "/home/amirali671/Documents/A.Rehman/Shadow/.metals/.reports/metals-full/2026-09-14/r_empty-definition_(root)_13-55-59-986.md")[0m
2026.09.14 14:00:28 INFO  compiling root (1 scala source)[0m
2026.09.14 14:00:30 INFO  time: compiled root in 2.11s[0m
2026.09.14 14:00:30 INFO  compiling root (1 scala source)[0m
2026.09.14 14:00:30 WARN  Could not load snapshot text for /home/amirali671/Documents/A.Rehman/Shadow/src/main/scala/processor/Top.scala[0m
2026.09.14 14:00:30 INFO  time: compiled root in 0.32s[0m
2026.09.14 14:00:30 INFO  compiling root (1 scala source)[0m
2026.09.14 14:00:30 WARN  Could not load snapshot text for /home/amirali671/Documents/A.Rehman/Shadow/src/main/scala/processor/Top.scala[0m
2026.09.14 14:00:30 INFO  time: compiled root in 0.36s[0m
2026.09.14 14:00:31 WARN  Could not load snapshot text for /home/amirali671/Documents/A.Rehman/Shadow/src/main/scala/processor/Top.scala[0m
2026.09.14 14:00:33 WARN  Could not load snapshot text for /home/amirali671/Documents/A.Rehman/Shadow/src/main/scala/processor/Top.scala[0m
2026.09.14 14:00:34 WARN  Could not load snapshot text for /home/amirali671/Documents/A.Rehman/Shadow/src/main/scala/processor/Top.scala[0m
2026.09.14 14:00:34 WARN  Could not load snapshot text for /home/amirali671/Documents/A.Rehman/Shadow/src/main/scala/processor/Top.scala[0m
2026.09.14 14:00:35 INFO  compiling root (1 scala source)[0m
2026.09.14 14:00:35 INFO  time: compiled root in 0.19s[0m
2026.09.14 14:00:36 WARN  Could not load snapshot text for /home/amirali671/Documents/A.Rehman/Shadow/src/main/scala/processor/Top.scala[0m
2026.09.14 14:00:36 WARN  Could not load snapshot text for /home/amirali671/Documents/A.Rehman/Shadow/src/main/scala/processor/Top.scala[0m
2026.09.14 14:00:37 INFO  compiling root (1 scala source)[0m
2026.09.14 14:00:37 INFO  time: compiled root in 0.18s[0m
2026.09.14 14:00:37 WARN  Could not load snapshot text for /home/amirali671/Documents/A.Rehman/Shadow/src/main/scala/processor/Top.scala[0m
2026.09.14 14:00:41 WARN  Could not load snapshot text for /home/amirali671/Documents/A.Rehman/Shadow/src/main/scala/processor/Top.scala[0m
2026.09.14 14:00:42 INFO  compiling root (1 scala source)[0m
2026.09.14 14:00:42 INFO  time: compiled root in 0.34s[0m
2026.09.14 14:00:43 WARN  Could not load snapshot text for /home/amirali671/Documents/A.Rehman/Shadow/src/main/scala/processor/Top.scala[0m
2026.09.14 14:01:00 WARN  Could not load snapshot text for /home/amirali671/Documents/A.Rehman/Shadow/src/main/scala/processor/Top.scala[0m
2026.09.14 14:01:00 INFO  compiling root (1 scala source)[0m
2026.09.14 14:01:00 INFO  time: compiled root in 0.22s[0m
2026.09.14 14:01:01 WARN  Could not load snapshot text for /home/amirali671/Documents/A.Rehman/Shadow/src/main/scala/processor/Top.scala[0m
2026.09.14 14:01:01 WARN  Could not load snapshot text for /home/amirali671/Documents/A.Rehman/Shadow/src/main/scala/processor/Top.scala[0m
2026.09.14 14:01:01 WARN  Could not load snapshot text for /home/amirali671/Documents/A.Rehman/Shadow/src/main/scala/processor/Top.scala[0m
2026.09.14 14:01:02 INFO  compiling root (1 scala source)[0m
2026.09.14 14:01:02 INFO  time: compiled root in 0.77s[0m
2026.09.14 14:01:03 WARN  Could not load snapshot text for /home/amirali671/Documents/A.Rehman/Shadow/src/main/scala/processor/Top.scala[0m
Sep 14, 2026 2:01:03 PM org.eclipse.lsp4j.jsonrpc.RemoteEndpoint handleCancellation
WARNING: Unmatched cancel notification for request id 3172
2026.09.14 14:01:03 WARN  Could not load snapshot text for /home/amirali671/Documents/A.Rehman/Shadow/src/main/scala/processor/Top.scala[0m
2026.09.14 14:01:04 INFO  compiling root (1 scala source)[0m
2026.09.14 14:01:04 WARN  Could not load snapshot text for /home/amirali671/Documents/A.Rehman/Shadow/src/main/scala/processor/Top.scala[0m
2026.09.14 14:01:04 INFO  time: compiled root in 0.45s[0m
2026.09.14 14:01:05 WARN  Could not load snapshot text for /home/amirali671/Documents/A.Rehman/Shadow/src/main/scala/processor/Top.scala[0m
2026.09.14 14:01:05 INFO  compiling root (1 scala source)[0m
2026.09.14 14:01:07 INFO  time: compiled root in 1.82s[0m
2026.09.14 14:02:29 INFO  compiling root (1 scala source)[0m
2026.09.14 14:02:29 INFO  time: compiled root in 0.32s[0m
2026.09.14 14:02:31 INFO  compiling root (1 scala source)[0m
2026.09.14 14:02:31 INFO  time: compiled root in 0.18s[0m
2026.09.14 14:02:35 INFO  compiling root (1 scala source)[0m
2026.09.14 14:02:35 INFO  time: compiled root in 0.54s[0m
2026.09.14 14:02:38 INFO  compiling root (1 scala source)[0m
2026.09.14 14:02:40 INFO  time: compiled root in 2.03s[0m
2026.09.14 14:02:43 INFO  compiling root (1 scala source)[0m
2026.09.14 14:02:43 INFO  time: compiled root in 0.23s[0m
2026.09.14 14:02:46 INFO  compiling root (1 scala source)[0m
2026.09.14 14:02:48 INFO  time: compiled root in 2.18s[0m
Sep 14, 2026 2:02:52 PM org.eclipse.lsp4j.jsonrpc.RemoteEndpoint handleCancellation
WARNING: Unmatched cancel notification for request id 3365
Sep 14, 2026 2:02:52 PM org.eclipse.lsp4j.jsonrpc.RemoteEndpoint handleCancellation
WARNING: Unmatched cancel notification for request id 3366
2026.09.14 14:02:54 INFO  compiling root (1 scala source)[0m
2026.09.14 14:02:54 INFO  time: compiled root in 0.45s[0m
2026.09.14 14:02:55 INFO  compiling root (1 scala source)[0m
2026.09.14 14:02:57 INFO  time: compiled root in 2.01s[0m
2026.09.14 14:03:27 INFO  compiling root (1 scala source)[0m
2026.09.14 14:03:29 INFO  time: compiled root in 1.65s[0m
2026.09.14 15:33:13 INFO  compiling root (1 scala source)[0m
2026.09.14 15:33:15 INFO  time: compiled root in 2.35s[0m
2026.09.14 15:39:51 INFO  compiling root (1 scala source)[0m
2026.09.14 15:39:54 INFO  time: compiled root in 3.08s[0m
2026.09.14 15:40:59 INFO  compiling root-test (2 scala sources)[0m
2026.09.14 15:41:01 INFO  time: compiled root-test in 1.96s[0m
2026.09.14 15:59:05 INFO  compiling root (1 scala source)[0m
2026.09.14 15:59:05 INFO  time: compiled root in 0.24s[0m
Sep 14, 2026 3:59:06 PM org.eclipse.lsp4j.jsonrpc.RemoteEndpoint handleCancellation
WARNING: Unmatched cancel notification for request id 4293
2026.09.14 15:59:08 INFO  compiling root (1 scala source)[0m
2026.09.14 15:59:08 INFO  time: compiled root in 0.52s[0m
2026.09.14 15:59:11 INFO  compiling root (1 scala source)[0m
2026.09.14 15:59:13 INFO  time: compiled root in 2.6s[0m
2026.09.14 15:59:19 INFO  compiling root (1 scala source)[0m
2026.09.14 15:59:22 INFO  time: compiled root in 2.15s[0m
2026.09.14 15:59:29 INFO  compiling root (1 scala source)[0m
2026.09.14 15:59:31 INFO  time: compiled root in 1.94s[0m
2026.09.14 15:59:51 INFO  compiling root (1 scala source)[0m
2026.09.14 15:59:53 INFO  time: compiled root in 2.26s[0m
2026.09.14 15:59:59 INFO  compiling root (1 scala source)[0m
2026.09.14 16:00:01 INFO  time: compiled root in 1.97s[0m
2026.09.14 16:00:01 INFO  compiling root (1 scala source)[0m
2026.09.14 16:00:02 WARN  Could not load snapshot text for /home/amirali671/Documents/A.Rehman/Shadow/src/main/scala/processor/ALUControl.scala[0m
2026.09.14 16:00:01 INFO  time: compiled root in 0.41s[0m
2026.09.14 16:00:02 WARN  Could not load snapshot text for /home/amirali671/Documents/A.Rehman/Shadow/src/main/scala/processor/ALUControl.scala[0m
2026.09.14 16:00:02 INFO  compiling root (1 scala source)[0m
2026.09.14 16:00:02 INFO  time: compiled root in 0.6s[0m
2026.09.14 16:00:03 WARN  Could not load snapshot text for /home/amirali671/Documents/A.Rehman/Shadow/src/main/scala/processor/ALUControl.scala[0m
2026.09.14 16:00:04 WARN  Could not load snapshot text for /home/amirali671/Documents/A.Rehman/Shadow/src/main/scala/processor/ALUControl.scala[0m
2026.09.14 16:00:03 WARN  Could not load snapshot text for /home/amirali671/Documents/A.Rehman/Shadow/src/main/scala/processor/ALUControl.scala[0m
2026.09.14 16:00:05 INFO  compiling root (1 scala source)[0m
2026.09.14 16:00:05 INFO  time: compiled root in 0.43s[0m
2026.09.14 16:00:06 WARN  Could not load snapshot text for /home/amirali671/Documents/A.Rehman/Shadow/src/main/scala/processor/ALUControl.scala[0m
2026.09.14 16:00:07 INFO  compiling root (1 scala source)[0m
2026.09.14 16:00:07 INFO  time: compiled root in 0.41s[0m
2026.09.14 16:00:08 WARN  Could not load snapshot text for /home/amirali671/Documents/A.Rehman/Shadow/src/main/scala/processor/ALUControl.scala[0m
2026.09.14 16:00:08 WARN  Could not load snapshot text for /home/amirali671/Documents/A.Rehman/Shadow/src/main/scala/processor/ALUControl.scala[0m
2026.09.14 16:00:08 WARN  Could not load snapshot text for /home/amirali671/Documents/A.Rehman/Shadow/src/main/scala/processor/ALUControl.scala[0m
2026.09.14 16:00:09 WARN  Could not load snapshot text for /home/amirali671/Documents/A.Rehman/Shadow/src/main/scala/processor/ALUControl.scala[0m
2026.09.14 16:00:10 WARN  Could not load snapshot text for /home/amirali671/Documents/A.Rehman/Shadow/src/main/scala/processor/ALUControl.scala[0m
2026.09.14 16:00:11 INFO  compiling root (1 scala source)[0m
2026.09.14 16:00:11 WARN  Could not load snapshot text for /home/amirali671/Documents/A.Rehman/Shadow/src/main/scala/processor/ALUControl.scala[0m
2026.09.14 16:00:11 INFO  time: compiled root in 0.51s[0m
2026.09.14 16:00:11 WARN  Could not load snapshot text for /home/amirali671/Documents/A.Rehman/Shadow/src/main/scala/processor/ALUControl.scala[0m
2026.09.14 16:00:12 INFO  compiling root (1 scala source)[0m
2026.09.14 16:00:12 INFO  time: compiled root in 0.44s[0m
2026.09.14 16:00:13 WARN  Could not load snapshot text for /home/amirali671/Documents/A.Rehman/Shadow/src/main/scala/processor/ALUControl.scala[0m
2026.09.14 16:00:14 WARN  Could not load snapshot text for /home/amirali671/Documents/A.Rehman/Shadow/src/main/scala/processor/ALUControl.scala[0m
2026.09.14 16:00:15 INFO  compiling root (1 scala source)[0m
2026.09.14 16:00:17 INFO  time: compiled root in 2.05s[0m
2026.09.14 16:00:36 INFO  compiling root (1 scala source)[0m
2026.09.14 16:00:38 INFO  time: compiled root in 1.59s[0m
2026.09.14 16:00:43 INFO  compiling root (1 scala source)[0m
2026.09.14 16:00:43 INFO  time: compiled root in 0.29s[0m
2026.09.14 16:01:02 INFO  compiling root (1 scala source)[0m
2026.09.14 16:01:04 INFO  time: compiled root in 1.37s[0m
2026.09.14 16:01:06 INFO  compiling root (1 scala source)[0m
2026.09.14 16:01:07 INFO  time: compiled root in 1.63s[0m
2026.09.14 16:01:07 INFO  compiling root (1 scala source)[0m
2026.09.14 16:01:08 WARN  Could not load snapshot text for /home/amirali671/Documents/A.Rehman/Shadow/src/main/scala/processor/PriEncoder.scala[0m
2026.09.14 16:01:09 INFO  time: compiled root in 1.45s[0m
2026.09.14 16:01:09 INFO  compiling root (1 scala source)[0m
2026.09.14 16:01:11 INFO  time: compiled root in 1.35s[0m
2026.09.14 16:01:12 INFO  compiling root (1 scala source)[0m
2026.09.14 16:01:13 WARN  Could not load snapshot text for /home/amirali671/Documents/A.Rehman/Shadow/src/main/scala/processor/PriEncoder.scala[0m
2026.09.14 16:01:14 WARN  Could not load snapshot text for /home/amirali671/Documents/A.Rehman/Shadow/src/main/scala/processor/PriEncoder.scala[0m
2026.09.14 16:01:14 INFO  time: compiled root in 1.43s[0m
2026.09.14 16:01:14 INFO  compiling root (1 scala source)[0m
2026.09.14 16:01:16 INFO  time: compiled root in 1.39s[0m
2026.09.14 16:01:16 INFO  compiling root (1 scala source)[0m
2026.09.14 16:01:18 INFO  time: compiled root in 1.44s[0m
2026.09.14 16:01:28 INFO  compiling root (1 scala source)[0m
2026.09.14 16:01:29 INFO  time: compiled root in 1.57s[0m
2026.09.14 16:01:29 INFO  compiling root (1 scala source)[0m
2026.09.14 16:01:29 WARN  Could not load snapshot text for /home/amirali671/Documents/A.Rehman/Shadow/src/main/scala/processor/PriEncoder.scala[0m
2026.09.14 16:01:29 WARN  Could not load snapshot text for /home/amirali671/Documents/A.Rehman/Shadow/src/main/scala/processor/PriEncoder.scala[0m
2026.09.14 16:01:30 WARN  Could not load snapshot text for /home/amirali671/Documents/A.Rehman/Shadow/src/main/scala/processor/PriEncoder.scala[0m
2026.09.14 16:01:30 INFO  time: compiled root in 1.32s[0m
2026.09.14 16:01:30 INFO  compiling root (1 scala source)[0m
2026.09.14 16:01:33 INFO  time: compiled root in 1.51s[0m
2026.09.14 16:01:34 INFO  compiling root (1 scala source)[0m
2026.09.14 16:01:36 INFO  time: compiled root in 1.64s[0m
2026.09.14 16:01:36 INFO  compiling root (1 scala source)[0m
2026.09.14 16:01:37 INFO  time: compiled root in 1.29s[0m
2026.09.14 16:02:10 INFO  compiling root (1 scala source)[0m
2026.09.14 16:02:12 INFO  time: compiled root in 2.37s[0m
2026.09.14 16:02:12 INFO  compiling root (1 scala source)[0m
2026.09.14 16:02:13 WARN  Could not load snapshot text for /home/amirali671/Documents/A.Rehman/Shadow/src/main/scala/processor/ALUControl.scala[0m
2026.09.14 16:02:14 WARN  Could not load snapshot text for /home/amirali671/Documents/A.Rehman/Shadow/src/main/scala/processor/ALUControl.scala[0m
2026.09.14 16:02:14 WARN  Could not load snapshot text for /home/amirali671/Documents/A.Rehman/Shadow/src/main/scala/processor/ALUControl.scala[0m
2026.09.14 16:02:15 INFO  time: compiled root in 2.2s[0m
2026.09.14 16:02:17 INFO  compiling root (1 scala source)[0m
2026.09.14 16:02:19 INFO  time: compiled root in 1.85s[0m
2026.09.14 16:02:21 INFO  compiling root (1 scala source)[0m
2026.09.14 16:02:21 INFO  time: compiled root in 0.62s[0m
2026.09.14 16:02:43 INFO  compiling root (1 scala source)[0m
2026.09.14 16:02:45 INFO  time: compiled root in 2.4s[0m
2026.09.14 16:02:53 INFO  compiling root (1 scala source)[0m
2026.09.14 16:02:53 INFO  time: compiled root in 0.45s[0m
2026.09.14 16:02:55 INFO  compiling root (1 scala source)[0m
2026.09.14 16:02:57 INFO  time: compiled root in 2.03s[0m
2026.09.14 16:02:59 INFO  compiling root (1 scala source)[0m
2026.09.14 16:03:02 INFO  time: compiled root in 2.27s[0m
2026.09.14 16:03:08 INFO  compiling root (1 scala source)[0m
2026.09.14 16:03:08 INFO  time: compiled root in 0.67s[0m
2026.09.14 16:03:09 WARN  Could not load snapshot text for /home/amirali671/Documents/A.Rehman/Shadow/src/main/scala/processor/ALUControl.scala[0m
2026.09.14 16:03:12 WARN  Could not load snapshot text for /home/amirali671/Documents/A.Rehman/Shadow/src/main/scala/processor/ALUControl.scala[0m
2026.09.14 16:03:13 INFO  compiling root (1 scala source)[0m
2026.09.14 16:03:13 WARN  Could not load snapshot text for /home/amirali671/Documents/A.Rehman/Shadow/src/main/scala/processor/ALUControl.scala[0m
Sep 14, 2026 4:03:14 PM scala.meta.internal.pc.CompilerAccess retryWithCleanCompiler
INFO: compiler crashed due to an error in the Scala compiler, retrying with new compiler instance.
2026.09.14 16:03:14 WARN  Could not load snapshot text for /home/amirali671/Documents/A.Rehman/Shadow/src/main/scala/processor/ALUControl.scala[0m
2026.09.14 16:03:13 INFO  time: compiled root in 0.74s[0m
2026.09.14 16:03:14 WARN  Could not load snapshot text for /home/amirali671/Documents/A.Rehman/Shadow/src/main/scala/processor/ALUControl.scala[0m
2026.09.14 16:03:15 WARN  Could not load snapshot text for /home/amirali671/Documents/A.Rehman/Shadow/src/main/scala/processor/ALUControl.scala[0m
2026.09.14 16:03:16 INFO  compiling root (1 scala source)[0m
2026.09.14 16:03:16 WARN  Could not load snapshot text for /home/amirali671/Documents/A.Rehman/Shadow/src/main/scala/processor/ALUControl.scala[0m
2026.09.14 16:03:16 INFO  time: compiled root in 0.61s[0m
2026.09.14 16:03:16 WARN  Could not load snapshot text for /home/amirali671/Documents/A.Rehman/Shadow/src/main/scala/processor/ALUControl.scala[0m
2026.09.14 16:03:17 WARN  Could not load snapshot text for /home/amirali671/Documents/A.Rehman/Shadow/src/main/scala/processor/ALUControl.scala[0m
Sep 14, 2026 4:03:17 PM org.eclipse.lsp4j.jsonrpc.RemoteEndpoint fallbackResponseError
SEVERE: Internal error: scala.reflect.internal.Symbols$CyclicReference: illegal cyclic reference involving class ALUControlInputs
java.util.concurrent.CompletionException: scala.reflect.internal.Symbols$CyclicReference: illegal cyclic reference involving class ALUControlInputs
	at java.base/java.util.concurrent.CompletableFuture.encodeThrowable(CompletableFuture.java:315)
	at java.base/java.util.concurrent.CompletableFuture.completeThrowable(CompletableFuture.java:320)
	at java.base/java.util.concurrent.CompletableFuture$UniAccept.tryFire(CompletableFuture.java:722)
	at java.base/java.util.concurrent.CompletableFuture.postComplete(CompletableFuture.java:510)
	at java.base/java.util.concurrent.CompletableFuture.complete(CompletableFuture.java:2147)
	at scala.meta.internal.metals.CancelTokens$.$anonfun$future$1(CancelTokens.scala:42)
	at scala.meta.internal.metals.CancelTokens$.$anonfun$future$1$adapted(CancelTokens.scala:38)
	at scala.concurrent.impl.Promise$Transformation.run(Promise.scala:517)
	at java.base/java.util.concurrent.ThreadPoolExecutor.runWorker(ThreadPoolExecutor.java:1136)
	at java.base/java.util.concurrent.ThreadPoolExecutor$Worker.run(ThreadPoolExecutor.java:635)
	at java.base/java.lang.Thread.run(Thread.java:840)
Caused by: scala.reflect.internal.Symbols$CyclicReference: illegal cyclic reference involving class ALUControlInputs

2026.09.14 16:03:18 WARN  Could not load snapshot text for /home/amirali671/Documents/A.Rehman/Shadow/src/main/scala/processor/ALUControl.scala[0m
2026.09.14 16:03:19 WARN  Could not load snapshot text for /home/amirali671/Documents/A.Rehman/Shadow/src/main/scala/processor/ALUControl.scala[0m
2026.09.14 16:03:19 WARN  Could not load snapshot text for /home/amirali671/Documents/A.Rehman/Shadow/src/main/scala/processor/ALUControl.scala[0m
2026.09.14 16:03:19 WARN  Could not load snapshot text for /home/amirali671/Documents/A.Rehman/Shadow/src/main/scala/processor/ALUControl.scala[0m
2026.09.14 16:03:20 WARN  Could not load snapshot text for /home/amirali671/Documents/A.Rehman/Shadow/src/main/scala/processor/ALUControl.scala[0m
2026.09.14 16:03:21 INFO  compiling root (1 scala source)[0m
2026.09.14 16:03:21 WARN  Could not load snapshot text for /home/amirali671/Documents/A.Rehman/Shadow/src/main/scala/processor/ALUControl.scala[0m
2026.09.14 16:03:22 WARN  Could not load snapshot text for /home/amirali671/Documents/A.Rehman/Shadow/src/main/scala/processor/ALUControl.scala[0m
2026.09.14 16:03:22 WARN  Could not load snapshot text for /home/amirali671/Documents/A.Rehman/Shadow/src/main/scala/processor/ALUControl.scala[0m
2026.09.14 16:03:23 INFO  time: compiled root in 2s[0m
2026.09.14 16:03:30 INFO  compiling root (1 scala source)[0m
2026.09.14 16:03:32 INFO  time: compiled root in 2s[0m
2026.09.14 16:03:32 INFO  compiling root (1 scala source)[0m
2026.09.14 16:03:32 WARN  Could not load snapshot text for /home/amirali671/Documents/A.Rehman/Shadow/src/main/scala/processor/ALUControl.scala[0m
2026.09.14 16:03:33 WARN  Could not load snapshot text for /home/amirali671/Documents/A.Rehman/Shadow/src/main/scala/processor/ALUControl.scala[0m
2026.09.14 16:03:33 WARN  Could not load snapshot text for /home/amirali671/Documents/A.Rehman/Shadow/src/main/scala/processor/ALUControl.scala[0m
2026.09.14 16:03:34 WARN  Could not load snapshot text for /home/amirali671/Documents/A.Rehman/Shadow/src/main/scala/processor/ALUControl.scala[0m
2026.09.14 16:03:34 INFO  time: compiled root in 2.05s[0m
2026.09.14 16:03:34 INFO  compiling root (1 scala source)[0m
2026.09.14 16:03:36 INFO  time: compiled root in 0.46s[0m
2026.09.14 16:03:41 INFO  compiling root (1 scala source)[0m
2026.09.14 16:03:43 INFO  time: compiled root in 2.26s[0m
2026.09.14 16:03:45 INFO  compiling root (1 scala source)[0m
2026.09.14 16:03:47 INFO  time: compiled root in 1.93s[0m
2026.09.14 16:03:51 INFO  compiling root (1 scala source)[0m
2026.09.14 16:03:51 INFO  time: compiled root in 0.52s[0m
2026.09.14 16:03:52 INFO  compiling root (1 scala source)[0m
2026.09.14 16:03:52 INFO  time: compiled root in 0.44s[0m
2026.09.14 16:03:58 INFO  compiling root (1 scala source)[0m
2026.09.14 16:03:58 INFO  time: compiled root in 0.43s[0m
2026.09.14 16:04:02 INFO  compiling root (1 scala source)[0m
2026.09.14 16:04:05 INFO  time: compiled root in 2.36s[0m
2026.09.14 16:04:05 INFO  compiling root (1 scala source)[0m
2026.09.14 16:04:07 WARN  Could not load snapshot text for /home/amirali671/Documents/A.Rehman/Shadow/src/main/scala/processor/ALUControl.scala[0m
2026.09.14 16:04:07 INFO  time: compiled root in 1.97s[0m
2026.09.14 16:04:07 INFO  compiling root (1 scala source)[0m
2026.09.14 16:04:09 INFO  time: compiled root in 2.2s[0m
2026.09.14 19:23:24 INFO  compiling root (1 scala source)[0m
2026.09.14 19:23:24 INFO  time: compiled root in 0.57s[0m
2026.09.14 19:23:34 INFO  compiling root (1 scala source)[0m
2026.09.14 19:23:34 INFO  time: compiled root in 0.52s[0m
2026.09.14 19:23:37 INFO  compiling root (1 scala source)[0m
2026.09.14 19:23:37 INFO  time: compiled root in 0.35s[0m
2026.09.14 19:23:38 INFO  compiling root (1 scala source)[0m
2026.09.14 19:23:38 INFO  time: compiled root in 0.5s[0m
2026.09.14 19:23:40 INFO  compiling root (1 scala source)[0m
2026.09.14 19:23:40 INFO  time: compiled root in 0.29s[0m
2026.09.14 19:23:42 INFO  compiling root (1 scala source)[0m
2026.09.14 19:23:42 INFO  time: compiled root in 0.63s[0m
2026.09.14 19:23:43 INFO  compiling root (1 scala source)[0m
2026.09.14 19:23:43 INFO  time: compiled root in 0.27s[0m
2026.09.14 19:23:46 INFO  compiling root (1 scala source)[0m
2026.09.14 19:23:49 INFO  time: compiled root in 2.55s[0m
2026.09.14 19:23:50 INFO  compiling root (1 scala source)[0m
2026.09.14 19:23:52 INFO  time: compiled root in 2.18s[0m
2026.09.14 21:18:13 INFO  Shut down connection with build server.[0m
2026.09.14 21:18:13 INFO  Shut down connection with build server.[0m
java.lang.InterruptedException: sleep interrupted
	at java.base/java.lang.Thread.sleep(Native Method)
	at scala.meta.internal.pc.CompilerJobQueue.delay(CompilerJobQueue.scala:101)
	at scala.meta.internal.pc.CompilerJobQueue.shutdown(CompilerJobQueue.scala:78)
	at scala.meta.internal.pc.CompilerAccess.shutdown(CompilerAccess.scala:68)
	at scala.meta.internal.pc.ScalaPresentationCompiler.shutdown(ScalaPresentationCompiler.scala:133)
	at scala.meta.internal.metals.CompilerConfiguration$LazyCompiler.$anonfun$shutdown$1(CompilerConfiguration.scala:175)
	at scala.meta.internal.metals.CompilerConfiguration$LazyCompiler.$anonfun$shutdown$1$adapted(CompilerConfiguration.scala:174)
	at scala.concurrent.impl.Promise$Transformation.run(Promise.scala:517)
	at java.base/java.util.concurrent.ThreadPoolExecutor.runWorker(ThreadPoolExecutor.java:1136)
	at java.base/java.util.concurrent.ThreadPoolExecutor$Worker.run(ThreadPoolExecutor.java:635)
	at java.base/java.lang.Thread.run(Thread.java:840)
2026.09.15 11:13:45 INFO  Started: Metals version 1.6.8 in folders '/home/amirali671/Documents/A.Rehman/Shadow' for client Visual Studio Code 1.137.0.[0m
2026.09.15 11:13:45 INFO  Memory monitor started[0m
2026.09.15 11:13:47 WARN  Using H2 2.4.240 which is newer than the version Flyway has been verified with. The latest verified version of H2 is 2.3.232.[0m
2026.09.15 11:13:47 INFO  no build target found for /home/amirali671/Documents/A.Rehman/Shadow/src/main/scala/processor/ALUControl.scala. Using presentation compiler with project's scala-library version: 3.3.8[0m
2026.09.15 11:13:47 INFO  Attempting to connect to the build server...[0m
2026.09.15 11:13:47 INFO  No running Bloop server found, starting one.[0m
2026.09.15 11:13:51 INFO  Starting compilation server[0m
Sep 15, 2026 11:13:53 AM org.eclipse.lsp4j.jsonrpc.RemoteEndpoint handleCancellation
WARNING: Unmatched cancel notification for request id 1
Sep 15, 2026 11:13:53 AM org.eclipse.lsp4j.jsonrpc.services.GenericEndpoint notify
INFO: Unsupported notification method: $/setTrace
Sep 15, 2026 11:13:53 AM org.eclipse.lsp4j.jsonrpc.services.GenericEndpoint notify
INFO: Unsupported notification method: $/setTrace
2026.09.15 11:13:53 INFO  no build target found for /home/amirali671/Documents/A.Rehman/Shadow/src/main/scala/processor/ALUControl.scala. Using presentation compiler with project's scala-library version: 3.3.8[0m
Sep 15, 2026 11:13:54 AM org.eclipse.lsp4j.jsonrpc.services.GenericEndpoint notify
INFO: Unsupported notification method: $/setTrace
Sep 15, 2026 11:13:54 AM org.eclipse.lsp4j.jsonrpc.RemoteEndpoint handleCancellation
WARNING: Unmatched cancel notification for request id 7
2026.09.15 11:13:53 INFO  no build target found for /home/amirali671/Documents/A.Rehman/Shadow/src/main/scala/processor/ALUControl.scala. Using presentation compiler with project's scala-library version: 3.3.8[0m
2026.09.15 11:13:55 INFO  no build target found for /home/amirali671/Documents/A.Rehman/Shadow/src/main/scala/processor/ALUControl.scala. Using presentation compiler with project's scala-library version: 3.3.8[0m
Sep 15, 2026 11:13:55 AM org.eclipse.lsp4j.jsonrpc.services.GenericEndpoint notify
INFO: Unsupported notification method: $/setTrace
Sep 15, 2026 11:13:55 AM org.eclipse.lsp4j.jsonrpc.RemoteEndpoint handleCancellation
WARNING: Unmatched cancel notification for request id 10
2026.09.15 11:13:55 INFO  no build target found for /home/amirali671/Documents/A.Rehman/Shadow/src/main/scala/processor/ALUControl.scala. Using presentation compiler with project's scala-library version: 3.3.8[0m
Sep 15, 2026 11:13:56 AM org.eclipse.lsp4j.jsonrpc.services.GenericEndpoint notify
INFO: Unsupported notification method: $/setTrace
Sep 15, 2026 11:13:56 AM org.eclipse.lsp4j.jsonrpc.RemoteEndpoint handleCancellation
WARNING: Unmatched cancel notification for request id 12
2026.09.15 11:13:55 INFO  no build target found for /home/amirali671/Documents/A.Rehman/Shadow/src/main/scala/processor/ALUControl.scala. Using presentation compiler with project's scala-library version: 3.3.8[0m
2026.09.15 11:13:56 INFO  no build target found for /home/amirali671/Documents/A.Rehman/Shadow/src/main/scala/processor/ALUControl.scala. Using presentation compiler with project's scala-library version: 3.3.8[0m
2026.09.15 11:13:56 INFO  no build target found for /home/amirali671/Documents/A.Rehman/Shadow/src/main/scala/processor/ALUControl.scala. Using presentation compiler with project's scala-library version: 3.3.8[0m
Sep 15, 2026 11:13:57 AM org.eclipse.lsp4j.jsonrpc.RemoteEndpoint handleCancellation
WARNING: Unmatched cancel notification for request id 18
2026.09.15 11:13:56 INFO  no build target found for /home/amirali671/Documents/A.Rehman/Shadow/src/main/scala/processor/ALUControl.scala. Using presentation compiler with project's scala-library version: 3.3.8[0m
2026.09.15 11:13:57 ERROR Bloop 'bsp' command exited with code 4. Something may be wrong with the current configuration.
Running the [1mclean[0m sub-command to clear the working directory and remove caches might help.
If the error persists, please report the issue as a bug and attach a log with increased verbosity by passing [1m-v -v -v[0m.[0m
2026.09.15 11:13:57 ERROR Bloop server PID: 6920
Ignoring SIGINT
Will truncate output file /home/amirali671/.local/share/scalacli/bloop/daemon/output every 5 minutes
Unable to load nailgun-version.properties.
NGServer [UNKNOWN] started on local socket /home/amirali671/.local/share/scalacli/bloop/daemon/socket.
11:13:56.128 [NGSession 2: (idle) (NGCommunicator orchestrator)] ERROR c.martiansoftware.nailgun.NGServer - Nailgun client read future raised an exception
java.io.IOException: Unknown stream type: p
	at com.martiansoftware.nailgun.NGCommunicator.readChunkImpl(NGCommunicator.java:518)
	at com.martiansoftware.nailgun.NGCommunicator.readChunk(NGCommunicator.java:480)
	at com.martiansoftware.nailgun.NGCommunicator.lambda$null$0(NGCommunicator.java:209)
	at java.base/java.util.concurrent.FutureTask.run(FutureTask.java:264)
	at java.base/java.util.concurrent.ThreadPoolExecutor.runWorker(ThreadPoolExecutor.java:1136)
	at java.base/java.util.concurrent.ThreadPoolExecutor$Worker.run(ThreadPoolExecutor.java:635)
	at java.base/java.lang.Thread.run(Thread.java:840)
[0m
2026.09.15 11:13:57 ERROR Failed to connect with build server, no functionality will work.
java.lang.RuntimeException: Bloop BSP connection in /home/amirali671/.local/share/scalacli/bloop/bsp/6597-1 was unexpectedly closed or bloop didn't start.
	at scala.sys.package$.error(package.scala:27)
	at bloop.rifle.internal.Operations$$anon$1.openSocket(Operations.scala:451)
	at scala.meta.internal.metals.BloopServers.create$1(BloopServers.scala:422)
	at scala.meta.internal.metals.BloopServers.openConnection$1(BloopServers.scala:438)
	at scala.meta.internal.metals.BloopServers.$anonfun$connect$5(BloopServers.scala:451)
	at scala.concurrent.Future$.$anonfun$apply$1(Future.scala:691)
	at scala.concurrent.impl.Promise$Transformation.run(Promise.scala:500)
	at java.util.concurrent.ThreadPoolExecutor.runWorker(ThreadPoolExecutor.java:1136)
	at java.util.concurrent.ThreadPoolExecutor$Worker.run(ThreadPoolExecutor.java:635)
	at java.lang.Thread.run(Thread.java:840)
[0m
2026.09.15 11:13:57 INFO  no build target found for /home/amirali671/Documents/A.Rehman/Shadow/src/main/scala/processor/ALUControl.scala. Using presentation compiler with project's scala-library version: 3.3.8[0m
2026.09.15 11:13:57 WARN  no build target for: /home/amirali671/Documents/A.Rehman/Shadow/src/main/scala/processor/ALUControl.scala[0m
2026.09.15 11:13:56 INFO  no build target found for /home/amirali671/Documents/A.Rehman/Shadow/src/main/scala/processor/ALUControl.scala. Using presentation compiler with project's scala-library version: 3.3.8[0m
Sep 15, 2026 11:13:59 AM org.eclipse.lsp4j.jsonrpc.services.GenericEndpoint notify
INFO: Unsupported notification method: $/setTrace
2026.09.15 11:13:59 INFO  no build target found for /home/amirali671/Documents/A.Rehman/Shadow/src/main/scala/processor/ALUControl.scala. Using presentation compiler with project's scala-library version: 3.3.8[0m
2026.09.15 11:14:00 INFO  no build target found for /home/amirali671/Documents/A.Rehman/Shadow/src/main/scala/processor/ALUControl.scala. Using presentation compiler with project's scala-library version: 3.3.8[0m
Sep 15, 2026 11:14:01 AM org.eclipse.lsp4j.jsonrpc.services.GenericEndpoint notify
INFO: Unsupported notification method: $/setTrace
2026.09.15 11:14:00 INFO  no build target found for /home/amirali671/Documents/A.Rehman/Shadow/src/main/scala/processor/ALUControl.scala. Using presentation compiler with project's scala-library version: 3.3.8[0m
2026.09.15 11:14:02 INFO  time: code lens generation in 5.2s[0m
2026.09.15 11:14:02 INFO  time: code lens generation in 5.18s[0m
2026.09.15 11:14:02 INFO  time: code lens generation in 5.18s[0m
Sep 15, 2026 11:14:02 AM org.eclipse.lsp4j.jsonrpc.services.GenericEndpoint notify
INFO: Unsupported notification method: $/setTrace
2026.09.15 11:14:02 INFO  no build target found for /home/amirali671/Documents/A.Rehman/Shadow/src/main/scala/processor/ALUControl.scala. Using presentation compiler with project's scala-library version: 3.3.8[0m
Sep 15, 2026 11:14:03 AM org.eclipse.lsp4j.jsonrpc.services.GenericEndpoint notify
INFO: Unsupported notification method: $/setTrace
2026.09.15 11:14:04 INFO  no build target found for /home/amirali671/Documents/A.Rehman/Shadow/src/main/scala/processor/ALUControl.scala. Using presentation compiler with project's scala-library version: 3.3.8[0m
Sep 15, 2026 11:14:05 AM org.eclipse.lsp4j.jsonrpc.services.GenericEndpoint notify
INFO: Unsupported notification method: $/setTrace
2026.09.15 11:14:05 INFO  no build target found for /home/amirali671/Documents/A.Rehman/Shadow/src/main/scala/processor/ALUControl.scala. Using presentation compiler with project's scala-library version: 3.3.8[0m
Sep 15, 2026 11:14:07 AM org.eclipse.lsp4j.jsonrpc.services.GenericEndpoint notify
INFO: Unsupported notification method: $/setTrace
2026.09.15 11:14:07 INFO  no build target found for /home/amirali671/Documents/A.Rehman/Shadow/src/main/scala/processor/ALUControl.scala. Using presentation compiler with project's scala-library version: 3.3.8[0m
2026.09.15 11:14:08 INFO  no build target found for /home/amirali671/Documents/A.Rehman/Shadow/src/main/scala/processor/ALUControl.scala. Using presentation compiler with project's scala-library version: 3.3.8[0m
2026.09.15 11:14:19 INFO  no build target found for /home/amirali671/Documents/A.Rehman/Shadow/src/main/scala/processor/ALUControl.scala. Using presentation compiler with project's scala-library version: 3.3.8[0m
2026.09.15 12:12:51 WARN  no build target for: /home/amirali671/Documents/A.Rehman/Shadow/src/main/scala/processor/ALUControl.scala[0m
2026.09.15 12:12:51 INFO  no build target found for /home/amirali671/Documents/A.Rehman/Shadow/src/main/scala/processor/ALUControl.scala. Using presentation compiler with project's scala-library version: 3.3.8[0m
2026.09.15 12:12:51 INFO  no build target found for /home/amirali671/Documents/A.Rehman/Shadow/src/main/scala/processor/ALUControl.scala. Using presentation compiler with project's scala-library version: 3.3.8[0m
2026.09.15 12:12:51 INFO  no build target found for /home/amirali671/Documents/A.Rehman/Shadow/src/main/scala/processor/ALUControl.scala. Using presentation compiler with project's scala-library version: 3.3.8[0m
2026.09.15 12:13:03 INFO  no build target found for /home/amirali671/Documents/A.Rehman/Shadow/src/main/scala/processor/ALUControl.scala. Using presentation compiler with project's scala-library version: 3.3.8[0m
2026.09.15 12:13:08 INFO  no build target found for /home/amirali671/Documents/A.Rehman/Shadow/src/main/scala/processor/ALUControl.scala. Using presentation compiler with project's scala-library version: 3.3.8[0m
2026.09.15 12:13:11 INFO  no build target found for /home/amirali671/Documents/A.Rehman/Shadow/src/main/scala/processor/ALUControl.scala. Using presentation compiler with project's scala-library version: 3.3.8[0m
2026.09.15 12:13:13 INFO  no build target found for /home/amirali671/Documents/A.Rehman/Shadow/src/main/scala/processor/ALUControl.scala. Using presentation compiler with project's scala-library version: 3.3.8[0m
2026.09.15 12:13:13 INFO  no build target found for /home/amirali671/Documents/A.Rehman/Shadow/src/main/scala/processor/ALUControl.scala. Using presentation compiler with project's scala-library version: 3.3.8[0m
2026.09.15 12:13:13 INFO  no build target found for /home/amirali671/Documents/A.Rehman/Shadow/src/main/scala/processor/ALUControl.scala. Using presentation compiler with project's scala-library version: 3.3.8[0m
2026.09.15 12:13:14 INFO  no build target found for /home/amirali671/Documents/A.Rehman/Shadow/src/main/scala/processor/ALUControl.scala. Using presentation compiler with project's scala-library version: 3.3.8[0m
2026.09.15 12:13:14 INFO  no build target found for /home/amirali671/Documents/A.Rehman/Shadow/src/main/scala/processor/ALUControl.scala. Using presentation compiler with project's scala-library version: 3.3.8[0m
2026.09.15 12:13:14 INFO  no build target found for /home/amirali671/Documents/A.Rehman/Shadow/src/main/scala/processor/ALUControl.scala. Using presentation compiler with project's scala-library version: 3.3.8[0m
2026.09.15 12:13:16 INFO  no build target found for /home/amirali671/Documents/A.Rehman/Shadow/src/main/scala/processor/ALUControl.scala. Using presentation compiler with project's scala-library version: 3.3.8[0m
2026.09.15 12:13:16 INFO  no build target found for /home/amirali671/Documents/A.Rehman/Shadow/src/main/scala/processor/ALUControl.scala. Using presentation compiler with project's scala-library version: 3.3.8[0m
2026.09.15 12:13:17 WARN  no build target for: /home/amirali671/Documents/A.Rehman/Shadow/src/main/scala/processor/ALUControl.scala[0m
2026.09.15 12:13:17 INFO  no build target found for /home/amirali671/Documents/A.Rehman/Shadow/src/main/scala/processor/ALUControl.scala. Using presentation compiler with project's scala-library version: 3.3.8[0m
2026.09.15 12:13:17 INFO  no build target found for /home/amirali671/Documents/A.Rehman/Shadow/src/main/scala/processor/ALUControl.scala. Using presentation compiler with project's scala-library version: 3.3.8[0m
2026.09.15 12:13:17 INFO  no build target found for /home/amirali671/Documents/A.Rehman/Shadow/src/main/scala/processor/ALUControl.scala. Using presentation compiler with project's scala-library version: 3.3.8[0m
2026.09.15 12:13:17 INFO  no build target found for /home/amirali671/Documents/A.Rehman/Shadow/src/main/scala/processor/ALUControl.scala. Using presentation compiler with project's scala-library version: 3.3.8[0m
2026.09.15 12:13:17 INFO  no build target found for /home/amirali671/Documents/A.Rehman/Shadow/src/main/scala/processor/ALUControl.scala. Using presentation compiler with project's scala-library version: 3.3.8[0m
2026.09.15 12:13:19 INFO  no build target found for /home/amirali671/Documents/A.Rehman/Shadow/src/main/scala/processor/ALUControl.scala. Using presentation compiler with project's scala-library version: 3.3.8[0m
2026.09.15 12:13:19 INFO  no build target found for /home/amirali671/Documents/A.Rehman/Shadow/src/main/scala/processor/ALUControl.scala. Using presentation compiler with project's scala-library version: 3.3.8[0m
2026.09.15 12:13:19 INFO  no build target found for /home/amirali671/Documents/A.Rehman/Shadow/src/main/scala/processor/ALUControl.scala. Using presentation compiler with project's scala-library version: 3.3.8[0m
2026.09.15 12:13:19 INFO  no build target found for /home/amirali671/Documents/A.Rehman/Shadow/src/main/scala/processor/ALUControl.scala. Using presentation compiler with project's scala-library version: 3.3.8[0m
2026.09.15 12:13:19 INFO  no build target found for /home/amirali671/Documents/A.Rehman/Shadow/src/main/scala/processor/ALUControl.scala. Using presentation compiler with project's scala-library version: 3.3.8[0m
2026.09.15 12:13:19 INFO  no build target found for /home/amirali671/Documents/A.Rehman/Shadow/src/main/scala/processor/ALUControl.scala. Using presentation compiler with project's scala-library version: 3.3.8[0m
2026.09.15 12:13:20 WARN  no build target for: /home/amirali671/Documents/A.Rehman/Shadow/src/main/scala/processor/ALUControl.scala[0m
2026.09.15 12:13:20 INFO  no build target found for /home/amirali671/Documents/A.Rehman/Shadow/src/main/scala/processor/ALUControl.scala. Using presentation compiler with project's scala-library version: 3.3.8[0m
2026.09.15 12:13:21 WARN  no build target for: /home/amirali671/Documents/A.Rehman/Shadow/src/main/scala/processor/ALUControl.scala[0m
2026.09.15 12:13:47 INFO  no build target found for /home/amirali671/Documents/A.Rehman/Shadow/src/main/scala/processor/ALUControl.scala. Using presentation compiler with project's scala-library version: 3.3.8[0m
2026.09.15 12:13:56 INFO  no build target found for /home/amirali671/Documents/A.Rehman/Shadow/src/main/scala/processor/ALUControl.scala. Using presentation compiler with project's scala-library version: 3.3.8[0m
2026.09.15 12:13:56 INFO  no build target found for /home/amirali671/Documents/A.Rehman/Shadow/src/main/scala/processor/ALUControl.scala. Using presentation compiler with project's scala-library version: 3.3.8[0m
2026.09.15 12:14:01 INFO  no build target found for /home/amirali671/Documents/A.Rehman/Shadow/src/main/scala/processor/ALUControl.scala. Using presentation compiler with project's scala-library version: 3.3.8[0m
2026.09.15 12:14:01 INFO  no build target found for /home/amirali671/Documents/A.Rehman/Shadow/src/main/scala/processor/ALUControl.scala. Using presentation compiler with project's scala-library version: 3.3.8[0m
2026.09.15 12:14:01 INFO  no build target found for /home/amirali671/Documents/A.Rehman/Shadow/src/main/scala/processor/ALUControl.scala. Using presentation compiler with project's scala-library version: 3.3.8[0m
2026.09.15 12:14:23 INFO  no build target found for /home/amirali671/Documents/A.Rehman/Shadow/src/main/scala/processor/ALUControl.scala. Using presentation compiler with project's scala-library version: 3.3.8[0m
2026.09.15 12:14:25 INFO  no build target found for /home/amirali671/Documents/A.Rehman/Shadow/src/main/scala/processor/ALUControl.scala. Using presentation compiler with project's scala-library version: 3.3.8[0m
2026.09.15 12:14:30 INFO  no build target found for /home/amirali671/Documents/A.Rehman/Shadow/src/main/scala/processor/ALUControl.scala. Using presentation compiler with project's scala-library version: 3.3.8[0m
2026.09.15 12:14:30 INFO  no build target found for /home/amirali671/Documents/A.Rehman/Shadow/src/main/scala/processor/ALUControl.scala. Using presentation compiler with project's scala-library version: 3.3.8[0m
2026.09.15 12:14:32 INFO  no build target found for /home/amirali671/Documents/A.Rehman/Shadow/src/main/scala/processor/ALUControl.scala. Using presentation compiler with project's scala-library version: 3.3.8[0m
2026.09.15 12:14:32 INFO  no build target found for /home/amirali671/Documents/A.Rehman/Shadow/src/main/scala/processor/ALUControl.scala. Using presentation compiler with project's scala-library version: 3.3.8[0m
2026.09.15 12:14:35 INFO  no build target found for /home/amirali671/Documents/A.Rehman/Shadow/src/main/scala/processor/ALUControl.scala. Using presentation compiler with project's scala-library version: 3.3.8[0m
2026.09.15 12:14:38 INFO  no build target found for /home/amirali671/Documents/A.Rehman/Shadow/src/main/scala/processor/ALUControl.scala. Using presentation compiler with project's scala-library version: 3.3.8[0m
2026.09.15 12:16:29 INFO  no build target found for /home/amirali671/Documents/A.Rehman/Shadow/src/main/scala/processor/ALUControl.scala. Using presentation compiler with project's scala-library version: 3.3.8[0m
2026.09.15 12:16:30 INFO  no build target found for /home/amirali671/Documents/A.Rehman/Shadow/src/main/scala/processor/ALUControl.scala. Using presentation compiler with project's scala-library version: 3.3.8[0m
2026.09.15 12:16:30 INFO  no build target found for /home/amirali671/Documents/A.Rehman/Shadow/src/main/scala/processor/ALUControl.scala. Using presentation compiler with project's scala-library version: 3.3.8[0m
2026.09.15 12:16:32 INFO  no build target found for /home/amirali671/Documents/A.Rehman/Shadow/src/main/scala/processor/ALUControl.scala. Using presentation compiler with project's scala-library version: 3.3.8[0m
2026.09.15 12:16:32 INFO  no build target found for /home/amirali671/Documents/A.Rehman/Shadow/src/main/scala/processor/ALUControl.scala. Using presentation compiler with project's scala-library version: 3.3.8[0m
2026.09.15 12:16:32 INFO  no build target found for /home/amirali671/Documents/A.Rehman/Shadow/src/main/scala/processor/ALUControl.scala. Using presentation compiler with project's scala-library version: 3.3.8[0m
2026.09.15 12:16:33 INFO  no build target found for /home/amirali671/Documents/A.Rehman/Shadow/src/main/scala/processor/ALUControl.scala. Using presentation compiler with project's scala-library version: 3.3.8[0m
2026.09.15 12:16:35 INFO  no build target found for /home/amirali671/Documents/A.Rehman/Shadow/src/main/scala/processor/ALUControl.scala. Using presentation compiler with project's scala-library version: 3.3.8[0m
2026.09.15 12:16:35 INFO  no build target found for /home/amirali671/Documents/A.Rehman/Shadow/src/main/scala/processor/ALUControl.scala. Using presentation compiler with project's scala-library version: 3.3.8[0m
2026.09.15 12:16:35 INFO  no build target found for /home/amirali671/Documents/A.Rehman/Shadow/src/main/scala/processor/ALUControl.scala. Using presentation compiler with project's scala-library version: 3.3.8[0m
2026.09.15 12:16:36 INFO  no build target found for /home/amirali671/Documents/A.Rehman/Shadow/src/main/scala/processor/ALUControl.scala. Using presentation compiler with project's scala-library version: 3.3.8[0m
2026.09.15 12:16:36 INFO  no build target found for /home/amirali671/Documents/A.Rehman/Shadow/src/main/scala/processor/ALUControl.scala. Using presentation compiler with project's scala-library version: 3.3.8[0m
2026.09.15 12:16:36 INFO  no build target found for /home/amirali671/Documents/A.Rehman/Shadow/src/main/scala/processor/ALUControl.scala. Using presentation compiler with project's scala-library version: 3.3.8[0m
2026.09.15 12:16:36 INFO  no build target found for /home/amirali671/Documents/A.Rehman/Shadow/src/main/scala/processor/ALUControl.scala. Using presentation compiler with project's scala-library version: 3.3.8[0m
2026.09.15 12:16:37 INFO  no build target found for /home/amirali671/Documents/A.Rehman/Shadow/src/main/scala/processor/ALUControl.scala. Using presentation compiler with project's scala-library version: 3.3.8[0m
2026.09.15 12:18:57 INFO  no build target found for /home/amirali671/Documents/A.Rehman/Shadow/src/main/scala/processor/ALUControl.scala. Using presentation compiler with project's scala-library version: 3.3.8[0m
2026.09.15 12:31:29 INFO  no build target found for /home/amirali671/Documents/A.Rehman/Shadow/src/main/scala/processor/AluOp.scala. Using presentation compiler with project's scala-library version: 3.3.8[0m
2026.09.15 12:31:29 WARN  no build target for: /home/amirali671/Documents/A.Rehman/Shadow/src/main/scala/processor/AluOp.scala[0m
2026.09.15 12:31:29 INFO  no build target found for /home/amirali671/Documents/A.Rehman/Shadow/src/main/scala/processor/AluOp.scala. Using presentation compiler with project's scala-library version: 3.3.8[0m
2026.09.15 12:31:29 INFO  no build target found for /home/amirali671/Documents/A.Rehman/Shadow/src/main/scala/processor/AluOp.scala. Using presentation compiler with project's scala-library version: 3.3.8[0m
2026.09.15 12:31:29 INFO  no build target found for /home/amirali671/Documents/A.Rehman/Shadow/src/main/scala/processor/AluOp.scala. Using presentation compiler with project's scala-library version: 3.3.8[0m
2026.09.15 12:31:56 INFO  no build target found for /home/amirali671/Documents/A.Rehman/Shadow/src/main/scala/processor/AluOp.scala. Using presentation compiler with project's scala-library version: 3.3.8[0m
2026.09.15 12:32:06 INFO  no build target found for /home/amirali671/Documents/A.Rehman/Shadow/src/main/scala/processor/ALUControl.scala. Using presentation compiler with project's scala-library version: 3.3.8[0m
2026.09.15 12:32:06 WARN  no build target for: /home/amirali671/Documents/A.Rehman/Shadow/src/main/scala/processor/ALUControl.scala[0m
2026.09.15 12:32:06 INFO  no build target found for /home/amirali671/Documents/A.Rehman/Shadow/src/main/scala/processor/ALUControl.scala. Using presentation compiler with project's scala-library version: 3.3.8[0m
2026.09.15 12:32:06 INFO  no build target found for /home/amirali671/Documents/A.Rehman/Shadow/src/main/scala/processor/ALUControl.scala. Using presentation compiler with project's scala-library version: 3.3.8[0m
2026.09.15 12:32:06 INFO  no build target found for /home/amirali671/Documents/A.Rehman/Shadow/src/main/scala/processor/ALUControl.scala. Using presentation compiler with project's scala-library version: 3.3.8[0m
2026.09.15 12:32:07 WARN  no build target for: /home/amirali671/Documents/A.Rehman/Shadow/src/main/scala/processor/PriEncoder.scala[0m
2026.09.15 12:32:07 INFO  no build target found for /home/amirali671/Documents/A.Rehman/Shadow/src/main/scala/processor/PriEncoder.scala. Using presentation compiler with project's scala-library version: 3.3.8[0m
2026.09.15 12:32:07 INFO  no build target found for /home/amirali671/Documents/A.Rehman/Shadow/src/main/scala/processor/PriEncoder.scala. Using presentation compiler with project's scala-library version: 3.3.8[0m
2026.09.15 12:32:07 INFO  no build target found for /home/amirali671/Documents/A.Rehman/Shadow/src/main/scala/processor/PriEncoder.scala. Using presentation compiler with project's scala-library version: 3.3.8[0m
2026.09.15 12:32:07 INFO  no build target found for /home/amirali671/Documents/A.Rehman/Shadow/src/main/scala/processor/PriEncoder.scala. Using presentation compiler with project's scala-library version: 3.3.8[0m
2026.09.15 12:32:11 INFO  no build target found for /home/amirali671/Documents/A.Rehman/Shadow/src/main/scala/processor/AluOp.scala. Using presentation compiler with project's scala-library version: 3.3.8[0m
2026.09.15 12:32:11 WARN  no build target for: /home/amirali671/Documents/A.Rehman/Shadow/src/main/scala/processor/AluOp.scala[0m
2026.09.15 12:32:11 INFO  no build target found for /home/amirali671/Documents/A.Rehman/Shadow/src/main/scala/processor/AluOp.scala. Using presentation compiler with project's scala-library version: 3.3.8[0m
2026.09.15 12:32:11 INFO  no build target found for /home/amirali671/Documents/A.Rehman/Shadow/src/main/scala/processor/AluOp.scala. Using presentation compiler with project's scala-library version: 3.3.8[0m
2026.09.15 12:32:11 INFO  no build target found for /home/amirali671/Documents/A.Rehman/Shadow/src/main/scala/processor/AluOp.scala. Using presentation compiler with project's scala-library version: 3.3.8[0m
2026.09.15 12:32:14 INFO  no build target found for /home/amirali671/Documents/A.Rehman/Shadow/src/main/scala/processor/AluOp.scala. Using presentation compiler with project's scala-library version: 3.3.8[0m
2026.09.15 12:32:14 INFO  no build target found for /home/amirali671/Documents/A.Rehman/Shadow/src/main/scala/processor/ALU.scala. Using presentation compiler with project's scala-library version: 3.3.8[0m
2026.09.15 12:32:14 WARN  no build target for: /home/amirali671/Documents/A.Rehman/Shadow/src/main/scala/processor/ALU.scala[0m
2026.09.15 12:32:14 INFO  no build target found for /home/amirali671/Documents/A.Rehman/Shadow/src/main/scala/processor/ALU.scala. Using presentation compiler with project's scala-library version: 3.3.8[0m
2026.09.15 12:32:14 INFO  no build target found for /home/amirali671/Documents/A.Rehman/Shadow/src/main/scala/processor/ALU.scala. Using presentation compiler with project's scala-library version: 3.3.8[0m
2026.09.15 12:32:14 INFO  no build target found for /home/amirali671/Documents/A.Rehman/Shadow/src/main/scala/processor/ALU.scala. Using presentation compiler with project's scala-library version: 3.3.8[0m
2026.09.15 12:32:17 INFO  no build target found for /home/amirali671/Documents/A.Rehman/Shadow/src/main/scala/processor/ALU.scala. Using presentation compiler with project's scala-library version: 3.3.8[0m
2026.09.15 12:33:26 INFO  no build target found for /home/amirali671/Documents/A.Rehman/Shadow/src/main/scala/processor/ALUControl.scala. Using presentation compiler with project's scala-library version: 3.3.8[0m
2026.09.15 12:33:26 WARN  no build target for: /home/amirali671/Documents/A.Rehman/Shadow/src/main/scala/processor/ALUControl.scala[0m
2026.09.15 12:33:26 INFO  no build target found for /home/amirali671/Documents/A.Rehman/Shadow/src/main/scala/processor/ALUControl.scala. Using presentation compiler with project's scala-library version: 3.3.8[0m
2026.09.15 12:33:26 INFO  no build target found for /home/amirali671/Documents/A.Rehman/Shadow/src/main/scala/processor/ALUControl.scala. Using presentation compiler with project's scala-library version: 3.3.8[0m
2026.09.15 12:53:22 INFO  no build target found for /home/amirali671/Documents/A.Rehman/Shadow/src/main/scala/processor/ALUControl.scala. Using presentation compiler with project's scala-library version: 3.3.8[0m
2026.09.15 12:53:25 INFO  no build target found for /home/amirali671/Documents/A.Rehman/Shadow/src/main/scala/processor/ALU.scala. Using presentation compiler with project's scala-library version: 3.3.8[0m
2026.09.15 12:53:25 WARN  no build target for: /home/amirali671/Documents/A.Rehman/Shadow/src/main/scala/processor/ALU.scala[0m
2026.09.15 12:53:25 INFO  no build target found for /home/amirali671/Documents/A.Rehman/Shadow/src/main/scala/processor/ALU.scala. Using presentation compiler with project's scala-library version: 3.3.8[0m
2026.09.15 12:53:25 INFO  no build target found for /home/amirali671/Documents/A.Rehman/Shadow/src/main/scala/processor/ALU.scala. Using presentation compiler with project's scala-library version: 3.3.8[0m
2026.09.15 12:53:25 INFO  no build target found for /home/amirali671/Documents/A.Rehman/Shadow/src/main/scala/processor/ALU.scala. Using presentation compiler with project's scala-library version: 3.3.8[0m
2026.09.15 12:53:28 INFO  no build target found for /home/amirali671/Documents/A.Rehman/Shadow/src/main/scala/processor/ALU.scala. Using presentation compiler with project's scala-library version: 3.3.8[0m
2026.09.15 12:53:28 INFO  no build target found for /home/amirali671/Documents/A.Rehman/Shadow/src/main/scala/processor/AluOp.scala. Using presentation compiler with project's scala-library version: 3.3.8[0m
2026.09.15 12:53:28 WARN  no build target for: /home/amirali671/Documents/A.Rehman/Shadow/src/main/scala/processor/AluOp.scala[0m
2026.09.15 12:53:28 INFO  no build target found for /home/amirali671/Documents/A.Rehman/Shadow/src/main/scala/processor/AluOp.scala. Using presentation compiler with project's scala-library version: 3.3.8[0m
2026.09.15 12:53:28 INFO  no build target found for /home/amirali671/Documents/A.Rehman/Shadow/src/main/scala/processor/AluOp.scala. Using presentation compiler with project's scala-library version: 3.3.8[0m
2026.09.15 12:53:28 INFO  no build target found for /home/amirali671/Documents/A.Rehman/Shadow/src/main/scala/processor/AluOp.scala. Using presentation compiler with project's scala-library version: 3.3.8[0m
2026.09.15 12:53:30 INFO  no build target found for /home/amirali671/Documents/A.Rehman/Shadow/src/main/scala/processor/AluOp.scala. Using presentation compiler with project's scala-library version: 3.3.8[0m
2026.09.15 12:55:35 INFO  no build target found for /home/amirali671/Documents/A.Rehman/Shadow/src/main/scala/processor/AluOp.scala. Using presentation compiler with project's scala-library version: 3.3.8[0m
2026.09.15 13:01:44 INFO  no build target found for /home/amirali671/Documents/A.Rehman/Shadow/src/main/scala/processor/AluOp.scala. Using presentation compiler with project's scala-library version: 3.3.8[0m
2026.09.15 13:10:42 INFO  no build target found for /home/amirali671/Documents/A.Rehman/Shadow/src/main/scala/processor/AluOp.scala. Using presentation compiler with project's scala-library version: 3.3.8[0m
2026.09.15 13:10:42 INFO  no build target found for /home/amirali671/Documents/A.Rehman/Shadow/src/main/scala/processor/AluOp.scala. Using presentation compiler with project's scala-library version: 3.3.8[0m
2026.09.15 13:10:43 INFO  no build target found for /home/amirali671/Documents/A.Rehman/Shadow/src/main/scala/processor/AluOp.scala. Using presentation compiler with project's scala-library version: 3.3.8[0m
2026.09.15 13:10:43 INFO  no build target found for /home/amirali671/Documents/A.Rehman/Shadow/src/main/scala/processor/AluOp.scala. Using presentation compiler with project's scala-library version: 3.3.8[0m
2026.09.15 13:11:40 INFO  no build target found for /home/amirali671/Documents/A.Rehman/Shadow/src/main/scala/processor/AluOp.scala. Using presentation compiler with project's scala-library version: 3.3.8[0m
2026.09.15 13:11:41 INFO  no build target found for /home/amirali671/Documents/A.Rehman/Shadow/src/main/scala/processor/AluOp.scala. Using presentation compiler with project's scala-library version: 3.3.8[0m
2026.09.15 13:16:47 INFO  no build target found for /home/amirali671/Documents/A.Rehman/Shadow/src/main/scala/processor/AluOp.scala. Using presentation compiler with project's scala-library version: 3.3.8[0m
2026.09.15 13:16:48 INFO  no build target found for /home/amirali671/Documents/A.Rehman/Shadow/src/main/scala/processor/AluOp.scala. Using presentation compiler with project's scala-library version: 3.3.8[0m
2026.09.15 13:16:48 INFO  no build target found for /home/amirali671/Documents/A.Rehman/Shadow/src/main/scala/processor/AluOp.scala. Using presentation compiler with project's scala-library version: 3.3.8[0m
2026.09.15 13:16:49 INFO  no build target found for /home/amirali671/Documents/A.Rehman/Shadow/src/main/scala/processor/AluOp.scala. Using presentation compiler with project's scala-library version: 3.3.8[0m
2026.09.15 13:16:49 INFO  no build target found for /home/amirali671/Documents/A.Rehman/Shadow/src/main/scala/processor/AluOp.scala. Using presentation compiler with project's scala-library version: 3.3.8[0m
2026.09.15 13:16:50 INFO  no build target found for /home/amirali671/Documents/A.Rehman/Shadow/src/main/scala/processor/AluOp.scala. Using presentation compiler with project's scala-library version: 3.3.8[0m
2026.09.15 13:18:15 INFO  no build target found for /home/amirali671/Documents/A.Rehman/Shadow/src/main/scala/processor/AluOp.scala. Using presentation compiler with project's scala-library version: 3.3.8[0m
2026.09.15 13:18:15 INFO  no build target found for /home/amirali671/Documents/A.Rehman/Shadow/src/main/scala/processor/Opcode.scala. Using presentation compiler with project's scala-library version: 3.3.8[0m
2026.09.15 13:18:15 WARN  no build target for: /home/amirali671/Documents/A.Rehman/Shadow/src/main/scala/processor/Opcode.scala[0m
2026.09.15 13:18:15 INFO  no build target found for /home/amirali671/Documents/A.Rehman/Shadow/src/main/scala/processor/Opcode.scala. Using presentation compiler with project's scala-library version: 3.3.8[0m
2026.09.15 13:18:15 INFO  no build target found for /home/amirali671/Documents/A.Rehman/Shadow/src/main/scala/processor/Opcode.scala. Using presentation compiler with project's scala-library version: 3.3.8[0m
2026.09.15 13:18:22 INFO  no build target found for /home/amirali671/Documents/A.Rehman/Shadow/src/main/scala/processor/Opcode.scala. Using presentation compiler with project's scala-library version: 3.3.8[0m
2026.09.15 13:18:22 WARN  no build target for: /home/amirali671/Documents/A.Rehman/Shadow/src/main/scala/processor/AluOp.scala[0m
2026.09.15 13:18:22 INFO  no build target found for /home/amirali671/Documents/A.Rehman/Shadow/src/main/scala/processor/AluOp.scala. Using presentation compiler with project's scala-library version: 3.3.8[0m
2026.09.15 13:18:22 INFO  no build target found for /home/amirali671/Documents/A.Rehman/Shadow/src/main/scala/processor/AluOp.scala. Using presentation compiler with project's scala-library version: 3.3.8[0m
2026.09.15 13:18:22 INFO  no build target found for /home/amirali671/Documents/A.Rehman/Shadow/src/main/scala/processor/AluOp.scala. Using presentation compiler with project's scala-library version: 3.3.8[0m
2026.09.15 13:18:22 INFO  no build target found for /home/amirali671/Documents/A.Rehman/Shadow/src/main/scala/processor/AluOp.scala. Using presentation compiler with project's scala-library version: 3.3.8[0m
2026.09.15 13:46:03 INFO  no build target found for /home/amirali671/Documents/A.Rehman/Shadow/src/main/scala/processor/AluOp.scala. Using presentation compiler with project's scala-library version: 3.3.8[0m
2026.09.15 13:46:04 INFO  no build target found for /home/amirali671/Documents/A.Rehman/Shadow/src/main/scala/processor/AluOp.scala. Using presentation compiler with project's scala-library version: 3.3.8[0m
2026.09.15 13:46:04 INFO  no build target found for /home/amirali671/Documents/A.Rehman/Shadow/src/main/scala/processor/Conditionsf3.scala. Using presentation compiler with project's scala-library version: 3.3.8[0m
2026.09.15 13:46:04 WARN  no build target for: /home/amirali671/Documents/A.Rehman/Shadow/src/main/scala/processor/Conditionsf3.scala[0m
2026.09.15 13:46:04 INFO  no build target found for /home/amirali671/Documents/A.Rehman/Shadow/src/main/scala/processor/Conditionsf3.scala. Using presentation compiler with project's scala-library version: 3.3.8[0m
2026.09.15 13:46:04 INFO  no build target found for /home/amirali671/Documents/A.Rehman/Shadow/src/main/scala/processor/Conditionsf3.scala. Using presentation compiler with project's scala-library version: 3.3.8[0m
2026.09.15 13:46:05 INFO  no build target found for /home/amirali671/Documents/A.Rehman/Shadow/src/main/scala/processor/Conditionsf3.scala. Using presentation compiler with project's scala-library version: 3.3.8[0m
2026.09.15 13:46:05 INFO  no build target found for /home/amirali671/Documents/A.Rehman/Shadow/src/main/scala/processor/JALRAdder.scala. Using presentation compiler with project's scala-library version: 3.3.8[0m
2026.09.15 13:46:05 WARN  no build target for: /home/amirali671/Documents/A.Rehman/Shadow/src/main/scala/processor/JALRAdder.scala[0m
2026.09.15 13:46:05 INFO  no build target found for /home/amirali671/Documents/A.Rehman/Shadow/src/main/scala/processor/JALRAdder.scala. Using presentation compiler with project's scala-library version: 3.3.8[0m
2026.09.15 13:46:05 INFO  no build target found for /home/amirali671/Documents/A.Rehman/Shadow/src/main/scala/processor/JALRAdder.scala. Using presentation compiler with project's scala-library version: 3.3.8[0m
2026.09.15 13:46:07 INFO  no build target found for /home/amirali671/Documents/A.Rehman/Shadow/src/main/scala/processor/JALRAdder.scala. Using presentation compiler with project's scala-library version: 3.3.8[0m
2026.09.15 13:46:07 INFO  no build target found for /home/amirali671/Documents/A.Rehman/Shadow/src/main/scala/processor/IOInterface.scala. Using presentation compiler with project's scala-library version: 3.3.8[0m
2026.09.15 13:46:07 WARN  no build target for: /home/amirali671/Documents/A.Rehman/Shadow/src/main/scala/processor/IOInterface.scala[0m
2026.09.15 13:46:07 INFO  no build target found for /home/amirali671/Documents/A.Rehman/Shadow/src/main/scala/processor/IOInterface.scala. Using presentation compiler with project's scala-library version: 3.3.8[0m
2026.09.15 13:46:07 INFO  no build target found for /home/amirali671/Documents/A.Rehman/Shadow/src/main/scala/processor/IOInterface.scala. Using presentation compiler with project's scala-library version: 3.3.8[0m
2026.09.15 13:46:07 INFO  no build target found for /home/amirali671/Documents/A.Rehman/Shadow/src/main/scala/processor/IOInterface.scala. Using presentation compiler with project's scala-library version: 3.3.8[0m
2026.09.15 13:46:08 INFO  no build target found for /home/amirali671/Documents/A.Rehman/Shadow/src/main/scala/processor/InstrDecoder.scala. Using presentation compiler with project's scala-library version: 3.3.8[0m
2026.09.15 13:46:08 WARN  no build target for: /home/amirali671/Documents/A.Rehman/Shadow/src/main/scala/processor/InstrDecoder.scala[0m
2026.09.15 13:46:07 INFO  no build target found for /home/amirali671/Documents/A.Rehman/Shadow/src/main/scala/processor/InstrDecoder.scala. Using presentation compiler with project's scala-library version: 3.3.8[0m
2026.09.15 13:46:16 INFO  no build target found for /home/amirali671/Documents/A.Rehman/Shadow/src/main/scala/processor/PriEncoder.scala. Using presentation compiler with project's scala-library version: 3.3.8[0m
2026.09.15 13:46:17 WARN  no build target for: /home/amirali671/Documents/A.Rehman/Shadow/src/main/scala/processor/PriEncoder.scala[0m
2026.09.15 13:46:16 INFO  no build target found for /home/amirali671/Documents/A.Rehman/Shadow/src/main/scala/processor/PriEncoder.scala. Using presentation compiler with project's scala-library version: 3.3.8[0m
2026.09.15 13:46:16 INFO  no build target found for /home/amirali671/Documents/A.Rehman/Shadow/src/main/scala/processor/PriEncoder.scala. Using presentation compiler with project's scala-library version: 3.3.8[0m
2026.09.15 13:46:38 INFO  no build target found for /home/amirali671/Documents/A.Rehman/Shadow/src/main/scala/processor/PriEncoder.scala. Using presentation compiler with project's scala-library version: 3.3.8[0m
2026.09.15 13:46:40 INFO  no build target found for /home/amirali671/Documents/A.Rehman/Shadow/src/main/scala/processor/PriEncoder.scala. Using presentation compiler with project's scala-library version: 3.3.8[0m
2026.09.15 13:46:59 INFO  no build target found for /home/amirali671/Documents/A.Rehman/Shadow/src/main/scala/processor/PriEncoder.scala. Using presentation compiler with project's scala-library version: 3.3.8[0m
2026.09.15 13:46:59 INFO  no build target found for /home/amirali671/Documents/A.Rehman/Shadow/src/main/scala/processor/PriEncoder.scala. Using presentation compiler with project's scala-library version: 3.3.8[0m
2026.09.15 13:47:03 INFO  no build target found for /home/amirali671/Documents/A.Rehman/Shadow/src/main/scala/processor/PriEncoder.scala. Using presentation compiler with project's scala-library version: 3.3.8[0m
2026.09.15 13:47:03 INFO  no build target found for /home/amirali671/Documents/A.Rehman/Shadow/src/main/scala/processor/PriEncoder.scala. Using presentation compiler with project's scala-library version: 3.3.8[0m
2026.09.15 13:47:03 INFO  no build target found for /home/amirali671/Documents/A.Rehman/Shadow/src/main/scala/processor/PriEncoder.scala. Using presentation compiler with project's scala-library version: 3.3.8[0m
2026.09.15 13:47:04 INFO  no build target found for /home/amirali671/Documents/A.Rehman/Shadow/src/main/scala/processor/PriEncoder.scala. Using presentation compiler with project's scala-library version: 3.3.8[0m
2026.09.15 13:47:04 INFO  no build target found for /home/amirali671/Documents/A.Rehman/Shadow/src/main/scala/processor/PriEncoder.scala. Using presentation compiler with project's scala-library version: 3.3.8[0m
2026.09.15 13:47:04 INFO  no build target found for /home/amirali671/Documents/A.Rehman/Shadow/src/main/scala/processor/PriEncoder.scala. Using presentation compiler with project's scala-library version: 3.3.8[0m
2026.09.15 13:47:04 INFO  no build target found for /home/amirali671/Documents/A.Rehman/Shadow/src/main/scala/processor/PriEncoder.scala. Using presentation compiler with project's scala-library version: 3.3.8[0m
2026.09.15 13:47:06 INFO  no build target found for /home/amirali671/Documents/A.Rehman/Shadow/src/main/scala/processor/PriEncoder.scala. Using presentation compiler with project's scala-library version: 3.3.8[0m
2026.09.15 13:47:06 INFO  no build target found for /home/amirali671/Documents/A.Rehman/Shadow/src/main/scala/processor/PriEncoder.scala. Using presentation compiler with project's scala-library version: 3.3.8[0m
2026.09.15 13:47:06 INFO  no build target found for /home/amirali671/Documents/A.Rehman/Shadow/src/main/scala/processor/PriEncoder.scala. Using presentation compiler with project's scala-library version: 3.3.8[0m
2026.09.15 13:47:06 INFO  no build target found for /home/amirali671/Documents/A.Rehman/Shadow/src/main/scala/processor/PriEncoder.scala. Using presentation compiler with project's scala-library version: 3.3.8[0m
2026.09.15 13:47:07 INFO  no build target found for /home/amirali671/Documents/A.Rehman/Shadow/src/main/scala/processor/PriEncoder.scala. Using presentation compiler with project's scala-library version: 3.3.8[0m
2026.09.15 13:47:07 INFO  no build target found for /home/amirali671/Documents/A.Rehman/Shadow/src/main/scala/processor/PriEncoder.scala. Using presentation compiler with project's scala-library version: 3.3.8[0m
2026.09.15 13:47:07 INFO  no build target found for /home/amirali671/Documents/A.Rehman/Shadow/src/main/scala/processor/PriEncoder.scala. Using presentation compiler with project's scala-library version: 3.3.8[0m
2026.09.15 13:47:08 INFO  no build target found for /home/amirali671/Documents/A.Rehman/Shadow/src/main/scala/processor/PriEncoder.scala. Using presentation compiler with project's scala-library version: 3.3.8[0m
2026.09.15 13:47:08 INFO  no build target found for /home/amirali671/Documents/A.Rehman/Shadow/src/main/scala/processor/PriEncoder.scala. Using presentation compiler with project's scala-library version: 3.3.8[0m
2026.09.15 13:47:10 INFO  no build target found for /home/amirali671/Documents/A.Rehman/Shadow/src/main/scala/processor/PriEncoder.scala. Using presentation compiler with project's scala-library version: 3.3.8[0m
2026.09.15 13:47:10 INFO  no build target found for /home/amirali671/Documents/A.Rehman/Shadow/src/main/scala/processor/PriEncoder.scala. Using presentation compiler with project's scala-library version: 3.3.8[0m
2026.09.15 13:47:13 INFO  no build target found for /home/amirali671/Documents/A.Rehman/Shadow/src/main/scala/processor/PriEncoder.scala. Using presentation compiler with project's scala-library version: 3.3.8[0m
2026.09.15 13:47:13 INFO  no build target found for /home/amirali671/Documents/A.Rehman/Shadow/src/main/scala/processor/PriEncoder.scala. Using presentation compiler with project's scala-library version: 3.3.8[0m
2026.09.15 13:47:13 INFO  no build target found for /home/amirali671/Documents/A.Rehman/Shadow/src/main/scala/processor/PriEncoder.scala. Using presentation compiler with project's scala-library version: 3.3.8[0m
2026.09.15 13:47:14 INFO  no build target found for /home/amirali671/Documents/A.Rehman/Shadow/src/main/scala/processor/PriEncoder.scala. Using presentation compiler with project's scala-library version: 3.3.8[0m
2026.09.15 13:47:14 INFO  no build target found for /home/amirali671/Documents/A.Rehman/Shadow/src/main/scala/processor/PriEncoder.scala. Using presentation compiler with project's scala-library version: 3.3.8[0m
2026.09.15 13:47:15 INFO  no build target found for /home/amirali671/Documents/A.Rehman/Shadow/src/main/scala/processor/PriEncoder.scala. Using presentation compiler with project's scala-library version: 3.3.8[0m
2026.09.15 13:47:15 WARN  no build target for: /home/amirali671/Documents/A.Rehman/Shadow/src/main/scala/processor/PriEncoder.scala[0m
2026.09.15 13:47:16 INFO  no build target found for /home/amirali671/Documents/A.Rehman/Shadow/src/main/scala/processor/PriEncoder.scala. Using presentation compiler with project's scala-library version: 3.3.8[0m
2026.09.15 13:47:16 INFO  no build target found for /home/amirali671/Documents/A.Rehman/Shadow/src/main/scala/processor/PriEncoder.scala. Using presentation compiler with project's scala-library version: 3.3.8[0m
2026.09.15 13:47:16 INFO  no build target found for /home/amirali671/Documents/A.Rehman/Shadow/src/main/scala/processor/PriEncoder.scala. Using presentation compiler with project's scala-library version: 3.3.8[0m
2026.09.15 13:47:16 INFO  no build target found for /home/amirali671/Documents/A.Rehman/Shadow/src/main/scala/processor/PriEncoder.scala. Using presentation compiler with project's scala-library version: 3.3.8[0m
2026.09.15 13:47:17 WARN  no build target for: /home/amirali671/Documents/A.Rehman/Shadow/src/main/scala/processor/PriEncoder.scala[0m
2026.09.15 13:47:17 INFO  no build target found for /home/amirali671/Documents/A.Rehman/Shadow/src/main/scala/processor/PriEncoder.scala. Using presentation compiler with project's scala-library version: 3.3.8[0m
2026.09.15 13:47:17 INFO  no build target found for /home/amirali671/Documents/A.Rehman/Shadow/src/main/scala/processor/PriEncoder.scala. Using presentation compiler with project's scala-library version: 3.3.8[0m
2026.09.15 13:47:18 INFO  no build target found for /home/amirali671/Documents/A.Rehman/Shadow/src/main/scala/processor/PriEncoder.scala. Using presentation compiler with project's scala-library version: 3.3.8[0m
2026.09.15 13:47:18 INFO  no build target found for /home/amirali671/Documents/A.Rehman/Shadow/src/main/scala/processor/PriEncoder.scala. Using presentation compiler with project's scala-library version: 3.3.8[0m
2026.09.15 13:47:19 INFO  no build target found for /home/amirali671/Documents/A.Rehman/Shadow/src/main/scala/processor/PriEncoder.scala. Using presentation compiler with project's scala-library version: 3.3.8[0m
2026.09.15 13:47:18 INFO  no build target found for /home/amirali671/Documents/A.Rehman/Shadow/src/main/scala/processor/PriEncoder.scala. Using presentation compiler with project's scala-library version: 3.3.8[0m
2026.09.15 13:47:18 INFO  no build target found for /home/amirali671/Documents/A.Rehman/Shadow/src/main/scala/processor/PriEncoder.scala. Using presentation compiler with project's scala-library version: 3.3.8[0m
2026.09.15 13:47:18 INFO  no build target found for /home/amirali671/Documents/A.Rehman/Shadow/src/main/scala/processor/PriEncoder.scala. Using presentation compiler with project's scala-library version: 3.3.8[0m
2026.09.15 13:47:18 INFO  no build target found for /home/amirali671/Documents/A.Rehman/Shadow/src/main/scala/processor/PriEncoder.scala. Using presentation compiler with project's scala-library version: 3.3.8[0m
2026.09.15 13:47:20 INFO  no build target found for /home/amirali671/Documents/A.Rehman/Shadow/src/main/scala/processor/PriEncoder.scala. Using presentation compiler with project's scala-library version: 3.3.8[0m
2026.09.15 13:47:20 INFO  no build target found for /home/amirali671/Documents/A.Rehman/Shadow/src/main/scala/processor/PriEncoder.scala. Using presentation compiler with project's scala-library version: 3.3.8[0m
2026.09.15 13:47:20 INFO  no build target found for /home/amirali671/Documents/A.Rehman/Shadow/src/main/scala/processor/PriEncoder.scala. Using presentation compiler with project's scala-library version: 3.3.8[0m
2026.09.15 13:47:20 INFO  no build target found for /home/amirali671/Documents/A.Rehman/Shadow/src/main/scala/processor/PriEncoder.scala. Using presentation compiler with project's scala-library version: 3.3.8[0m
2026.09.15 13:47:20 INFO  no build target found for /home/amirali671/Documents/A.Rehman/Shadow/src/main/scala/processor/PriEncoder.scala. Using presentation compiler with project's scala-library version: 3.3.8[0m
2026.09.15 13:47:20 INFO  no build target found for /home/amirali671/Documents/A.Rehman/Shadow/src/main/scala/processor/PriEncoder.scala. Using presentation compiler with project's scala-library version: 3.3.8[0m
Sep 15, 2026 1:47:20 PM org.eclipse.lsp4j.jsonrpc.RemoteEndpoint handleCancellation
WARNING: Unmatched cancel notification for request id 460
2026.09.15 13:47:20 INFO  no build target found for /home/amirali671/Documents/A.Rehman/Shadow/src/main/scala/processor/PriEncoder.scala. Using presentation compiler with project's scala-library version: 3.3.8[0m
2026.09.15 13:47:21 INFO  no build target found for /home/amirali671/Documents/A.Rehman/Shadow/src/main/scala/processor/PriEncoder.scala. Using presentation compiler with project's scala-library version: 3.3.8[0m
2026.09.15 13:47:21 INFO  no build target found for /home/amirali671/Documents/A.Rehman/Shadow/src/main/scala/processor/PriEncoder.scala. Using presentation compiler with project's scala-library version: 3.3.8[0m
2026.09.15 13:47:21 INFO  no build target found for /home/amirali671/Documents/A.Rehman/Shadow/src/main/scala/processor/PriEncoder.scala. Using presentation compiler with project's scala-library version: 3.3.8[0m
2026.09.15 13:47:21 INFO  no build target found for /home/amirali671/Documents/A.Rehman/Shadow/src/main/scala/processor/PriEncoder.scala. Using presentation compiler with project's scala-library version: 3.3.8[0m
2026.09.15 13:47:21 INFO  no build target found for /home/amirali671/Documents/A.Rehman/Shadow/src/main/scala/processor/PriEncoder.scala. Using presentation compiler with project's scala-library version: 3.3.8[0m
2026.09.15 13:47:21 INFO  no build target found for /home/amirali671/Documents/A.Rehman/Shadow/src/main/scala/processor/PriEncoder.scala. Using presentation compiler with project's scala-library version: 3.3.8[0m
2026.09.15 13:47:21 INFO  no build target found for /home/amirali671/Documents/A.Rehman/Shadow/src/main/scala/processor/PriEncoder.scala. Using presentation compiler with project's scala-library version: 3.3.8[0m
2026.09.15 13:47:22 INFO  no build target found for /home/amirali671/Documents/A.Rehman/Shadow/src/main/scala/processor/PriEncoder.scala. Using presentation compiler with project's scala-library version: 3.3.8[0m
2026.09.15 13:47:22 WARN  no build target for: /home/amirali671/Documents/A.Rehman/Shadow/src/main/scala/processor/PriEncoder.scala[0m
2026.09.15 13:47:22 INFO  no build target found for /home/amirali671/Documents/A.Rehman/Shadow/src/main/scala/processor/PriEncoder.scala. Using presentation compiler with project's scala-library version: 3.3.8[0m
2026.09.15 13:47:22 INFO  no build target found for /home/amirali671/Documents/A.Rehman/Shadow/src/main/scala/processor/PriEncoder.scala. Using presentation compiler with project's scala-library version: 3.3.8[0m
2026.09.15 13:47:23 INFO  no build target found for /home/amirali671/Documents/A.Rehman/Shadow/src/main/scala/processor/PriEncoder.scala. Using presentation compiler with project's scala-library version: 3.3.8[0m
2026.09.15 13:47:23 INFO  no build target found for /home/amirali671/Documents/A.Rehman/Shadow/src/main/scala/processor/PriEncoder.scala. Using presentation compiler with project's scala-library version: 3.3.8[0m
2026.09.15 13:47:24 INFO  no build target found for /home/amirali671/Documents/A.Rehman/Shadow/src/main/scala/processor/PriEncoder.scala. Using presentation compiler with project's scala-library version: 3.3.8[0m
2026.09.15 13:47:24 INFO  no build target found for /home/amirali671/Documents/A.Rehman/Shadow/src/main/scala/processor/PriEncoder.scala. Using presentation compiler with project's scala-library version: 3.3.8[0m
2026.09.15 13:47:25 WARN  no build target for: /home/amirali671/Documents/A.Rehman/Shadow/src/main/scala/processor/PriEncoder.scala[0m
2026.09.15 13:47:25 INFO  no build target found for /home/amirali671/Documents/A.Rehman/Shadow/src/main/scala/processor/PriEncoder.scala. Using presentation compiler with project's scala-library version: 3.3.8[0m
2026.09.15 13:47:25 INFO  no build target found for /home/amirali671/Documents/A.Rehman/Shadow/src/main/scala/processor/PriEncoder.scala. Using presentation compiler with project's scala-library version: 3.3.8[0m
2026.09.15 13:47:26 INFO  no build target found for /home/amirali671/Documents/A.Rehman/Shadow/src/main/scala/processor/PriEncoder.scala. Using presentation compiler with project's scala-library version: 3.3.8[0m
2026.09.15 13:47:26 INFO  no build target found for /home/amirali671/Documents/A.Rehman/Shadow/src/main/scala/processor/PriEncoder.scala. Using presentation compiler with project's scala-library version: 3.3.8[0m
2026.09.15 13:47:26 INFO  no build target found for /home/amirali671/Documents/A.Rehman/Shadow/src/main/scala/processor/PriEncoder.scala. Using presentation compiler with project's scala-library version: 3.3.8[0m
2026.09.15 13:47:26 INFO  no build target found for /home/amirali671/Documents/A.Rehman/Shadow/src/main/scala/processor/PriEncoder.scala. Using presentation compiler with project's scala-library version: 3.3.8[0m
2026.09.15 13:47:27 INFO  no build target found for /home/amirali671/Documents/A.Rehman/Shadow/src/main/scala/processor/PriEncoder.scala. Using presentation compiler with project's scala-library version: 3.3.8[0m
2026.09.15 13:47:26 INFO  no build target found for /home/amirali671/Documents/A.Rehman/Shadow/src/main/scala/processor/PriEncoder.scala. Using presentation compiler with project's scala-library version: 3.3.8[0m
2026.09.15 13:47:27 WARN  no build target for: /home/amirali671/Documents/A.Rehman/Shadow/src/main/scala/processor/PriEncoder.scala[0m
2026.09.15 13:47:28 INFO  no build target found for /home/amirali671/Documents/A.Rehman/Shadow/src/main/scala/processor/PriEncoder.scala. Using presentation compiler with project's scala-library version: 3.3.8[0m
2026.09.15 13:47:28 INFO  no build target found for /home/amirali671/Documents/A.Rehman/Shadow/src/main/scala/processor/PriEncoder.scala. Using presentation compiler with project's scala-library version: 3.3.8[0m
2026.09.15 13:47:29 INFO  no build target found for /home/amirali671/Documents/A.Rehman/Shadow/src/main/scala/processor/PriEncoder.scala. Using presentation compiler with project's scala-library version: 3.3.8[0m
2026.09.15 13:47:30 WARN  no build target for: /home/amirali671/Documents/A.Rehman/Shadow/src/main/scala/processor/PriEncoder.scala[0m
2026.09.15 13:47:30 INFO  no build target found for /home/amirali671/Documents/A.Rehman/Shadow/src/main/scala/processor/PriEncoder.scala. Using presentation compiler with project's scala-library version: 3.3.8[0m
2026.09.15 13:47:30 INFO  no build target found for /home/amirali671/Documents/A.Rehman/Shadow/src/main/scala/processor/PriEncoder.scala. Using presentation compiler with project's scala-library version: 3.3.8[0m
2026.09.15 13:47:30 INFO  no build target found for /home/amirali671/Documents/A.Rehman/Shadow/src/main/scala/processor/PriEncoder.scala. Using presentation compiler with project's scala-library version: 3.3.8[0m
2026.09.15 13:47:30 INFO  no build target found for /home/amirali671/Documents/A.Rehman/Shadow/src/main/scala/processor/PriEncoder.scala. Using presentation compiler with project's scala-library version: 3.3.8[0m
2026.09.15 13:47:30 INFO  no build target found for /home/amirali671/Documents/A.Rehman/Shadow/src/main/scala/processor/PriEncoder.scala. Using presentation compiler with project's scala-library version: 3.3.8[0m
2026.09.15 13:47:31 WARN  no build target for: /home/amirali671/Documents/A.Rehman/Shadow/src/main/scala/processor/PriEncoder.scala[0m
2026.09.15 13:47:33 INFO  no build target found for /home/amirali671/Documents/A.Rehman/Shadow/src/main/scala/processor/PriEncoder.scala. Using presentation compiler with project's scala-library version: 3.3.8[0m
2026.09.15 13:47:33 INFO  no build target found for /home/amirali671/Documents/A.Rehman/Shadow/src/main/scala/processor/PriEncoder.scala. Using presentation compiler with project's scala-library version: 3.3.8[0m
2026.09.15 13:47:34 INFO  no build target found for /home/amirali671/Documents/A.Rehman/Shadow/src/main/scala/processor/PriEncoder.scala. Using presentation compiler with project's scala-library version: 3.3.8[0m
2026.09.15 13:47:33 INFO  no build target found for /home/amirali671/Documents/A.Rehman/Shadow/src/main/scala/processor/PriEncoder.scala. Using presentation compiler with project's scala-library version: 3.3.8[0m
2026.09.15 13:47:33 INFO  no build target found for /home/amirali671/Documents/A.Rehman/Shadow/src/main/scala/processor/PriEncoder.scala. Using presentation compiler with project's scala-library version: 3.3.8[0m
2026.09.15 13:47:34 WARN  no build target for: /home/amirali671/Documents/A.Rehman/Shadow/src/main/scala/processor/PriEncoder.scala[0m
2026.09.15 13:47:35 INFO  no build target found for /home/amirali671/Documents/A.Rehman/Shadow/src/main/scala/processor/PriEncoder.scala. Using presentation compiler with project's scala-library version: 3.3.8[0m
2026.09.15 13:47:35 INFO  no build target found for /home/amirali671/Documents/A.Rehman/Shadow/src/main/scala/processor/PriEncoder.scala. Using presentation compiler with project's scala-library version: 3.3.8[0m
2026.09.15 13:47:36 INFO  no build target found for /home/amirali671/Documents/A.Rehman/Shadow/src/main/scala/processor/PriEncoder.scala. Using presentation compiler with project's scala-library version: 3.3.8[0m
2026.09.15 13:47:36 INFO  no build target found for /home/amirali671/Documents/A.Rehman/Shadow/src/main/scala/processor/PriEncoder.scala. Using presentation compiler with project's scala-library version: 3.3.8[0m
2026.09.15 13:47:36 INFO  no build target found for /home/amirali671/Documents/A.Rehman/Shadow/src/main/scala/processor/PriEncoder.scala. Using presentation compiler with project's scala-library version: 3.3.8[0m
2026.09.15 13:47:36 INFO  no build target found for /home/amirali671/Documents/A.Rehman/Shadow/src/main/scala/processor/PriEncoder.scala. Using presentation compiler with project's scala-library version: 3.3.8[0m
2026.09.15 13:47:36 INFO  no build target found for /home/amirali671/Documents/A.Rehman/Shadow/src/main/scala/processor/PriEncoder.scala. Using presentation compiler with project's scala-library version: 3.3.8[0m
2026.09.15 13:47:37 WARN  no build target for: /home/amirali671/Documents/A.Rehman/Shadow/src/main/scala/processor/PriEncoder.scala[0m
2026.09.15 13:47:37 INFO  no build target found for /home/amirali671/Documents/A.Rehman/Shadow/src/main/scala/processor/PriEncoder.scala. Using presentation compiler with project's scala-library version: 3.3.8[0m
2026.09.15 13:47:37 INFO  no build target found for /home/amirali671/Documents/A.Rehman/Shadow/src/main/scala/processor/PriEncoder.scala. Using presentation compiler with project's scala-library version: 3.3.8[0m
2026.09.15 13:47:37 INFO  no build target found for /home/amirali671/Documents/A.Rehman/Shadow/src/main/scala/processor/PriEncoder.scala. Using presentation compiler with project's scala-library version: 3.3.8[0m
2026.09.15 13:47:37 INFO  no build target found for /home/amirali671/Documents/A.Rehman/Shadow/src/main/scala/processor/PriEncoder.scala. Using presentation compiler with project's scala-library version: 3.3.8[0m
2026.09.15 13:47:37 INFO  no build target found for /home/amirali671/Documents/A.Rehman/Shadow/src/main/scala/processor/PriEncoder.scala. Using presentation compiler with project's scala-library version: 3.3.8[0m
2026.09.15 13:47:38 INFO  no build target found for /home/amirali671/Documents/A.Rehman/Shadow/src/main/scala/processor/PriEncoder.scala. Using presentation compiler with project's scala-library version: 3.3.8[0m
2026.09.15 13:47:37 INFO  no build target found for /home/amirali671/Documents/A.Rehman/Shadow/src/main/scala/processor/PriEncoder.scala. Using presentation compiler with project's scala-library version: 3.3.8[0m
2026.09.15 13:47:37 INFO  no build target found for /home/amirali671/Documents/A.Rehman/Shadow/src/main/scala/processor/PriEncoder.scala. Using presentation compiler with project's scala-library version: 3.3.8[0m
2026.09.15 13:47:38 INFO  no build target found for /home/amirali671/Documents/A.Rehman/Shadow/src/main/scala/processor/PriEncoder.scala. Using presentation compiler with project's scala-library version: 3.3.8[0m
2026.09.15 13:47:38 INFO  no build target found for /home/amirali671/Documents/A.Rehman/Shadow/src/main/scala/processor/PriEncoder.scala. Using presentation compiler with project's scala-library version: 3.3.8[0m
2026.09.15 13:47:38 INFO  no build target found for /home/amirali671/Documents/A.Rehman/Shadow/src/main/scala/processor/PriEncoder.scala. Using presentation compiler with project's scala-library version: 3.3.8[0m
2026.09.15 13:47:38 INFO  no build target found for /home/amirali671/Documents/A.Rehman/Shadow/src/main/scala/processor/PriEncoder.scala. Using presentation compiler with project's scala-library version: 3.3.8[0m
2026.09.15 13:47:38 INFO  no build target found for /home/amirali671/Documents/A.Rehman/Shadow/src/main/scala/processor/PriEncoder.scala. Using presentation compiler with project's scala-library version: 3.3.8[0m
2026.09.15 13:47:39 INFO  no build target found for /home/amirali671/Documents/A.Rehman/Shadow/src/main/scala/processor/PriEncoder.scala. Using presentation compiler with project's scala-library version: 3.3.8[0m
2026.09.15 13:47:38 INFO  no build target found for /home/amirali671/Documents/A.Rehman/Shadow/src/main/scala/processor/PriEncoder.scala. Using presentation compiler with project's scala-library version: 3.3.8[0m
2026.09.15 13:47:39 INFO  no build target found for /home/amirali671/Documents/A.Rehman/Shadow/src/main/scala/processor/PriEncoder.scala. Using presentation compiler with project's scala-library version: 3.3.8[0m
2026.09.15 13:47:40 WARN  no build target for: /home/amirali671/Documents/A.Rehman/Shadow/src/main/scala/processor/PriEncoder.scala[0m
2026.09.15 13:47:39 INFO  no build target found for /home/amirali671/Documents/A.Rehman/Shadow/src/main/scala/processor/PriEncoder.scala. Using presentation compiler with project's scala-library version: 3.3.8[0m
2026.09.15 13:47:42 INFO  no build target found for /home/amirali671/Documents/A.Rehman/Shadow/src/main/scala/processor/PriEncoder.scala. Using presentation compiler with project's scala-library version: 3.3.8[0m
2026.09.15 13:47:42 INFO  no build target found for /home/amirali671/Documents/A.Rehman/Shadow/src/main/scala/processor/PriEncoder.scala. Using presentation compiler with project's scala-library version: 3.3.8[0m
2026.09.15 13:47:42 INFO  no build target found for /home/amirali671/Documents/A.Rehman/Shadow/src/main/scala/processor/PriEncoder.scala. Using presentation compiler with project's scala-library version: 3.3.8[0m
2026.09.15 13:47:42 INFO  no build target found for /home/amirali671/Documents/A.Rehman/Shadow/src/main/scala/processor/PriEncoder.scala. Using presentation compiler with project's scala-library version: 3.3.8[0m
2026.09.15 13:47:42 INFO  no build target found for /home/amirali671/Documents/A.Rehman/Shadow/src/main/scala/processor/PriEncoder.scala. Using presentation compiler with project's scala-library version: 3.3.8[0m
2026.09.15 13:47:43 WARN  no build target for: /home/amirali671/Documents/A.Rehman/Shadow/src/main/scala/processor/PriEncoder.scala[0m
2026.09.15 13:47:43 INFO  no build target found for /home/amirali671/Documents/A.Rehman/Shadow/src/main/scala/processor/PriEncoder.scala. Using presentation compiler with project's scala-library version: 3.3.8[0m
2026.09.15 13:47:43 INFO  no build target found for /home/amirali671/Documents/A.Rehman/Shadow/src/main/scala/processor/PriEncoder.scala. Using presentation compiler with project's scala-library version: 3.3.8[0m
2026.09.15 13:47:43 INFO  no build target found for /home/amirali671/Documents/A.Rehman/Shadow/src/main/scala/processor/PriEncoder.scala. Using presentation compiler with project's scala-library version: 3.3.8[0m
2026.09.15 13:47:43 INFO  no build target found for /home/amirali671/Documents/A.Rehman/Shadow/src/main/scala/processor/PriEncoder.scala. Using presentation compiler with project's scala-library version: 3.3.8[0m
2026.09.15 13:47:43 INFO  no build target found for /home/amirali671/Documents/A.Rehman/Shadow/src/main/scala/processor/PriEncoder.scala. Using presentation compiler with project's scala-library version: 3.3.8[0m
2026.09.15 13:47:44 INFO  no build target found for /home/amirali671/Documents/A.Rehman/Shadow/src/main/scala/processor/PriEncoder.scala. Using presentation compiler with project's scala-library version: 3.3.8[0m
2026.09.15 13:47:44 INFO  no build target found for /home/amirali671/Documents/A.Rehman/Shadow/src/main/scala/processor/PriEncoder.scala. Using presentation compiler with project's scala-library version: 3.3.8[0m
2026.09.15 13:47:45 INFO  no build target found for /home/amirali671/Documents/A.Rehman/Shadow/src/main/scala/processor/PriEncoder.scala. Using presentation compiler with project's scala-library version: 3.3.8[0m
2026.09.15 13:47:44 INFO  no build target found for /home/amirali671/Documents/A.Rehman/Shadow/src/main/scala/processor/PriEncoder.scala. Using presentation compiler with project's scala-library version: 3.3.8[0m
2026.09.15 13:47:46 WARN  no build target for: /home/amirali671/Documents/A.Rehman/Shadow/src/main/scala/processor/PriEncoder.scala[0m
2026.09.15 13:47:46 INFO  no build target found for /home/amirali671/Documents/A.Rehman/Shadow/src/main/scala/processor/PriEncoder.scala. Using presentation compiler with project's scala-library version: 3.3.8[0m
2026.09.15 13:47:46 INFO  no build target found for /home/amirali671/Documents/A.Rehman/Shadow/src/main/scala/processor/PriEncoder.scala. Using presentation compiler with project's scala-library version: 3.3.8[0m
2026.09.15 13:47:46 INFO  no build target found for /home/amirali671/Documents/A.Rehman/Shadow/src/main/scala/processor/PriEncoder.scala. Using presentation compiler with project's scala-library version: 3.3.8[0m
2026.09.15 13:47:46 INFO  no build target found for /home/amirali671/Documents/A.Rehman/Shadow/src/main/scala/processor/PriEncoder.scala. Using presentation compiler with project's scala-library version: 3.3.8[0m
2026.09.15 13:47:46 INFO  no build target found for /home/amirali671/Documents/A.Rehman/Shadow/src/main/scala/processor/PriEncoder.scala. Using presentation compiler with project's scala-library version: 3.3.8[0m
2026.09.15 13:47:46 INFO  no build target found for /home/amirali671/Documents/A.Rehman/Shadow/src/main/scala/processor/PriEncoder.scala. Using presentation compiler with project's scala-library version: 3.3.8[0m
2026.09.15 13:47:46 INFO  no build target found for /home/amirali671/Documents/A.Rehman/Shadow/src/main/scala/processor/PriEncoder.scala. Using presentation compiler with project's scala-library version: 3.3.8[0m
2026.09.15 13:47:46 INFO  no build target found for /home/amirali671/Documents/A.Rehman/Shadow/src/main/scala/processor/PriEncoder.scala. Using presentation compiler with project's scala-library version: 3.3.8[0m
2026.09.15 13:47:46 INFO  no build target found for /home/amirali671/Documents/A.Rehman/Shadow/src/main/scala/processor/PriEncoder.scala. Using presentation compiler with project's scala-library version: 3.3.8[0m
2026.09.15 13:47:46 INFO  no build target found for /home/amirali671/Documents/A.Rehman/Shadow/src/main/scala/processor/PriEncoder.scala. Using presentation compiler with project's scala-library version: 3.3.8[0m
2026.09.15 13:47:46 INFO  no build target found for /home/amirali671/Documents/A.Rehman/Shadow/src/main/scala/processor/PriEncoder.scala. Using presentation compiler with project's scala-library version: 3.3.8[0m
2026.09.15 13:47:47 INFO  no build target found for /home/amirali671/Documents/A.Rehman/Shadow/src/main/scala/processor/PriEncoder.scala. Using presentation compiler with project's scala-library version: 3.3.8[0m
2026.09.15 13:47:47 INFO  no build target found for /home/amirali671/Documents/A.Rehman/Shadow/src/main/scala/processor/PriEncoder.scala. Using presentation compiler with project's scala-library version: 3.3.8[0m
2026.09.15 13:47:47 INFO  no build target found for /home/amirali671/Documents/A.Rehman/Shadow/src/main/scala/processor/PriEncoder.scala. Using presentation compiler with project's scala-library version: 3.3.8[0m
2026.09.15 13:47:47 INFO  no build target found for /home/amirali671/Documents/A.Rehman/Shadow/src/main/scala/processor/PriEncoder.scala. Using presentation compiler with project's scala-library version: 3.3.8[0m
2026.09.15 13:47:47 INFO  no build target found for /home/amirali671/Documents/A.Rehman/Shadow/src/main/scala/processor/PriEncoder.scala. Using presentation compiler with project's scala-library version: 3.3.8[0m
2026.09.15 13:47:48 INFO  no build target found for /home/amirali671/Documents/A.Rehman/Shadow/src/main/scala/processor/PriEncoder.scala. Using presentation compiler with project's scala-library version: 3.3.8[0m
2026.09.15 13:47:49 WARN  no build target for: /home/amirali671/Documents/A.Rehman/Shadow/src/main/scala/processor/PriEncoder.scala[0m
2026.09.15 13:48:02 INFO  no build target found for /home/amirali671/Documents/A.Rehman/Shadow/src/main/scala/processor/PriEncoder.scala. Using presentation compiler with project's scala-library version: 3.3.8[0m
2026.09.15 13:48:02 INFO  no build target found for /home/amirali671/Documents/A.Rehman/Shadow/src/main/scala/processor/PriEncoder.scala. Using presentation compiler with project's scala-library version: 3.3.8[0m
2026.09.15 13:48:02 INFO  no build target found for /home/amirali671/Documents/A.Rehman/Shadow/src/main/scala/processor/PriEncoder.scala. Using presentation compiler with project's scala-library version: 3.3.8[0m
2026.09.15 13:48:03 INFO  no build target found for /home/amirali671/Documents/A.Rehman/Shadow/src/main/scala/processor/PriEncoder.scala. Using presentation compiler with project's scala-library version: 3.3.8[0m
2026.09.15 13:48:03 INFO  no build target found for /home/amirali671/Documents/A.Rehman/Shadow/src/main/scala/processor/PriEncoder.scala. Using presentation compiler with project's scala-library version: 3.3.8[0m
2026.09.15 13:48:03 INFO  no build target found for /home/amirali671/Documents/A.Rehman/Shadow/src/main/scala/processor/PriEncoder.scala. Using presentation compiler with project's scala-library version: 3.3.8[0m
2026.09.15 13:48:03 INFO  no build target found for /home/amirali671/Documents/A.Rehman/Shadow/src/main/scala/processor/PriEncoder.scala. Using presentation compiler with project's scala-library version: 3.3.8[0m
2026.09.15 13:48:03 INFO  no build target found for /home/amirali671/Documents/A.Rehman/Shadow/src/main/scala/processor/PriEncoder.scala. Using presentation compiler with project's scala-library version: 3.3.8[0m
2026.09.15 13:48:03 INFO  no build target found for /home/amirali671/Documents/A.Rehman/Shadow/src/main/scala/processor/PriEncoder.scala. Using presentation compiler with project's scala-library version: 3.3.8[0m
2026.09.15 13:48:03 INFO  no build target found for /home/amirali671/Documents/A.Rehman/Shadow/src/main/scala/processor/PriEncoder.scala. Using presentation compiler with project's scala-library version: 3.3.8[0m
2026.09.15 13:48:04 WARN  no build target for: /home/amirali671/Documents/A.Rehman/Shadow/src/main/scala/processor/PriEncoder.scala[0m
2026.09.15 13:48:04 INFO  no build target found for /home/amirali671/Documents/A.Rehman/Shadow/src/main/scala/processor/PriEncoder.scala. Using presentation compiler with project's scala-library version: 3.3.8[0m
2026.09.15 13:48:04 INFO  no build target found for /home/amirali671/Documents/A.Rehman/Shadow/src/main/scala/processor/PriEncoder.scala. Using presentation compiler with project's scala-library version: 3.3.8[0m
2026.09.15 13:48:04 INFO  no build target found for /home/amirali671/Documents/A.Rehman/Shadow/src/main/scala/processor/PriEncoder.scala. Using presentation compiler with project's scala-library version: 3.3.8[0m
2026.09.15 13:48:04 INFO  no build target found for /home/amirali671/Documents/A.Rehman/Shadow/src/main/scala/processor/PriEncoder.scala. Using presentation compiler with project's scala-library version: 3.3.8[0m
2026.09.15 13:48:04 INFO  no build target found for /home/amirali671/Documents/A.Rehman/Shadow/src/main/scala/processor/PriEncoder.scala. Using presentation compiler with project's scala-library version: 3.3.8[0m
2026.09.15 13:48:04 INFO  no build target found for /home/amirali671/Documents/A.Rehman/Shadow/src/main/scala/processor/PriEncoder.scala. Using presentation compiler with project's scala-library version: 3.3.8[0m
2026.09.15 13:48:05 INFO  no build target found for /home/amirali671/Documents/A.Rehman/Shadow/src/main/scala/processor/PriEncoder.scala. Using presentation compiler with project's scala-library version: 3.3.8[0m
2026.09.15 13:48:05 INFO  no build target found for /home/amirali671/Documents/A.Rehman/Shadow/src/main/scala/processor/PriEncoder.scala. Using presentation compiler with project's scala-library version: 3.3.8[0m
2026.09.15 13:48:06 INFO  no build target found for /home/amirali671/Documents/A.Rehman/Shadow/src/main/scala/processor/PriEncoder.scala. Using presentation compiler with project's scala-library version: 3.3.8[0m
2026.09.15 13:48:05 INFO  no build target found for /home/amirali671/Documents/A.Rehman/Shadow/src/main/scala/processor/PriEncoder.scala. Using presentation compiler with project's scala-library version: 3.3.8[0m
2026.09.15 13:48:07 WARN  no build target for: /home/amirali671/Documents/A.Rehman/Shadow/src/main/scala/processor/PriEncoder.scala[0m
2026.09.15 13:48:14 INFO  no build target found for /home/amirali671/Documents/A.Rehman/Shadow/src/main/scala/processor/PriEncoder.scala. Using presentation compiler with project's scala-library version: 3.3.8[0m
2026.09.15 13:48:14 INFO  no build target found for /home/amirali671/Documents/A.Rehman/Shadow/src/main/scala/processor/PriEncoder.scala. Using presentation compiler with project's scala-library version: 3.3.8[0m
2026.09.15 13:48:14 INFO  no build target found for /home/amirali671/Documents/A.Rehman/Shadow/src/main/scala/processor/PriEncoder.scala. Using presentation compiler with project's scala-library version: 3.3.8[0m
2026.09.15 13:48:14 INFO  no build target found for /home/amirali671/Documents/A.Rehman/Shadow/src/main/scala/processor/PriEncoder.scala. Using presentation compiler with project's scala-library version: 3.3.8[0m
2026.09.15 13:48:15 WARN  no build target for: /home/amirali671/Documents/A.Rehman/Shadow/src/main/scala/processor/PriEncoder.scala[0m
2026.09.15 13:48:15 INFO  no build target found for /home/amirali671/Documents/A.Rehman/Shadow/src/main/scala/processor/PriEncoder.scala. Using presentation compiler with project's scala-library version: 3.3.8[0m
2026.09.15 13:48:15 INFO  no build target found for /home/amirali671/Documents/A.Rehman/Shadow/src/main/scala/processor/PriEncoder.scala. Using presentation compiler with project's scala-library version: 3.3.8[0m
2026.09.15 13:48:16 INFO  no build target found for /home/amirali671/Documents/A.Rehman/Shadow/src/main/scala/processor/PriEncoder.scala. Using presentation compiler with project's scala-library version: 3.3.8[0m
2026.09.15 13:48:15 INFO  no build target found for /home/amirali671/Documents/A.Rehman/Shadow/src/main/scala/processor/PriEncoder.scala. Using presentation compiler with project's scala-library version: 3.3.8[0m
2026.09.15 13:48:15 INFO  no build target found for /home/amirali671/Documents/A.Rehman/Shadow/src/main/scala/processor/PriEncoder.scala. Using presentation compiler with project's scala-library version: 3.3.8[0m
2026.09.15 13:48:16 INFO  no build target found for /home/amirali671/Documents/A.Rehman/Shadow/src/main/scala/processor/PriEncoder.scala. Using presentation compiler with project's scala-library version: 3.3.8[0m
2026.09.15 13:48:15 INFO  no build target found for /home/amirali671/Documents/A.Rehman/Shadow/src/main/scala/processor/PriEncoder.scala. Using presentation compiler with project's scala-library version: 3.3.8[0m
2026.09.15 13:48:17 INFO  no build target found for /home/amirali671/Documents/A.Rehman/Shadow/src/main/scala/processor/PriEncoder.scala. Using presentation compiler with project's scala-library version: 3.3.8[0m
2026.09.15 13:48:17 WARN  no build target for: /home/amirali671/Documents/A.Rehman/Shadow/src/main/scala/processor/PriEncoder.scala[0m
2026.09.15 13:48:17 INFO  no build target found for /home/amirali671/Documents/A.Rehman/Shadow/src/main/scala/processor/PriEncoder.scala. Using presentation compiler with project's scala-library version: 3.3.8[0m
2026.09.15 13:48:17 INFO  no build target found for /home/amirali671/Documents/A.Rehman/Shadow/src/main/scala/processor/PriEncoder.scala. Using presentation compiler with project's scala-library version: 3.3.8[0m
2026.09.15 13:48:17 WARN  no build target for: /home/amirali671/Documents/A.Rehman/Shadow/src/main/scala/processor/PriEncoder.scala[0m
2026.09.15 13:48:18 WARN  no build target for: /home/amirali671/Documents/A.Rehman/Shadow/src/main/scala/processor/PriEncoder.scala[0m
2026.09.15 13:48:18 INFO  no build target found for /home/amirali671/Documents/A.Rehman/Shadow/src/main/scala/processor/PriEncoder.scala. Using presentation compiler with project's scala-library version: 3.3.8[0m
2026.09.15 13:48:18 INFO  no build target found for /home/amirali671/Documents/A.Rehman/Shadow/src/main/scala/processor/PriEncoder.scala. Using presentation compiler with project's scala-library version: 3.3.8[0m
2026.09.15 13:48:20 WARN  no build target for: /home/amirali671/Documents/A.Rehman/Shadow/src/main/scala/processor/PriEncoder.scala[0m
2026.09.15 13:48:20 WARN  no build target for: /home/amirali671/Documents/A.Rehman/Shadow/src/main/scala/processor/PriEncoder.scala[0m
2026.09.15 13:48:28 INFO  no build target found for /home/amirali671/Documents/A.Rehman/Shadow/src/main/scala/processor/PriEncoder.scala. Using presentation compiler with project's scala-library version: 3.3.8[0m
2026.09.15 13:48:28 INFO  no build target found for /home/amirali671/Documents/A.Rehman/Shadow/src/main/scala/processor/PriEncoder.scala. Using presentation compiler with project's scala-library version: 3.3.8[0m
2026.09.15 13:48:28 INFO  no build target found for /home/amirali671/Documents/A.Rehman/Shadow/src/main/scala/processor/PriEncoder.scala. Using presentation compiler with project's scala-library version: 3.3.8[0m
2026.09.15 13:48:28 INFO  no build target found for /home/amirali671/Documents/A.Rehman/Shadow/src/main/scala/processor/PriEncoder.scala. Using presentation compiler with project's scala-library version: 3.3.8[0m
2026.09.15 13:48:28 INFO  no build target found for /home/amirali671/Documents/A.Rehman/Shadow/src/main/scala/processor/PriEncoder.scala. Using presentation compiler with project's scala-library version: 3.3.8[0m
2026.09.15 13:48:28 INFO  no build target found for /home/amirali671/Documents/A.Rehman/Shadow/src/main/scala/processor/PriEncoder.scala. Using presentation compiler with project's scala-library version: 3.3.8[0m
2026.09.15 13:48:28 INFO  no build target found for /home/amirali671/Documents/A.Rehman/Shadow/src/main/scala/processor/PriEncoder.scala. Using presentation compiler with project's scala-library version: 3.3.8[0m
2026.09.15 13:48:28 INFO  no build target found for /home/amirali671/Documents/A.Rehman/Shadow/src/main/scala/processor/PriEncoder.scala. Using presentation compiler with project's scala-library version: 3.3.8[0m
2026.09.15 13:48:29 INFO  no build target found for /home/amirali671/Documents/A.Rehman/Shadow/src/main/scala/processor/PriEncoder.scala. Using presentation compiler with project's scala-library version: 3.3.8[0m
2026.09.15 13:48:30 INFO  no build target found for /home/amirali671/Documents/A.Rehman/Shadow/src/main/scala/processor/PriEncoder.scala. Using presentation compiler with project's scala-library version: 3.3.8[0m
2026.09.15 13:48:29 INFO  no build target found for /home/amirali671/Documents/A.Rehman/Shadow/src/main/scala/processor/PriEncoder.scala. Using presentation compiler with project's scala-library version: 3.3.8[0m
2026.09.15 13:48:29 INFO  no build target found for /home/amirali671/Documents/A.Rehman/Shadow/src/main/scala/processor/PriEncoder.scala. Using presentation compiler with project's scala-library version: 3.3.8[0m
2026.09.15 13:48:29 INFO  no build target found for /home/amirali671/Documents/A.Rehman/Shadow/src/main/scala/processor/PriEncoder.scala. Using presentation compiler with project's scala-library version: 3.3.8[0m
2026.09.15 13:48:30 INFO  no build target found for /home/amirali671/Documents/A.Rehman/Shadow/src/main/scala/processor/PriEncoder.scala. Using presentation compiler with project's scala-library version: 3.3.8[0m
2026.09.15 13:48:30 INFO  no build target found for /home/amirali671/Documents/A.Rehman/Shadow/src/main/scala/processor/PriEncoder.scala. Using presentation compiler with project's scala-library version: 3.3.8[0m
2026.09.15 13:48:31 WARN  no build target for: /home/amirali671/Documents/A.Rehman/Shadow/src/main/scala/processor/PriEncoder.scala[0m
2026.09.15 13:48:33 INFO  no build target found for /home/amirali671/Documents/A.Rehman/Shadow/src/main/scala/processor/PriEncoder.scala. Using presentation compiler with project's scala-library version: 3.3.8[0m
2026.09.15 13:48:33 INFO  no build target found for /home/amirali671/Documents/A.Rehman/Shadow/src/main/scala/processor/PriEncoder.scala. Using presentation compiler with project's scala-library version: 3.3.8[0m
2026.09.15 13:48:33 INFO  no build target found for /home/amirali671/Documents/A.Rehman/Shadow/src/main/scala/processor/PriEncoder.scala. Using presentation compiler with project's scala-library version: 3.3.8[0m
2026.09.15 13:48:33 INFO  no build target found for /home/amirali671/Documents/A.Rehman/Shadow/src/main/scala/processor/PriEncoder.scala. Using presentation compiler with project's scala-library version: 3.3.8[0m
2026.09.15 13:48:33 INFO  no build target found for /home/amirali671/Documents/A.Rehman/Shadow/src/main/scala/processor/PriEncoder.scala. Using presentation compiler with project's scala-library version: 3.3.8[0m
2026.09.15 13:48:34 INFO  no build target found for /home/amirali671/Documents/A.Rehman/Shadow/src/main/scala/processor/PriEncoder.scala. Using presentation compiler with project's scala-library version: 3.3.8[0m
2026.09.15 13:48:33 INFO  no build target found for /home/amirali671/Documents/A.Rehman/Shadow/src/main/scala/processor/PriEncoder.scala. Using presentation compiler with project's scala-library version: 3.3.8[0m
2026.09.15 13:48:34 INFO  no build target found for /home/amirali671/Documents/A.Rehman/Shadow/src/main/scala/processor/PriEncoder.scala. Using presentation compiler with project's scala-library version: 3.3.8[0m
2026.09.15 13:48:34 INFO  no build target found for /home/amirali671/Documents/A.Rehman/Shadow/src/main/scala/processor/PriEncoder.scala. Using presentation compiler with project's scala-library version: 3.3.8[0m
2026.09.15 13:48:34 INFO  no build target found for /home/amirali671/Documents/A.Rehman/Shadow/src/main/scala/processor/PriEncoder.scala. Using presentation compiler with project's scala-library version: 3.3.8[0m
2026.09.15 13:48:34 INFO  no build target found for /home/amirali671/Documents/A.Rehman/Shadow/src/main/scala/processor/PriEncoder.scala. Using presentation compiler with project's scala-library version: 3.3.8[0m
2026.09.15 13:48:34 INFO  no build target found for /home/amirali671/Documents/A.Rehman/Shadow/src/main/scala/processor/PriEncoder.scala. Using presentation compiler with project's scala-library version: 3.3.8[0m
2026.09.15 13:48:34 INFO  no build target found for /home/amirali671/Documents/A.Rehman/Shadow/src/main/scala/processor/PriEncoder.scala. Using presentation compiler with project's scala-library version: 3.3.8[0m
2026.09.15 13:48:34 INFO  no build target found for /home/amirali671/Documents/A.Rehman/Shadow/src/main/scala/processor/PriEncoder.scala. Using presentation compiler with project's scala-library version: 3.3.8[0m
2026.09.15 13:48:34 INFO  no build target found for /home/amirali671/Documents/A.Rehman/Shadow/src/main/scala/processor/PriEncoder.scala. Using presentation compiler with project's scala-library version: 3.3.8[0m
2026.09.15 13:48:35 INFO  no build target found for /home/amirali671/Documents/A.Rehman/Shadow/src/main/scala/processor/PriEncoder.scala. Using presentation compiler with project's scala-library version: 3.3.8[0m
2026.09.15 13:48:35 INFO  no build target found for /home/amirali671/Documents/A.Rehman/Shadow/src/main/scala/processor/PriEncoder.scala. Using presentation compiler with project's scala-library version: 3.3.8[0m
2026.09.15 13:48:36 INFO  no build target found for /home/amirali671/Documents/A.Rehman/Shadow/src/main/scala/processor/PriEncoder.scala. Using presentation compiler with project's scala-library version: 3.3.8[0m
2026.09.15 13:48:35 INFO  no build target found for /home/amirali671/Documents/A.Rehman/Shadow/src/main/scala/processor/PriEncoder.scala. Using presentation compiler with project's scala-library version: 3.3.8[0m
2026.09.15 13:48:35 INFO  no build target found for /home/amirali671/Documents/A.Rehman/Shadow/src/main/scala/processor/PriEncoder.scala. Using presentation compiler with project's scala-library version: 3.3.8[0m
2026.09.15 13:48:36 INFO  no build target found for /home/amirali671/Documents/A.Rehman/Shadow/src/main/scala/processor/PriEncoder.scala. Using presentation compiler with project's scala-library version: 3.3.8[0m
2026.09.15 13:48:35 INFO  no build target found for /home/amirali671/Documents/A.Rehman/Shadow/src/main/scala/processor/PriEncoder.scala. Using presentation compiler with project's scala-library version: 3.3.8[0m
2026.09.15 13:48:35 INFO  no build target found for /home/amirali671/Documents/A.Rehman/Shadow/src/main/scala/processor/PriEncoder.scala. Using presentation compiler with project's scala-library version: 3.3.8[0m
2026.09.15 13:48:36 INFO  no build target found for /home/amirali671/Documents/A.Rehman/Shadow/src/main/scala/processor/PriEncoder.scala. Using presentation compiler with project's scala-library version: 3.3.8[0m
2026.09.15 13:48:36 INFO  no build target found for /home/amirali671/Documents/A.Rehman/Shadow/src/main/scala/processor/PriEncoder.scala. Using presentation compiler with project's scala-library version: 3.3.8[0m
2026.09.15 13:48:37 INFO  no build target found for /home/amirali671/Documents/A.Rehman/Shadow/src/main/scala/processor/PriEncoder.scala. Using presentation compiler with project's scala-library version: 3.3.8[0m
2026.09.15 13:48:36 INFO  no build target found for /home/amirali671/Documents/A.Rehman/Shadow/src/main/scala/processor/PriEncoder.scala. Using presentation compiler with project's scala-library version: 3.3.8[0m
2026.09.15 13:48:37 INFO  no build target found for /home/amirali671/Documents/A.Rehman/Shadow/src/main/scala/processor/PriEncoder.scala. Using presentation compiler with project's scala-library version: 3.3.8[0m
2026.09.15 13:48:36 INFO  no build target found for /home/amirali671/Documents/A.Rehman/Shadow/src/main/scala/processor/PriEncoder.scala. Using presentation compiler with project's scala-library version: 3.3.8[0m
2026.09.15 13:48:37 INFO  no build target found for /home/amirali671/Documents/A.Rehman/Shadow/src/main/scala/processor/PriEncoder.scala. Using presentation compiler with project's scala-library version: 3.3.8[0m
2026.09.15 13:48:38 INFO  no build target found for /home/amirali671/Documents/A.Rehman/Shadow/src/main/scala/processor/PriEncoder.scala. Using presentation compiler with project's scala-library version: 3.3.8[0m
2026.09.15 13:48:38 INFO  no build target found for /home/amirali671/Documents/A.Rehman/Shadow/src/main/scala/processor/PriEncoder.scala. Using presentation compiler with project's scala-library version: 3.3.8[0m
2026.09.15 13:48:37 WARN  no build target for: /home/amirali671/Documents/A.Rehman/Shadow/src/main/scala/processor/PriEncoder.scala[0m
2026.09.15 13:48:39 INFO  no build target found for /home/amirali671/Documents/A.Rehman/Shadow/src/main/scala/processor/PriEncoder.scala. Using presentation compiler with project's scala-library version: 3.3.8[0m
2026.09.15 13:48:49 INFO  no build target found for /home/amirali671/Documents/A.Rehman/Shadow/src/main/scala/processor/PriEncoder.scala. Using presentation compiler with project's scala-library version: 3.3.8[0m
2026.09.15 13:48:49 INFO  no build target found for /home/amirali671/Documents/A.Rehman/Shadow/src/main/scala/processor/PriEncoder.scala. Using presentation compiler with project's scala-library version: 3.3.8[0m
2026.09.15 13:48:50 INFO  no build target found for /home/amirali671/Documents/A.Rehman/Shadow/src/main/scala/processor/PriEncoder.scala. Using presentation compiler with project's scala-library version: 3.3.8[0m
2026.09.15 13:48:50 INFO  no build target found for /home/amirali671/Documents/A.Rehman/Shadow/src/main/scala/processor/PriEncoder.scala. Using presentation compiler with project's scala-library version: 3.3.8[0m
2026.09.15 13:48:50 INFO  no build target found for /home/amirali671/Documents/A.Rehman/Shadow/src/main/scala/processor/PriEncoder.scala. Using presentation compiler with project's scala-library version: 3.3.8[0m
2026.09.15 13:48:51 INFO  no build target found for /home/amirali671/Documents/A.Rehman/Shadow/src/main/scala/processor/PriEncoder.scala. Using presentation compiler with project's scala-library version: 3.3.8[0m
2026.09.15 13:48:50 INFO  no build target found for /home/amirali671/Documents/A.Rehman/Shadow/src/main/scala/processor/PriEncoder.scala. Using presentation compiler with project's scala-library version: 3.3.8[0m
2026.09.15 13:48:50 INFO  no build target found for /home/amirali671/Documents/A.Rehman/Shadow/src/main/scala/processor/PriEncoder.scala. Using presentation compiler with project's scala-library version: 3.3.8[0m
2026.09.15 13:48:51 INFO  no build target found for /home/amirali671/Documents/A.Rehman/Shadow/src/main/scala/processor/PriEncoder.scala. Using presentation compiler with project's scala-library version: 3.3.8[0m
2026.09.15 13:48:51 INFO  no build target found for /home/amirali671/Documents/A.Rehman/Shadow/src/main/scala/processor/PriEncoder.scala. Using presentation compiler with project's scala-library version: 3.3.8[0m
2026.09.15 13:48:51 INFO  no build target found for /home/amirali671/Documents/A.Rehman/Shadow/src/main/scala/processor/PriEncoder.scala. Using presentation compiler with project's scala-library version: 3.3.8[0m
2026.09.15 13:48:51 INFO  no build target found for /home/amirali671/Documents/A.Rehman/Shadow/src/main/scala/processor/PriEncoder.scala. Using presentation compiler with project's scala-library version: 3.3.8[0m
2026.09.15 13:48:52 INFO  no build target found for /home/amirali671/Documents/A.Rehman/Shadow/src/main/scala/processor/PriEncoder.scala. Using presentation compiler with project's scala-library version: 3.3.8[0m
2026.09.15 13:48:52 WARN  no build target for: /home/amirali671/Documents/A.Rehman/Shadow/src/main/scala/processor/PriEncoder.scala[0m
2026.09.15 13:48:54 INFO  no build target found for /home/amirali671/Documents/A.Rehman/Shadow/src/main/scala/processor/PriEncoder.scala. Using presentation compiler with project's scala-library version: 3.3.8[0m
2026.09.15 13:48:54 INFO  no build target found for /home/amirali671/Documents/A.Rehman/Shadow/src/main/scala/processor/PriEncoder.scala. Using presentation compiler with project's scala-library version: 3.3.8[0m
2026.09.15 13:48:56 INFO  no build target found for /home/amirali671/Documents/A.Rehman/Shadow/src/main/scala/processor/PriEncoder.scala. Using presentation compiler with project's scala-library version: 3.3.8[0m
2026.09.15 13:48:56 INFO  no build target found for /home/amirali671/Documents/A.Rehman/Shadow/src/main/scala/processor/PriEncoder.scala. Using presentation compiler with project's scala-library version: 3.3.8[0m
2026.09.15 13:48:56 INFO  no build target found for /home/amirali671/Documents/A.Rehman/Shadow/src/main/scala/processor/PriEncoder.scala. Using presentation compiler with project's scala-library version: 3.3.8[0m
2026.09.15 13:48:57 INFO  no build target found for /home/amirali671/Documents/A.Rehman/Shadow/src/main/scala/processor/PriEncoder.scala. Using presentation compiler with project's scala-library version: 3.3.8[0m
2026.09.15 13:48:57 INFO  no build target found for /home/amirali671/Documents/A.Rehman/Shadow/src/main/scala/processor/PriEncoder.scala. Using presentation compiler with project's scala-library version: 3.3.8[0m
2026.09.15 13:48:58 INFO  no build target found for /home/amirali671/Documents/A.Rehman/Shadow/src/main/scala/processor/PriEncoder.scala. Using presentation compiler with project's scala-library version: 3.3.8[0m
2026.09.15 13:48:58 INFO  no build target found for /home/amirali671/Documents/A.Rehman/Shadow/src/main/scala/processor/PriEncoder.scala. Using presentation compiler with project's scala-library version: 3.3.8[0m
2026.09.15 13:48:58 INFO  no build target found for /home/amirali671/Documents/A.Rehman/Shadow/src/main/scala/processor/PriEncoder.scala. Using presentation compiler with project's scala-library version: 3.3.8[0m
2026.09.15 13:49:00 INFO  no build target found for /home/amirali671/Documents/A.Rehman/Shadow/src/main/scala/processor/PriEncoder.scala. Using presentation compiler with project's scala-library version: 3.3.8[0m
2026.09.15 13:49:00 INFO  no build target found for /home/amirali671/Documents/A.Rehman/Shadow/src/main/scala/processor/PriEncoder.scala. Using presentation compiler with project's scala-library version: 3.3.8[0m
2026.09.15 13:49:00 INFO  no build target found for /home/amirali671/Documents/A.Rehman/Shadow/src/main/scala/processor/PriEncoder.scala. Using presentation compiler with project's scala-library version: 3.3.8[0m
2026.09.15 13:49:00 INFO  no build target found for /home/amirali671/Documents/A.Rehman/Shadow/src/main/scala/processor/PriEncoder.scala. Using presentation compiler with project's scala-library version: 3.3.8[0m
2026.09.15 13:49:01 INFO  no build target found for /home/amirali671/Documents/A.Rehman/Shadow/src/main/scala/processor/PriEncoder.scala. Using presentation compiler with project's scala-library version: 3.3.8[0m
2026.09.15 13:49:01 INFO  no build target found for /home/amirali671/Documents/A.Rehman/Shadow/src/main/scala/processor/PriEncoder.scala. Using presentation compiler with project's scala-library version: 3.3.8[0m
2026.09.15 13:49:02 INFO  no build target found for /home/amirali671/Documents/A.Rehman/Shadow/src/main/scala/processor/PriEncoder.scala. Using presentation compiler with project's scala-library version: 3.3.8[0m
2026.09.15 13:49:02 INFO  no build target found for /home/amirali671/Documents/A.Rehman/Shadow/src/main/scala/processor/PriEncoder.scala. Using presentation compiler with project's scala-library version: 3.3.8[0m
2026.09.15 13:49:02 INFO  no build target found for /home/amirali671/Documents/A.Rehman/Shadow/src/main/scala/processor/PriEncoder.scala. Using presentation compiler with project's scala-library version: 3.3.8[0m
2026.09.15 13:49:02 INFO  no build target found for /home/amirali671/Documents/A.Rehman/Shadow/src/main/scala/processor/PriEncoder.scala. Using presentation compiler with project's scala-library version: 3.3.8[0m
2026.09.15 13:49:02 INFO  no build target found for /home/amirali671/Documents/A.Rehman/Shadow/src/main/scala/processor/PriEncoder.scala. Using presentation compiler with project's scala-library version: 3.3.8[0m
2026.09.15 13:49:03 INFO  no build target found for /home/amirali671/Documents/A.Rehman/Shadow/src/main/scala/processor/PriEncoder.scala. Using presentation compiler with project's scala-library version: 3.3.8[0m
2026.09.15 13:49:03 INFO  no build target found for /home/amirali671/Documents/A.Rehman/Shadow/src/main/scala/processor/PriEncoder.scala. Using presentation compiler with project's scala-library version: 3.3.8[0m
2026.09.15 13:49:04 INFO  no build target found for /home/amirali671/Documents/A.Rehman/Shadow/src/main/scala/processor/PriEncoder.scala. Using presentation compiler with project's scala-library version: 3.3.8[0m
2026.09.15 13:49:03 INFO  no build target found for /home/amirali671/Documents/A.Rehman/Shadow/src/main/scala/processor/PriEncoder.scala. Using presentation compiler with project's scala-library version: 3.3.8[0m
2026.09.15 13:49:03 INFO  no build target found for /home/amirali671/Documents/A.Rehman/Shadow/src/main/scala/processor/PriEncoder.scala. Using presentation compiler with project's scala-library version: 3.3.8[0m
2026.09.15 13:49:03 INFO  no build target found for /home/amirali671/Documents/A.Rehman/Shadow/src/main/scala/processor/PriEncoder.scala. Using presentation compiler with project's scala-library version: 3.3.8[0m
2026.09.15 13:49:04 INFO  no build target found for /home/amirali671/Documents/A.Rehman/Shadow/src/main/scala/processor/PriEncoder.scala. Using presentation compiler with project's scala-library version: 3.3.8[0m
2026.09.15 13:49:05 WARN  no build target for: /home/amirali671/Documents/A.Rehman/Shadow/src/main/scala/processor/PriEncoder.scala[0m
2026.09.15 13:49:05 INFO  no build target found for /home/amirali671/Documents/A.Rehman/Shadow/src/main/scala/processor/PriEncoder.scala. Using presentation compiler with project's scala-library version: 3.3.8[0m
2026.09.15 13:49:05 INFO  no build target found for /home/amirali671/Documents/A.Rehman/Shadow/src/main/scala/processor/PriEncoder.scala. Using presentation compiler with project's scala-library version: 3.3.8[0m
2026.09.15 13:49:05 INFO  no build target found for /home/amirali671/Documents/A.Rehman/Shadow/src/main/scala/processor/PriEncoder.scala. Using presentation compiler with project's scala-library version: 3.3.8[0m
2026.09.15 13:49:05 INFO  no build target found for /home/amirali671/Documents/A.Rehman/Shadow/src/main/scala/processor/PriEncoder.scala. Using presentation compiler with project's scala-library version: 3.3.8[0m
2026.09.15 13:49:06 INFO  no build target found for /home/amirali671/Documents/A.Rehman/Shadow/src/main/scala/processor/PriEncoder.scala. Using presentation compiler with project's scala-library version: 3.3.8[0m
2026.09.15 13:49:06 INFO  no build target found for /home/amirali671/Documents/A.Rehman/Shadow/src/main/scala/processor/PriEncoder.scala. Using presentation compiler with project's scala-library version: 3.3.8[0m
2026.09.15 13:49:06 INFO  no build target found for /home/amirali671/Documents/A.Rehman/Shadow/src/main/scala/processor/PriEncoder.scala. Using presentation compiler with project's scala-library version: 3.3.8[0m
2026.09.15 13:49:06 INFO  no build target found for /home/amirali671/Documents/A.Rehman/Shadow/src/main/scala/processor/PriEncoder.scala. Using presentation compiler with project's scala-library version: 3.3.8[0m
2026.09.15 13:49:07 INFO  no build target found for /home/amirali671/Documents/A.Rehman/Shadow/src/main/scala/processor/PriEncoder.scala. Using presentation compiler with project's scala-library version: 3.3.8[0m
2026.09.15 13:49:07 WARN  no build target for: /home/amirali671/Documents/A.Rehman/Shadow/src/main/scala/processor/PriEncoder.scala[0m
2026.09.15 13:49:09 INFO  no build target found for /home/amirali671/Documents/A.Rehman/Shadow/src/main/scala/processor/PriEncoder.scala. Using presentation compiler with project's scala-library version: 3.3.8[0m
2026.09.15 13:49:09 INFO  no build target found for /home/amirali671/Documents/A.Rehman/Shadow/src/main/scala/processor/PriEncoder.scala. Using presentation compiler with project's scala-library version: 3.3.8[0m
2026.09.15 13:49:09 INFO  no build target found for /home/amirali671/Documents/A.Rehman/Shadow/src/main/scala/processor/PriEncoder.scala. Using presentation compiler with project's scala-library version: 3.3.8[0m
2026.09.15 13:49:09 INFO  no build target found for /home/amirali671/Documents/A.Rehman/Shadow/src/main/scala/processor/PriEncoder.scala. Using presentation compiler with project's scala-library version: 3.3.8[0m
2026.09.15 13:49:09 INFO  no build target found for /home/amirali671/Documents/A.Rehman/Shadow/src/main/scala/processor/PriEncoder.scala. Using presentation compiler with project's scala-library version: 3.3.8[0m
2026.09.15 13:49:11 INFO  no build target found for /home/amirali671/Documents/A.Rehman/Shadow/src/main/scala/processor/PriEncoder.scala. Using presentation compiler with project's scala-library version: 3.3.8[0m
2026.09.15 13:49:11 INFO  no build target found for /home/amirali671/Documents/A.Rehman/Shadow/src/main/scala/processor/PriEncoder.scala. Using presentation compiler with project's scala-library version: 3.3.8[0m
2026.09.15 13:49:11 INFO  no build target found for /home/amirali671/Documents/A.Rehman/Shadow/src/main/scala/processor/PriEncoder.scala. Using presentation compiler with project's scala-library version: 3.3.8[0m
2026.09.15 13:49:11 INFO  no build target found for /home/amirali671/Documents/A.Rehman/Shadow/src/main/scala/processor/PriEncoder.scala. Using presentation compiler with project's scala-library version: 3.3.8[0m
2026.09.15 13:49:11 INFO  no build target found for /home/amirali671/Documents/A.Rehman/Shadow/src/main/scala/processor/PriEncoder.scala. Using presentation compiler with project's scala-library version: 3.3.8[0m
2026.09.15 13:49:11 INFO  no build target found for /home/amirali671/Documents/A.Rehman/Shadow/src/main/scala/processor/PriEncoder.scala. Using presentation compiler with project's scala-library version: 3.3.8[0m
2026.09.15 13:49:11 INFO  no build target found for /home/amirali671/Documents/A.Rehman/Shadow/src/main/scala/processor/PriEncoder.scala. Using presentation compiler with project's scala-library version: 3.3.8[0m
2026.09.15 13:49:11 INFO  no build target found for /home/amirali671/Documents/A.Rehman/Shadow/src/main/scala/processor/PriEncoder.scala. Using presentation compiler with project's scala-library version: 3.3.8[0m
2026.09.15 13:49:12 INFO  no build target found for /home/amirali671/Documents/A.Rehman/Shadow/src/main/scala/processor/PriEncoder.scala. Using presentation compiler with project's scala-library version: 3.3.8[0m
2026.09.15 13:49:12 INFO  no build target found for /home/amirali671/Documents/A.Rehman/Shadow/src/main/scala/processor/PriEncoder.scala. Using presentation compiler with project's scala-library version: 3.3.8[0m
2026.09.15 13:49:12 INFO  no build target found for /home/amirali671/Documents/A.Rehman/Shadow/src/main/scala/processor/PriEncoder.scala. Using presentation compiler with project's scala-library version: 3.3.8[0m
2026.09.15 13:49:12 INFO  no build target found for /home/amirali671/Documents/A.Rehman/Shadow/src/main/scala/processor/PriEncoder.scala. Using presentation compiler with project's scala-library version: 3.3.8[0m
2026.09.15 13:49:12 INFO  no build target found for /home/amirali671/Documents/A.Rehman/Shadow/src/main/scala/processor/PriEncoder.scala. Using presentation compiler with project's scala-library version: 3.3.8[0m
2026.09.15 13:49:12 INFO  no build target found for /home/amirali671/Documents/A.Rehman/Shadow/src/main/scala/processor/PriEncoder.scala. Using presentation compiler with project's scala-library version: 3.3.8[0m
2026.09.15 13:49:12 INFO  no build target found for /home/amirali671/Documents/A.Rehman/Shadow/src/main/scala/processor/PriEncoder.scala. Using presentation compiler with project's scala-library version: 3.3.8[0m
2026.09.15 13:49:12 INFO  no build target found for /home/amirali671/Documents/A.Rehman/Shadow/src/main/scala/processor/PriEncoder.scala. Using presentation compiler with project's scala-library version: 3.3.8[0m
2026.09.15 13:49:13 INFO  no build target found for /home/amirali671/Documents/A.Rehman/Shadow/src/main/scala/processor/PriEncoder.scala. Using presentation compiler with project's scala-library version: 3.3.8[0m
2026.09.15 13:49:13 WARN  no build target for: /home/amirali671/Documents/A.Rehman/Shadow/src/main/scala/processor/PriEncoder.scala[0m
2026.09.15 13:49:13 INFO  no build target found for /home/amirali671/Documents/A.Rehman/Shadow/src/main/scala/processor/PriEncoder.scala. Using presentation compiler with project's scala-library version: 3.3.8[0m
Sep 15, 2026 1:49:13 PM org.eclipse.lsp4j.jsonrpc.RemoteEndpoint handleCancellation
WARNING: Unmatched cancel notification for request id 840
2026.09.15 13:49:13 INFO  no build target found for /home/amirali671/Documents/A.Rehman/Shadow/src/main/scala/processor/PriEncoder.scala. Using presentation compiler with project's scala-library version: 3.3.8[0m
2026.09.15 13:49:13 INFO  no build target found for /home/amirali671/Documents/A.Rehman/Shadow/src/main/scala/processor/PriEncoder.scala. Using presentation compiler with project's scala-library version: 3.3.8[0m
2026.09.15 13:49:13 INFO  no build target found for /home/amirali671/Documents/A.Rehman/Shadow/src/main/scala/processor/PriEncoder.scala. Using presentation compiler with project's scala-library version: 3.3.8[0m
2026.09.15 13:49:14 INFO  no build target found for /home/amirali671/Documents/A.Rehman/Shadow/src/main/scala/processor/PriEncoder.scala. Using presentation compiler with project's scala-library version: 3.3.8[0m
2026.09.15 13:49:14 INFO  no build target found for /home/amirali671/Documents/A.Rehman/Shadow/src/main/scala/processor/PriEncoder.scala. Using presentation compiler with project's scala-library version: 3.3.8[0m
2026.09.15 13:49:14 INFO  no build target found for /home/amirali671/Documents/A.Rehman/Shadow/src/main/scala/processor/PriEncoder.scala. Using presentation compiler with project's scala-library version: 3.3.8[0m
2026.09.15 13:49:14 INFO  no build target found for /home/amirali671/Documents/A.Rehman/Shadow/src/main/scala/processor/PriEncoder.scala. Using presentation compiler with project's scala-library version: 3.3.8[0m
2026.09.15 13:49:15 WARN  no build target for: /home/amirali671/Documents/A.Rehman/Shadow/src/main/scala/processor/PriEncoder.scala[0m
2026.09.15 13:49:16 INFO  no build target found for /home/amirali671/Documents/A.Rehman/Shadow/src/main/scala/processor/PriEncoder.scala. Using presentation compiler with project's scala-library version: 3.3.8[0m
2026.09.15 13:49:16 INFO  no build target found for /home/amirali671/Documents/A.Rehman/Shadow/src/main/scala/processor/PriEncoder.scala. Using presentation compiler with project's scala-library version: 3.3.8[0m
2026.09.15 13:49:16 INFO  no build target found for /home/amirali671/Documents/A.Rehman/Shadow/src/main/scala/processor/PriEncoder.scala. Using presentation compiler with project's scala-library version: 3.3.8[0m
2026.09.15 13:49:17 INFO  no build target found for /home/amirali671/Documents/A.Rehman/Shadow/src/main/scala/processor/PriEncoder.scala. Using presentation compiler with project's scala-library version: 3.3.8[0m
2026.09.15 13:49:17 INFO  no build target found for /home/amirali671/Documents/A.Rehman/Shadow/src/main/scala/processor/PriEncoder.scala. Using presentation compiler with project's scala-library version: 3.3.8[0m
2026.09.15 13:49:18 INFO  no build target found for /home/amirali671/Documents/A.Rehman/Shadow/src/main/scala/processor/PriEncoder.scala. Using presentation compiler with project's scala-library version: 3.3.8[0m
2026.09.15 13:49:17 INFO  no build target found for /home/amirali671/Documents/A.Rehman/Shadow/src/main/scala/processor/PriEncoder.scala. Using presentation compiler with project's scala-library version: 3.3.8[0m
2026.09.15 13:49:17 INFO  no build target found for /home/amirali671/Documents/A.Rehman/Shadow/src/main/scala/processor/PriEncoder.scala. Using presentation compiler with project's scala-library version: 3.3.8[0m
2026.09.15 13:49:17 INFO  no build target found for /home/amirali671/Documents/A.Rehman/Shadow/src/main/scala/processor/PriEncoder.scala. Using presentation compiler with project's scala-library version: 3.3.8[0m
2026.09.15 13:49:18 WARN  no build target for: /home/amirali671/Documents/A.Rehman/Shadow/src/main/scala/processor/PriEncoder.scala[0m
2026.09.15 13:49:18 INFO  no build target found for /home/amirali671/Documents/A.Rehman/Shadow/src/main/scala/processor/PriEncoder.scala. Using presentation compiler with project's scala-library version: 3.3.8[0m
2026.09.15 13:49:18 INFO  no build target found for /home/amirali671/Documents/A.Rehman/Shadow/src/main/scala/processor/PriEncoder.scala. Using presentation compiler with project's scala-library version: 3.3.8[0m
2026.09.15 13:49:18 INFO  no build target found for /home/amirali671/Documents/A.Rehman/Shadow/src/main/scala/processor/PriEncoder.scala. Using presentation compiler with project's scala-library version: 3.3.8[0m
2026.09.15 13:49:18 INFO  no build target found for /home/amirali671/Documents/A.Rehman/Shadow/src/main/scala/processor/PriEncoder.scala. Using presentation compiler with project's scala-library version: 3.3.8[0m
2026.09.15 13:49:20 INFO  no build target found for /home/amirali671/Documents/A.Rehman/Shadow/src/main/scala/processor/PriEncoder.scala. Using presentation compiler with project's scala-library version: 3.3.8[0m
2026.09.15 13:49:20 INFO  no build target found for /home/amirali671/Documents/A.Rehman/Shadow/src/main/scala/processor/PriEncoder.scala. Using presentation compiler with project's scala-library version: 3.3.8[0m
2026.09.15 13:49:20 INFO  no build target found for /home/amirali671/Documents/A.Rehman/Shadow/src/main/scala/processor/PriEncoder.scala. Using presentation compiler with project's scala-library version: 3.3.8[0m
2026.09.15 13:49:20 INFO  no build target found for /home/amirali671/Documents/A.Rehman/Shadow/src/main/scala/processor/PriEncoder.scala. Using presentation compiler with project's scala-library version: 3.3.8[0m
2026.09.15 13:49:23 INFO  no build target found for /home/amirali671/Documents/A.Rehman/Shadow/src/main/scala/processor/PriEncoder.scala. Using presentation compiler with project's scala-library version: 3.3.8[0m
2026.09.15 13:49:23 INFO  no build target found for /home/amirali671/Documents/A.Rehman/Shadow/src/main/scala/processor/PriEncoder.scala. Using presentation compiler with project's scala-library version: 3.3.8[0m
2026.09.15 13:49:36 INFO  no build target found for /home/amirali671/Documents/A.Rehman/Shadow/src/main/scala/processor/PriEncoder.scala. Using presentation compiler with project's scala-library version: 3.3.8[0m
2026.09.15 13:49:39 INFO  no build target found for /home/amirali671/Documents/A.Rehman/Shadow/src/main/scala/processor/ALUControl.scala. Using presentation compiler with project's scala-library version: 3.3.8[0m
2026.09.15 13:49:39 WARN  no build target for: /home/amirali671/Documents/A.Rehman/Shadow/src/main/scala/processor/ALUControl.scala[0m
2026.09.15 13:49:39 INFO  no build target found for /home/amirali671/Documents/A.Rehman/Shadow/src/main/scala/processor/ALUControl.scala. Using presentation compiler with project's scala-library version: 3.3.8[0m
2026.09.15 13:49:39 INFO  no build target found for /home/amirali671/Documents/A.Rehman/Shadow/src/main/scala/processor/ALUControl.scala. Using presentation compiler with project's scala-library version: 3.3.8[0m
2026.09.15 13:49:41 INFO  no build target found for /home/amirali671/Documents/A.Rehman/Shadow/src/main/scala/processor/ALUControl.scala. Using presentation compiler with project's scala-library version: 3.3.8[0m
2026.09.15 13:49:45 INFO  no build target found for /home/amirali671/Documents/A.Rehman/Shadow/src/main/scala/processor/ALUControl.scala. Using presentation compiler with project's scala-library version: 3.3.8[0m
2026.09.15 13:49:45 INFO  no build target found for /home/amirali671/Documents/A.Rehman/Shadow/src/main/scala/processor/ALUControl.scala. Using presentation compiler with project's scala-library version: 3.3.8[0m
2026.09.15 13:49:46 INFO  no build target found for /home/amirali671/Documents/A.Rehman/Shadow/src/main/scala/processor/ALUControl.scala. Using presentation compiler with project's scala-library version: 3.3.8[0m
2026.09.15 13:49:49 INFO  no build target found for /home/amirali671/Documents/A.Rehman/Shadow/src/main/scala/processor/ALUControl.scala. Using presentation compiler with project's scala-library version: 3.3.8[0m
2026.09.15 13:49:49 INFO  no build target found for /home/amirali671/Documents/A.Rehman/Shadow/src/main/scala/processor/ALUControl.scala. Using presentation compiler with project's scala-library version: 3.3.8[0m
2026.09.15 13:49:50 INFO  no build target found for /home/amirali671/Documents/A.Rehman/Shadow/src/main/scala/processor/ALUControl.scala. Using presentation compiler with project's scala-library version: 3.3.8[0m
2026.09.15 13:49:51 INFO  no build target found for /home/amirali671/Documents/A.Rehman/Shadow/src/main/scala/processor/ALUControl.scala. Using presentation compiler with project's scala-library version: 3.3.8[0m
2026.09.15 13:49:51 INFO  no build target found for /home/amirali671/Documents/A.Rehman/Shadow/src/main/scala/processor/ALUControl.scala. Using presentation compiler with project's scala-library version: 3.3.8[0m
2026.09.15 13:49:51 INFO  no build target found for /home/amirali671/Documents/A.Rehman/Shadow/src/main/scala/processor/ALUControl.scala. Using presentation compiler with project's scala-library version: 3.3.8[0m
2026.09.15 13:49:51 INFO  no build target found for /home/amirali671/Documents/A.Rehman/Shadow/src/main/scala/processor/ALUControl.scala. Using presentation compiler with project's scala-library version: 3.3.8[0m
2026.09.15 13:49:53 INFO  no build target found for /home/amirali671/Documents/A.Rehman/Shadow/src/main/scala/processor/ALUControl.scala. Using presentation compiler with project's scala-library version: 3.3.8[0m
2026.09.15 13:49:53 INFO  no build target found for /home/amirali671/Documents/A.Rehman/Shadow/src/main/scala/processor/ALUControl.scala. Using presentation compiler with project's scala-library version: 3.3.8[0m
2026.09.15 13:49:53 WARN  no build target for: /home/amirali671/Documents/A.Rehman/Shadow/src/main/scala/processor/ALUControl.scala[0m
2026.09.15 13:49:54 INFO  no build target found for /home/amirali671/Documents/A.Rehman/Shadow/src/main/scala/processor/ALUControl.scala. Using presentation compiler with project's scala-library version: 3.3.8[0m
2026.09.15 13:49:54 INFO  no build target found for /home/amirali671/Documents/A.Rehman/Shadow/src/main/scala/processor/ALUControl.scala. Using presentation compiler with project's scala-library version: 3.3.8[0m
2026.09.15 13:49:55 INFO  no build target found for /home/amirali671/Documents/A.Rehman/Shadow/src/main/scala/processor/ALUControl.scala. Using presentation compiler with project's scala-library version: 3.3.8[0m
2026.09.15 13:49:55 INFO  no build target found for /home/amirali671/Documents/A.Rehman/Shadow/src/main/scala/processor/ALUControl.scala. Using presentation compiler with project's scala-library version: 3.3.8[0m
2026.09.15 13:49:55 INFO  no build target found for /home/amirali671/Documents/A.Rehman/Shadow/src/main/scala/processor/ALUControl.scala. Using presentation compiler with project's scala-library version: 3.3.8[0m
2026.09.15 13:49:56 INFO  no build target found for /home/amirali671/Documents/A.Rehman/Shadow/src/main/scala/processor/ALUControl.scala. Using presentation compiler with project's scala-library version: 3.3.8[0m
2026.09.15 13:49:55 INFO  no build target found for /home/amirali671/Documents/A.Rehman/Shadow/src/main/scala/processor/ALUControl.scala. Using presentation compiler with project's scala-library version: 3.3.8[0m
2026.09.15 13:49:56 WARN  no build target for: /home/amirali671/Documents/A.Rehman/Shadow/src/main/scala/processor/ALUControl.scala[0m
2026.09.15 13:49:57 INFO  no build target found for /home/amirali671/Documents/A.Rehman/Shadow/src/main/scala/processor/ALUControl.scala. Using presentation compiler with project's scala-library version: 3.3.8[0m
2026.09.15 13:49:57 INFO  no build target found for /home/amirali671/Documents/A.Rehman/Shadow/src/main/scala/processor/ALUControl.scala. Using presentation compiler with project's scala-library version: 3.3.8[0m
2026.09.15 13:49:57 INFO  no build target found for /home/amirali671/Documents/A.Rehman/Shadow/src/main/scala/processor/ALUControl.scala. Using presentation compiler with project's scala-library version: 3.3.8[0m
2026.09.15 13:49:57 INFO  no build target found for /home/amirali671/Documents/A.Rehman/Shadow/src/main/scala/processor/ALUControl.scala. Using presentation compiler with project's scala-library version: 3.3.8[0m
2026.09.15 13:49:57 INFO  no build target found for /home/amirali671/Documents/A.Rehman/Shadow/src/main/scala/processor/ALUControl.scala. Using presentation compiler with project's scala-library version: 3.3.8[0m
2026.09.15 13:49:57 INFO  no build target found for /home/amirali671/Documents/A.Rehman/Shadow/src/main/scala/processor/ALUControl.scala. Using presentation compiler with project's scala-library version: 3.3.8[0m
2026.09.15 13:49:57 INFO  no build target found for /home/amirali671/Documents/A.Rehman/Shadow/src/main/scala/processor/ALUControl.scala. Using presentation compiler with project's scala-library version: 3.3.8[0m
Sep 15, 2026 1:49:57 PM org.eclipse.lsp4j.jsonrpc.RemoteEndpoint handleCancellation
WARNING: Unmatched cancel notification for request id 940
2026.09.15 13:49:57 INFO  no build target found for /home/amirali671/Documents/A.Rehman/Shadow/src/main/scala/processor/ALUControl.scala. Using presentation compiler with project's scala-library version: 3.3.8[0m
2026.09.15 13:49:57 INFO  no build target found for /home/amirali671/Documents/A.Rehman/Shadow/src/main/scala/processor/ALUControl.scala. Using presentation compiler with project's scala-library version: 3.3.8[0m
2026.09.15 13:49:57 INFO  no build target found for /home/amirali671/Documents/A.Rehman/Shadow/src/main/scala/processor/ALUControl.scala. Using presentation compiler with project's scala-library version: 3.3.8[0m
2026.09.15 13:49:57 INFO  no build target found for /home/amirali671/Documents/A.Rehman/Shadow/src/main/scala/processor/ALUControl.scala. Using presentation compiler with project's scala-library version: 3.3.8[0m
2026.09.15 13:49:58 INFO  no build target found for /home/amirali671/Documents/A.Rehman/Shadow/src/main/scala/processor/ALUControl.scala. Using presentation compiler with project's scala-library version: 3.3.8[0m
2026.09.15 13:49:58 INFO  no build target found for /home/amirali671/Documents/A.Rehman/Shadow/src/main/scala/processor/ALUControl.scala. Using presentation compiler with project's scala-library version: 3.3.8[0m
2026.09.15 13:49:57 WARN  no build target for: /home/amirali671/Documents/A.Rehman/Shadow/src/main/scala/processor/ALUControl.scala[0m
2026.09.15 13:49:59 INFO  no build target found for /home/amirali671/Documents/A.Rehman/Shadow/src/main/scala/processor/ALUControl.scala. Using presentation compiler with project's scala-library version: 3.3.8[0m
2026.09.15 13:49:59 INFO  no build target found for /home/amirali671/Documents/A.Rehman/Shadow/src/main/scala/processor/ALUControl.scala. Using presentation compiler with project's scala-library version: 3.3.8[0m
2026.09.15 13:49:59 INFO  no build target found for /home/amirali671/Documents/A.Rehman/Shadow/src/main/scala/processor/ALUControl.scala. Using presentation compiler with project's scala-library version: 3.3.8[0m
2026.09.15 13:50:00 INFO  no build target found for /home/amirali671/Documents/A.Rehman/Shadow/src/main/scala/processor/ALUControl.scala. Using presentation compiler with project's scala-library version: 3.3.8[0m
2026.09.15 13:50:00 INFO  no build target found for /home/amirali671/Documents/A.Rehman/Shadow/src/main/scala/processor/ALUControl.scala. Using presentation compiler with project's scala-library version: 3.3.8[0m
2026.09.15 13:50:00 INFO  no build target found for /home/amirali671/Documents/A.Rehman/Shadow/src/main/scala/processor/ALUControl.scala. Using presentation compiler with project's scala-library version: 3.3.8[0m
2026.09.15 13:50:00 WARN  no build target for: /home/amirali671/Documents/A.Rehman/Shadow/src/main/scala/processor/ALUControl.scala[0m
2026.09.15 13:50:00 INFO  no build target found for /home/amirali671/Documents/A.Rehman/Shadow/src/main/scala/processor/ALUControl.scala. Using presentation compiler with project's scala-library version: 3.3.8[0m
2026.09.15 13:50:01 INFO  no build target found for /home/amirali671/Documents/A.Rehman/Shadow/src/main/scala/processor/ALUControl.scala. Using presentation compiler with project's scala-library version: 3.3.8[0m
Sep 15, 2026 1:50:01 PM org.eclipse.lsp4j.jsonrpc.RemoteEndpoint handleCancellation
WARNING: Unmatched cancel notification for request id 958
2026.09.15 13:50:01 INFO  no build target found for /home/amirali671/Documents/A.Rehman/Shadow/src/main/scala/processor/ALUControl.scala. Using presentation compiler with project's scala-library version: 3.3.8[0m
2026.09.15 13:50:01 INFO  no build target found for /home/amirali671/Documents/A.Rehman/Shadow/src/main/scala/processor/ALUControl.scala. Using presentation compiler with project's scala-library version: 3.3.8[0m
2026.09.15 13:50:02 INFO  no build target found for /home/amirali671/Documents/A.Rehman/Shadow/src/main/scala/processor/ALUControl.scala. Using presentation compiler with project's scala-library version: 3.3.8[0m
2026.09.15 13:50:02 INFO  no build target found for /home/amirali671/Documents/A.Rehman/Shadow/src/main/scala/processor/ALUControl.scala. Using presentation compiler with project's scala-library version: 3.3.8[0m
2026.09.15 13:50:02 INFO  no build target found for /home/amirali671/Documents/A.Rehman/Shadow/src/main/scala/processor/ALUControl.scala. Using presentation compiler with project's scala-library version: 3.3.8[0m
2026.09.15 13:50:03 WARN  no build target for: /home/amirali671/Documents/A.Rehman/Shadow/src/main/scala/processor/ALUControl.scala[0m
2026.09.15 13:50:03 INFO  no build target found for /home/amirali671/Documents/A.Rehman/Shadow/src/main/scala/processor/ALUControl.scala. Using presentation compiler with project's scala-library version: 3.3.8[0m
2026.09.15 13:50:03 INFO  no build target found for /home/amirali671/Documents/A.Rehman/Shadow/src/main/scala/processor/ALUControl.scala. Using presentation compiler with project's scala-library version: 3.3.8[0m
2026.09.15 13:50:03 INFO  no build target found for /home/amirali671/Documents/A.Rehman/Shadow/src/main/scala/processor/ALUControl.scala. Using presentation compiler with project's scala-library version: 3.3.8[0m
2026.09.15 13:50:04 INFO  no build target found for /home/amirali671/Documents/A.Rehman/Shadow/src/main/scala/processor/ALUControl.scala. Using presentation compiler with project's scala-library version: 3.3.8[0m
2026.09.15 13:50:04 INFO  no build target found for /home/amirali671/Documents/A.Rehman/Shadow/src/main/scala/processor/ALUControl.scala. Using presentation compiler with project's scala-library version: 3.3.8[0m
2026.09.15 13:50:05 WARN  no build target for: /home/amirali671/Documents/A.Rehman/Shadow/src/main/scala/processor/ALUControl.scala[0m
2026.09.15 13:50:05 INFO  no build target found for /home/amirali671/Documents/A.Rehman/Shadow/src/main/scala/processor/ALUControl.scala. Using presentation compiler with project's scala-library version: 3.3.8[0m
2026.09.15 13:50:05 INFO  no build target found for /home/amirali671/Documents/A.Rehman/Shadow/src/main/scala/processor/ALUControl.scala. Using presentation compiler with project's scala-library version: 3.3.8[0m
2026.09.15 13:50:05 INFO  no build target found for /home/amirali671/Documents/A.Rehman/Shadow/src/main/scala/processor/ALUControl.scala. Using presentation compiler with project's scala-library version: 3.3.8[0m
2026.09.15 13:50:05 INFO  no build target found for /home/amirali671/Documents/A.Rehman/Shadow/src/main/scala/processor/ALUControl.scala. Using presentation compiler with project's scala-library version: 3.3.8[0m
2026.09.15 13:50:05 INFO  no build target found for /home/amirali671/Documents/A.Rehman/Shadow/src/main/scala/processor/ALUControl.scala. Using presentation compiler with project's scala-library version: 3.3.8[0m
2026.09.15 13:50:06 INFO  no build target found for /home/amirali671/Documents/A.Rehman/Shadow/src/main/scala/processor/ALUControl.scala. Using presentation compiler with project's scala-library version: 3.3.8[0m
2026.09.15 13:50:06 INFO  no build target found for /home/amirali671/Documents/A.Rehman/Shadow/src/main/scala/processor/ALUControl.scala. Using presentation compiler with project's scala-library version: 3.3.8[0m
2026.09.15 13:50:06 INFO  no build target found for /home/amirali671/Documents/A.Rehman/Shadow/src/main/scala/processor/ALUControl.scala. Using presentation compiler with project's scala-library version: 3.3.8[0m
2026.09.15 13:50:07 INFO  no build target found for /home/amirali671/Documents/A.Rehman/Shadow/src/main/scala/processor/ALUControl.scala. Using presentation compiler with project's scala-library version: 3.3.8[0m
2026.09.15 13:50:06 INFO  no build target found for /home/amirali671/Documents/A.Rehman/Shadow/src/main/scala/processor/ALUControl.scala. Using presentation compiler with project's scala-library version: 3.3.8[0m
2026.09.15 13:50:06 INFO  no build target found for /home/amirali671/Documents/A.Rehman/Shadow/src/main/scala/processor/ALUControl.scala. Using presentation compiler with project's scala-library version: 3.3.8[0m
2026.09.15 13:50:07 INFO  no build target found for /home/amirali671/Documents/A.Rehman/Shadow/src/main/scala/processor/ALUControl.scala. Using presentation compiler with project's scala-library version: 3.3.8[0m
2026.09.15 13:50:06 INFO  no build target found for /home/amirali671/Documents/A.Rehman/Shadow/src/main/scala/processor/ALUControl.scala. Using presentation compiler with project's scala-library version: 3.3.8[0m
2026.09.15 13:50:06 INFO  no build target found for /home/amirali671/Documents/A.Rehman/Shadow/src/main/scala/processor/ALUControl.scala. Using presentation compiler with project's scala-library version: 3.3.8[0m
2026.09.15 13:50:06 INFO  no build target found for /home/amirali671/Documents/A.Rehman/Shadow/src/main/scala/processor/ALUControl.scala. Using presentation compiler with project's scala-library version: 3.3.8[0m
2026.09.15 13:50:08 INFO  no build target found for /home/amirali671/Documents/A.Rehman/Shadow/src/main/scala/processor/ALUControl.scala. Using presentation compiler with project's scala-library version: 3.3.8[0m
2026.09.15 13:50:08 INFO  no build target found for /home/amirali671/Documents/A.Rehman/Shadow/src/main/scala/processor/ALUControl.scala. Using presentation compiler with project's scala-library version: 3.3.8[0m
2026.09.15 13:50:08 INFO  no build target found for /home/amirali671/Documents/A.Rehman/Shadow/src/main/scala/processor/ALUControl.scala. Using presentation compiler with project's scala-library version: 3.3.8[0m
2026.09.15 13:50:08 INFO  no build target found for /home/amirali671/Documents/A.Rehman/Shadow/src/main/scala/processor/ALUControl.scala. Using presentation compiler with project's scala-library version: 3.3.8[0m
2026.09.15 13:50:09 WARN  no build target for: /home/amirali671/Documents/A.Rehman/Shadow/src/main/scala/processor/ALUControl.scala[0m
2026.09.15 13:50:13 INFO  no build target found for /home/amirali671/Documents/A.Rehman/Shadow/src/main/scala/processor/ALUControl.scala. Using presentation compiler with project's scala-library version: 3.3.8[0m
2026.09.15 13:50:14 INFO  no build target found for /home/amirali671/Documents/A.Rehman/Shadow/src/main/scala/processor/ALUControl.scala. Using presentation compiler with project's scala-library version: 3.3.8[0m
2026.09.15 13:50:14 INFO  no build target found for /home/amirali671/Documents/A.Rehman/Shadow/src/main/scala/processor/ALUControl.scala. Using presentation compiler with project's scala-library version: 3.3.8[0m
2026.09.15 13:50:14 INFO  no build target found for /home/amirali671/Documents/A.Rehman/Shadow/src/main/scala/processor/ALUControl.scala. Using presentation compiler with project's scala-library version: 3.3.8[0m
2026.09.15 13:50:15 INFO  no build target found for /home/amirali671/Documents/A.Rehman/Shadow/src/main/scala/processor/ALUControl.scala. Using presentation compiler with project's scala-library version: 3.3.8[0m
2026.09.15 13:50:15 INFO  no build target found for /home/amirali671/Documents/A.Rehman/Shadow/src/main/scala/processor/ALUControl.scala. Using presentation compiler with project's scala-library version: 3.3.8[0m
2026.09.15 13:50:16 INFO  no build target found for /home/amirali671/Documents/A.Rehman/Shadow/src/main/scala/processor/ALUControl.scala. Using presentation compiler with project's scala-library version: 3.3.8[0m
2026.09.15 13:50:16 INFO  no build target found for /home/amirali671/Documents/A.Rehman/Shadow/src/main/scala/processor/ALUControl.scala. Using presentation compiler with project's scala-library version: 3.3.8[0m
2026.09.15 13:50:16 INFO  no build target found for /home/amirali671/Documents/A.Rehman/Shadow/src/main/scala/processor/ALUControl.scala. Using presentation compiler with project's scala-library version: 3.3.8[0m
2026.09.15 13:50:16 INFO  no build target found for /home/amirali671/Documents/A.Rehman/Shadow/src/main/scala/processor/ALUControl.scala. Using presentation compiler with project's scala-library version: 3.3.8[0m
2026.09.15 13:50:18 INFO  no build target found for /home/amirali671/Documents/A.Rehman/Shadow/src/main/scala/processor/ALUControl.scala. Using presentation compiler with project's scala-library version: 3.3.8[0m
2026.09.15 13:50:18 INFO  no build target found for /home/amirali671/Documents/A.Rehman/Shadow/src/main/scala/processor/ALUControl.scala. Using presentation compiler with project's scala-library version: 3.3.8[0m
2026.09.15 13:50:18 WARN  no build target for: /home/amirali671/Documents/A.Rehman/Shadow/src/main/scala/processor/ALUControl.scala[0m
2026.09.15 13:50:19 INFO  no build target found for /home/amirali671/Documents/A.Rehman/Shadow/src/main/scala/processor/ALUControl.scala. Using presentation compiler with project's scala-library version: 3.3.8[0m
2026.09.15 13:50:19 INFO  no build target found for /home/amirali671/Documents/A.Rehman/Shadow/src/main/scala/processor/ALUControl.scala. Using presentation compiler with project's scala-library version: 3.3.8[0m
2026.09.15 13:50:19 INFO  no build target found for /home/amirali671/Documents/A.Rehman/Shadow/src/main/scala/processor/ALUControl.scala. Using presentation compiler with project's scala-library version: 3.3.8[0m
2026.09.15 13:50:19 INFO  no build target found for /home/amirali671/Documents/A.Rehman/Shadow/src/main/scala/processor/ALUControl.scala. Using presentation compiler with project's scala-library version: 3.3.8[0m
2026.09.15 13:50:19 INFO  no build target found for /home/amirali671/Documents/A.Rehman/Shadow/src/main/scala/processor/ALUControl.scala. Using presentation compiler with project's scala-library version: 3.3.8[0m
2026.09.15 13:50:19 WARN  no build target for: /home/amirali671/Documents/A.Rehman/Shadow/src/main/scala/processor/ALUControl.scala[0m
2026.09.15 13:50:20 INFO  no build target found for /home/amirali671/Documents/A.Rehman/Shadow/src/main/scala/processor/ALUControl.scala. Using presentation compiler with project's scala-library version: 3.3.8[0m
2026.09.15 13:50:20 INFO  no build target found for /home/amirali671/Documents/A.Rehman/Shadow/src/main/scala/processor/ALUControl.scala. Using presentation compiler with project's scala-library version: 3.3.8[0m
2026.09.15 13:50:20 INFO  no build target found for /home/amirali671/Documents/A.Rehman/Shadow/src/main/scala/processor/ALUControl.scala. Using presentation compiler with project's scala-library version: 3.3.8[0m
2026.09.15 13:50:21 INFO  no build target found for /home/amirali671/Documents/A.Rehman/Shadow/src/main/scala/processor/ALUControl.scala. Using presentation compiler with project's scala-library version: 3.3.8[0m
2026.09.15 13:50:21 INFO  no build target found for /home/amirali671/Documents/A.Rehman/Shadow/src/main/scala/processor/ALUControl.scala. Using presentation compiler with project's scala-library version: 3.3.8[0m
2026.09.15 13:50:22 INFO  no build target found for /home/amirali671/Documents/A.Rehman/Shadow/src/main/scala/processor/ALUControl.scala. Using presentation compiler with project's scala-library version: 3.3.8[0m
2026.09.15 13:50:22 INFO  no build target found for /home/amirali671/Documents/A.Rehman/Shadow/src/main/scala/processor/ALUControl.scala. Using presentation compiler with project's scala-library version: 3.3.8[0m
2026.09.15 13:50:24 INFO  no build target found for /home/amirali671/Documents/A.Rehman/Shadow/src/main/scala/processor/ALUControl.scala. Using presentation compiler with project's scala-library version: 3.3.8[0m
2026.09.15 13:50:24 INFO  no build target found for /home/amirali671/Documents/A.Rehman/Shadow/src/main/scala/processor/ALUControl.scala. Using presentation compiler with project's scala-library version: 3.3.8[0m
2026.09.15 13:50:24 INFO  no build target found for /home/amirali671/Documents/A.Rehman/Shadow/src/main/scala/processor/ALUControl.scala. Using presentation compiler with project's scala-library version: 3.3.8[0m
2026.09.15 13:50:24 INFO  no build target found for /home/amirali671/Documents/A.Rehman/Shadow/src/main/scala/processor/ALUControl.scala. Using presentation compiler with project's scala-library version: 3.3.8[0m
2026.09.15 13:50:24 INFO  no build target found for /home/amirali671/Documents/A.Rehman/Shadow/src/main/scala/processor/ALUControl.scala. Using presentation compiler with project's scala-library version: 3.3.8[0m
2026.09.15 13:50:25 INFO  no build target found for /home/amirali671/Documents/A.Rehman/Shadow/src/main/scala/processor/ALUControl.scala. Using presentation compiler with project's scala-library version: 3.3.8[0m
2026.09.15 13:50:25 INFO  no build target found for /home/amirali671/Documents/A.Rehman/Shadow/src/main/scala/processor/ALUControl.scala. Using presentation compiler with project's scala-library version: 3.3.8[0m
2026.09.15 13:50:25 INFO  no build target found for /home/amirali671/Documents/A.Rehman/Shadow/src/main/scala/processor/ALUControl.scala. Using presentation compiler with project's scala-library version: 3.3.8[0m
2026.09.15 13:50:25 INFO  no build target found for /home/amirali671/Documents/A.Rehman/Shadow/src/main/scala/processor/ALUControl.scala. Using presentation compiler with project's scala-library version: 3.3.8[0m
2026.09.15 13:50:25 INFO  no build target found for /home/amirali671/Documents/A.Rehman/Shadow/src/main/scala/processor/ALUControl.scala. Using presentation compiler with project's scala-library version: 3.3.8[0m
2026.09.15 13:50:25 INFO  no build target found for /home/amirali671/Documents/A.Rehman/Shadow/src/main/scala/processor/ALUControl.scala. Using presentation compiler with project's scala-library version: 3.3.8[0m
2026.09.15 13:50:25 WARN  no build target for: /home/amirali671/Documents/A.Rehman/Shadow/src/main/scala/processor/ALUControl.scala[0m
2026.09.15 13:50:26 WARN  no build target for: /home/amirali671/Documents/A.Rehman/Shadow/src/main/scala/processor/ALUControl.scala[0m
2026.09.15 13:50:26 INFO  no build target found for /home/amirali671/Documents/A.Rehman/Shadow/src/main/scala/processor/ALUControl.scala. Using presentation compiler with project's scala-library version: 3.3.8[0m
2026.09.15 13:50:26 INFO  no build target found for /home/amirali671/Documents/A.Rehman/Shadow/src/main/scala/processor/ALUControl.scala. Using presentation compiler with project's scala-library version: 3.3.8[0m
2026.09.15 13:50:27 INFO  no build target found for /home/amirali671/Documents/A.Rehman/Shadow/src/main/scala/processor/ALUControl.scala. Using presentation compiler with project's scala-library version: 3.3.8[0m
2026.09.15 13:50:27 INFO  no build target found for /home/amirali671/Documents/A.Rehman/Shadow/src/main/scala/processor/ALUControl.scala. Using presentation compiler with project's scala-library version: 3.3.8[0m
2026.09.15 13:50:29 INFO  no build target found for /home/amirali671/Documents/A.Rehman/Shadow/src/main/scala/processor/ALUControl.scala. Using presentation compiler with project's scala-library version: 3.3.8[0m
2026.09.15 13:50:29 INFO  no build target found for /home/amirali671/Documents/A.Rehman/Shadow/src/main/scala/processor/ALUControl.scala. Using presentation compiler with project's scala-library version: 3.3.8[0m
2026.09.15 13:50:37 INFO  no build target found for /home/amirali671/Documents/A.Rehman/Shadow/src/main/scala/processor/ALUControl.scala. Using presentation compiler with project's scala-library version: 3.3.8[0m
2026.09.15 13:50:37 INFO  no build target found for /home/amirali671/Documents/A.Rehman/Shadow/src/main/scala/processor/ALUControl.scala. Using presentation compiler with project's scala-library version: 3.3.8[0m
2026.09.15 13:50:37 INFO  no build target found for /home/amirali671/Documents/A.Rehman/Shadow/src/main/scala/processor/ALUControl.scala. Using presentation compiler with project's scala-library version: 3.3.8[0m
2026.09.15 13:50:38 INFO  no build target found for /home/amirali671/Documents/A.Rehman/Shadow/src/main/scala/processor/ALUControl.scala. Using presentation compiler with project's scala-library version: 3.3.8[0m
2026.09.15 13:50:40 WARN  no build target for: /home/amirali671/Documents/A.Rehman/Shadow/src/main/scala/processor/ALUControl.scala[0m
2026.09.15 13:50:40 WARN  no build target for: /home/amirali671/Documents/A.Rehman/Shadow/src/main/scala/processor/ALUControl.scala[0m
2026.09.15 13:50:41 INFO  no build target found for /home/amirali671/Documents/A.Rehman/Shadow/src/main/scala/processor/ALUControl.scala. Using presentation compiler with project's scala-library version: 3.3.8[0m
2026.09.15 13:50:41 INFO  no build target found for /home/amirali671/Documents/A.Rehman/Shadow/src/main/scala/processor/ALUControl.scala. Using presentation compiler with project's scala-library version: 3.3.8[0m
2026.09.15 13:50:41 INFO  no build target found for /home/amirali671/Documents/A.Rehman/Shadow/src/main/scala/processor/ALUControl.scala. Using presentation compiler with project's scala-library version: 3.3.8[0m
2026.09.15 13:50:42 INFO  no build target found for /home/amirali671/Documents/A.Rehman/Shadow/src/main/scala/processor/ALUControl.scala. Using presentation compiler with project's scala-library version: 3.3.8[0m
2026.09.15 13:50:42 INFO  no build target found for /home/amirali671/Documents/A.Rehman/Shadow/src/main/scala/processor/ALUControl.scala. Using presentation compiler with project's scala-library version: 3.3.8[0m
2026.09.15 13:50:43 INFO  no build target found for /home/amirali671/Documents/A.Rehman/Shadow/src/main/scala/processor/ALUControl.scala. Using presentation compiler with project's scala-library version: 3.3.8[0m
2026.09.15 13:50:42 INFO  no build target found for /home/amirali671/Documents/A.Rehman/Shadow/src/main/scala/processor/ALUControl.scala. Using presentation compiler with project's scala-library version: 3.3.8[0m
2026.09.15 13:50:42 INFO  no build target found for /home/amirali671/Documents/A.Rehman/Shadow/src/main/scala/processor/ALUControl.scala. Using presentation compiler with project's scala-library version: 3.3.8[0m
2026.09.15 13:50:42 INFO  no build target found for /home/amirali671/Documents/A.Rehman/Shadow/src/main/scala/processor/ALUControl.scala. Using presentation compiler with project's scala-library version: 3.3.8[0m
2026.09.15 13:50:43 INFO  no build target found for /home/amirali671/Documents/A.Rehman/Shadow/src/main/scala/processor/ALUControl.scala. Using presentation compiler with project's scala-library version: 3.3.8[0m
2026.09.15 13:50:43 WARN  no build target for: /home/amirali671/Documents/A.Rehman/Shadow/src/main/scala/processor/ALUControl.scala[0m
2026.09.15 13:50:44 WARN  no build target for: /home/amirali671/Documents/A.Rehman/Shadow/src/main/scala/processor/ALUControl.scala[0m
2026.09.15 13:50:44 WARN  no build target for: /home/amirali671/Documents/A.Rehman/Shadow/src/main/scala/processor/ALUControl.scala[0m
2026.09.15 13:50:43 WARN  no build target for: /home/amirali671/Documents/A.Rehman/Shadow/src/main/scala/processor/ALUControl.scala[0m
2026.09.15 13:50:44 WARN  no build target for: /home/amirali671/Documents/A.Rehman/Shadow/src/main/scala/processor/ALUControl.scala[0m
2026.09.15 13:50:45 INFO  no build target found for /home/amirali671/Documents/A.Rehman/Shadow/src/main/scala/processor/ALUControl.scala. Using presentation compiler with project's scala-library version: 3.3.8[0m
2026.09.15 13:50:50 INFO  no build target found for /home/amirali671/Documents/A.Rehman/Shadow/src/main/scala/processor/ALUControl.scala. Using presentation compiler with project's scala-library version: 3.3.8[0m
2026.09.15 13:50:57 INFO  no build target found for /home/amirali671/Documents/A.Rehman/Shadow/src/main/scala/processor/ALUControl.scala. Using presentation compiler with project's scala-library version: 3.3.8[0m
2026.09.15 13:51:04 INFO  no build target found for /home/amirali671/Documents/A.Rehman/Shadow/src/main/scala/processor/ALUControl.scala. Using presentation compiler with project's scala-library version: 3.3.8[0m
2026.09.15 13:51:04 INFO  no build target found for /home/amirali671/Documents/A.Rehman/Shadow/src/main/scala/processor/ALUControl.scala. Using presentation compiler with project's scala-library version: 3.3.8[0m
2026.09.15 13:51:22 INFO  no build target found for /home/amirali671/Documents/A.Rehman/Shadow/src/main/scala/processor/ALUControl.scala. Using presentation compiler with project's scala-library version: 3.3.8[0m
2026.09.15 13:51:22 INFO  no build target found for /home/amirali671/Documents/A.Rehman/Shadow/src/main/scala/processor/ALUControl.scala. Using presentation compiler with project's scala-library version: 3.3.8[0m
2026.09.15 13:51:22 INFO  no build target found for /home/amirali671/Documents/A.Rehman/Shadow/src/main/scala/processor/ALUControl.scala. Using presentation compiler with project's scala-library version: 3.3.8[0m
2026.09.15 13:51:23 INFO  no build target found for /home/amirali671/Documents/A.Rehman/Shadow/src/main/scala/processor/ALUControl.scala. Using presentation compiler with project's scala-library version: 3.3.8[0m
2026.09.15 13:51:23 INFO  no build target found for /home/amirali671/Documents/A.Rehman/Shadow/src/main/scala/processor/ALUControl.scala. Using presentation compiler with project's scala-library version: 3.3.8[0m
2026.09.15 13:52:04 INFO  no build target found for /home/amirali671/Documents/A.Rehman/Shadow/src/main/scala/processor/ALUControl.scala. Using presentation compiler with project's scala-library version: 3.3.8[0m
2026.09.15 13:52:20 INFO  no build target found for /home/amirali671/Documents/A.Rehman/Shadow/src/main/scala/processor/ALUControl.scala. Using presentation compiler with project's scala-library version: 3.3.8[0m
2026.09.15 13:52:20 INFO  no build target found for /home/amirali671/Documents/A.Rehman/Shadow/src/main/scala/processor/ALUControl.scala. Using presentation compiler with project's scala-library version: 3.3.8[0m
2026.09.15 13:52:20 INFO  no build target found for /home/amirali671/Documents/A.Rehman/Shadow/src/main/scala/processor/ALUControl.scala. Using presentation compiler with project's scala-library version: 3.3.8[0m
2026.09.15 13:52:20 INFO  no build target found for /home/amirali671/Documents/A.Rehman/Shadow/src/main/scala/processor/ALUControl.scala. Using presentation compiler with project's scala-library version: 3.3.8[0m
2026.09.15 13:52:21 INFO  no build target found for /home/amirali671/Documents/A.Rehman/Shadow/src/main/scala/processor/ALUControl.scala. Using presentation compiler with project's scala-library version: 3.3.8[0m
2026.09.15 13:52:21 INFO  no build target found for /home/amirali671/Documents/A.Rehman/Shadow/src/main/scala/processor/ALUControl.scala. Using presentation compiler with project's scala-library version: 3.3.8[0m
2026.09.15 13:52:21 INFO  no build target found for /home/amirali671/Documents/A.Rehman/Shadow/src/main/scala/processor/ALUControl.scala. Using presentation compiler with project's scala-library version: 3.3.8[0m
2026.09.15 13:52:22 INFO  no build target found for /home/amirali671/Documents/A.Rehman/Shadow/src/main/scala/processor/ALUControl.scala. Using presentation compiler with project's scala-library version: 3.3.8[0m
2026.09.15 13:52:21 INFO  no build target found for /home/amirali671/Documents/A.Rehman/Shadow/src/main/scala/processor/ALUControl.scala. Using presentation compiler with project's scala-library version: 3.3.8[0m
2026.09.15 13:52:22 INFO  no build target found for /home/amirali671/Documents/A.Rehman/Shadow/src/main/scala/processor/ALUControl.scala. Using presentation compiler with project's scala-library version: 3.3.8[0m
2026.09.15 13:52:22 INFO  no build target found for /home/amirali671/Documents/A.Rehman/Shadow/src/main/scala/processor/ALUControl.scala. Using presentation compiler with project's scala-library version: 3.3.8[0m
2026.09.15 13:52:22 INFO  no build target found for /home/amirali671/Documents/A.Rehman/Shadow/src/main/scala/processor/ALUControl.scala. Using presentation compiler with project's scala-library version: 3.3.8[0m
2026.09.15 13:52:22 INFO  no build target found for /home/amirali671/Documents/A.Rehman/Shadow/src/main/scala/processor/ALUControl.scala. Using presentation compiler with project's scala-library version: 3.3.8[0m
2026.09.15 13:52:23 INFO  no build target found for /home/amirali671/Documents/A.Rehman/Shadow/src/main/scala/processor/ALUControl.scala. Using presentation compiler with project's scala-library version: 3.3.8[0m
2026.09.15 13:52:24 WARN  no build target for: /home/amirali671/Documents/A.Rehman/Shadow/src/main/scala/processor/ALUControl.scala[0m
2026.09.15 13:52:24 INFO  no build target found for /home/amirali671/Documents/A.Rehman/Shadow/src/main/scala/processor/ALUControl.scala. Using presentation compiler with project's scala-library version: 3.3.8[0m
2026.09.15 13:52:25 INFO  no build target found for /home/amirali671/Documents/A.Rehman/Shadow/src/main/scala/processor/ALUControl.scala. Using presentation compiler with project's scala-library version: 3.3.8[0m
2026.09.15 13:52:25 WARN  no build target for: /home/amirali671/Documents/A.Rehman/Shadow/src/main/scala/processor/ALUControl.scala[0m
2026.09.15 13:52:24 INFO  no build target found for /home/amirali671/Documents/A.Rehman/Shadow/src/main/scala/processor/ALUControl.scala. Using presentation compiler with project's scala-library version: 3.3.8[0m
2026.09.15 13:52:25 INFO  no build target found for /home/amirali671/Documents/A.Rehman/Shadow/src/main/scala/processor/ALUControl.scala. Using presentation compiler with project's scala-library version: 3.3.8[0m
2026.09.15 13:52:25 INFO  no build target found for /home/amirali671/Documents/A.Rehman/Shadow/src/main/scala/processor/ALUControl.scala. Using presentation compiler with project's scala-library version: 3.3.8[0m
2026.09.15 13:54:06 INFO  no build target found for /home/amirali671/Documents/A.Rehman/Shadow/src/main/scala/processor/ALUControl.scala. Using presentation compiler with project's scala-library version: 3.3.8[0m
2026.09.15 13:54:06 INFO  no build target found for /home/amirali671/Documents/A.Rehman/Shadow/src/main/scala/processor/ALUControl.scala. Using presentation compiler with project's scala-library version: 3.3.8[0m
2026.09.15 13:54:08 INFO  no build target found for /home/amirali671/Documents/A.Rehman/Shadow/src/main/scala/processor/ALUControl.scala. Using presentation compiler with project's scala-library version: 3.3.8[0m
2026.09.15 13:54:36 INFO  no build target found for /home/amirali671/Documents/A.Rehman/Shadow/src/main/scala/processor/ALUControl.scala. Using presentation compiler with project's scala-library version: 3.3.8[0m
2026.09.15 13:54:38 INFO  no build target found for /home/amirali671/Documents/A.Rehman/Shadow/src/main/scala/processor/ALUControl.scala. Using presentation compiler with project's scala-library version: 3.3.8[0m
2026.09.15 13:54:38 INFO  no build target found for /home/amirali671/Documents/A.Rehman/Shadow/src/main/scala/processor/ALUControl.scala. Using presentation compiler with project's scala-library version: 3.3.8[0m
2026.09.15 13:54:40 INFO  no build target found for /home/amirali671/Documents/A.Rehman/Shadow/src/main/scala/processor/ALUControl.scala. Using presentation compiler with project's scala-library version: 3.3.8[0m
2026.09.15 13:54:40 INFO  no build target found for /home/amirali671/Documents/A.Rehman/Shadow/src/main/scala/processor/ALUControl.scala. Using presentation compiler with project's scala-library version: 3.3.8[0m
2026.09.15 13:54:40 INFO  no build target found for /home/amirali671/Documents/A.Rehman/Shadow/src/main/scala/processor/ALUControl.scala. Using presentation compiler with project's scala-library version: 3.3.8[0m
2026.09.15 13:54:40 INFO  no build target found for /home/amirali671/Documents/A.Rehman/Shadow/src/main/scala/processor/ALUControl.scala. Using presentation compiler with project's scala-library version: 3.3.8[0m
2026.09.15 13:54:41 INFO  no build target found for /home/amirali671/Documents/A.Rehman/Shadow/src/main/scala/processor/ALUControl.scala. Using presentation compiler with project's scala-library version: 3.3.8[0m
2026.09.15 13:54:42 INFO  no build target found for /home/amirali671/Documents/A.Rehman/Shadow/src/main/scala/processor/ALUControl.scala. Using presentation compiler with project's scala-library version: 3.3.8[0m
2026.09.15 13:54:41 INFO  no build target found for /home/amirali671/Documents/A.Rehman/Shadow/src/main/scala/processor/ALUControl.scala. Using presentation compiler with project's scala-library version: 3.3.8[0m
2026.09.15 13:54:41 INFO  no build target found for /home/amirali671/Documents/A.Rehman/Shadow/src/main/scala/processor/ALUControl.scala. Using presentation compiler with project's scala-library version: 3.3.8[0m
2026.09.15 13:54:41 INFO  no build target found for /home/amirali671/Documents/A.Rehman/Shadow/src/main/scala/processor/ALUControl.scala. Using presentation compiler with project's scala-library version: 3.3.8[0m
2026.09.15 13:54:42 INFO  no build target found for /home/amirali671/Documents/A.Rehman/Shadow/src/main/scala/processor/ALUControl.scala. Using presentation compiler with project's scala-library version: 3.3.8[0m
2026.09.15 13:54:43 WARN  no build target for: /home/amirali671/Documents/A.Rehman/Shadow/src/main/scala/processor/ALUControl.scala[0m
2026.09.15 13:54:43 INFO  no build target found for /home/amirali671/Documents/A.Rehman/Shadow/src/main/scala/processor/ALUControl.scala. Using presentation compiler with project's scala-library version: 3.3.8[0m
2026.09.15 13:54:43 INFO  no build target found for /home/amirali671/Documents/A.Rehman/Shadow/src/main/scala/processor/ALUControl.scala. Using presentation compiler with project's scala-library version: 3.3.8[0m
2026.09.15 13:54:45 INFO  no build target found for /home/amirali671/Documents/A.Rehman/Shadow/src/main/scala/processor/ALUControl.scala. Using presentation compiler with project's scala-library version: 3.3.8[0m
2026.09.15 13:54:45 INFO  no build target found for /home/amirali671/Documents/A.Rehman/Shadow/src/main/scala/processor/ALUControl.scala. Using presentation compiler with project's scala-library version: 3.3.8[0m
2026.09.15 13:54:45 INFO  no build target found for /home/amirali671/Documents/A.Rehman/Shadow/src/main/scala/processor/ALUControl.scala. Using presentation compiler with project's scala-library version: 3.3.8[0m
2026.09.15 13:54:45 INFO  no build target found for /home/amirali671/Documents/A.Rehman/Shadow/src/main/scala/processor/ALUControl.scala. Using presentation compiler with project's scala-library version: 3.3.8[0m
2026.09.15 13:54:46 INFO  no build target found for /home/amirali671/Documents/A.Rehman/Shadow/src/main/scala/processor/ALUControl.scala. Using presentation compiler with project's scala-library version: 3.3.8[0m
2026.09.15 13:54:46 INFO  no build target found for /home/amirali671/Documents/A.Rehman/Shadow/src/main/scala/processor/ALUControl.scala. Using presentation compiler with project's scala-library version: 3.3.8[0m
2026.09.15 13:54:47 WARN  no build target for: /home/amirali671/Documents/A.Rehman/Shadow/src/main/scala/processor/ALUControl.scala[0m
2026.09.15 13:54:46 INFO  no build target found for /home/amirali671/Documents/A.Rehman/Shadow/src/main/scala/processor/ALUControl.scala. Using presentation compiler with project's scala-library version: 3.3.8[0m
2026.09.15 13:54:47 INFO  no build target found for /home/amirali671/Documents/A.Rehman/Shadow/src/main/scala/processor/ALUControl.scala. Using presentation compiler with project's scala-library version: 3.3.8[0m
2026.09.15 13:54:48 INFO  no build target found for /home/amirali671/Documents/A.Rehman/Shadow/src/main/scala/processor/ALUControl.scala. Using presentation compiler with project's scala-library version: 3.3.8[0m
2026.09.15 13:54:48 INFO  no build target found for /home/amirali671/Documents/A.Rehman/Shadow/src/main/scala/processor/ALUControl.scala. Using presentation compiler with project's scala-library version: 3.3.8[0m
2026.09.15 13:54:48 INFO  no build target found for /home/amirali671/Documents/A.Rehman/Shadow/src/main/scala/processor/ALUControl.scala. Using presentation compiler with project's scala-library version: 3.3.8[0m
2026.09.15 13:54:48 INFO  no build target found for /home/amirali671/Documents/A.Rehman/Shadow/src/main/scala/processor/ALUControl.scala. Using presentation compiler with project's scala-library version: 3.3.8[0m
2026.09.15 13:54:48 INFO  no build target found for /home/amirali671/Documents/A.Rehman/Shadow/src/main/scala/processor/ALUControl.scala. Using presentation compiler with project's scala-library version: 3.3.8[0m
2026.09.15 13:54:48 INFO  no build target found for /home/amirali671/Documents/A.Rehman/Shadow/src/main/scala/processor/ALUControl.scala. Using presentation compiler with project's scala-library version: 3.3.8[0m
2026.09.15 13:54:48 INFO  no build target found for /home/amirali671/Documents/A.Rehman/Shadow/src/main/scala/processor/ALUControl.scala. Using presentation compiler with project's scala-library version: 3.3.8[0m
2026.09.15 13:54:48 INFO  no build target found for /home/amirali671/Documents/A.Rehman/Shadow/src/main/scala/processor/ALUControl.scala. Using presentation compiler with project's scala-library version: 3.3.8[0m
2026.09.15 13:54:48 INFO  no build target found for /home/amirali671/Documents/A.Rehman/Shadow/src/main/scala/processor/ALUControl.scala. Using presentation compiler with project's scala-library version: 3.3.8[0m
2026.09.15 13:54:48 INFO  no build target found for /home/amirali671/Documents/A.Rehman/Shadow/src/main/scala/processor/ALUControl.scala. Using presentation compiler with project's scala-library version: 3.3.8[0m
2026.09.15 13:54:49 INFO  no build target found for /home/amirali671/Documents/A.Rehman/Shadow/src/main/scala/processor/ALUControl.scala. Using presentation compiler with project's scala-library version: 3.3.8[0m
2026.09.15 13:54:49 INFO  no build target found for /home/amirali671/Documents/A.Rehman/Shadow/src/main/scala/processor/ALUControl.scala. Using presentation compiler with project's scala-library version: 3.3.8[0m
2026.09.15 13:54:49 INFO  no build target found for /home/amirali671/Documents/A.Rehman/Shadow/src/main/scala/processor/ALUControl.scala. Using presentation compiler with project's scala-library version: 3.3.8[0m
2026.09.15 13:54:49 INFO  no build target found for /home/amirali671/Documents/A.Rehman/Shadow/src/main/scala/processor/ALUControl.scala. Using presentation compiler with project's scala-library version: 3.3.8[0m
2026.09.15 13:54:49 INFO  no build target found for /home/amirali671/Documents/A.Rehman/Shadow/src/main/scala/processor/ALUControl.scala. Using presentation compiler with project's scala-library version: 3.3.8[0m
2026.09.15 13:54:50 WARN  no build target for: /home/amirali671/Documents/A.Rehman/Shadow/src/main/scala/processor/ALUControl.scala[0m
2026.09.15 13:54:50 INFO  no build target found for /home/amirali671/Documents/A.Rehman/Shadow/src/main/scala/processor/ALUControl.scala. Using presentation compiler with project's scala-library version: 3.3.8[0m
2026.09.15 13:54:50 INFO  no build target found for /home/amirali671/Documents/A.Rehman/Shadow/src/main/scala/processor/ALUControl.scala. Using presentation compiler with project's scala-library version: 3.3.8[0m
2026.09.15 13:54:50 INFO  no build target found for /home/amirali671/Documents/A.Rehman/Shadow/src/main/scala/processor/ALUControl.scala. Using presentation compiler with project's scala-library version: 3.3.8[0m
2026.09.15 13:54:51 WARN  no build target for: /home/amirali671/Documents/A.Rehman/Shadow/src/main/scala/processor/ALUControl.scala[0m
2026.09.15 13:54:52 INFO  no build target found for /home/amirali671/Documents/A.Rehman/Shadow/src/main/scala/processor/ALUControl.scala. Using presentation compiler with project's scala-library version: 3.3.8[0m
2026.09.15 13:54:52 INFO  no build target found for /home/amirali671/Documents/A.Rehman/Shadow/src/main/scala/processor/ALUControl.scala. Using presentation compiler with project's scala-library version: 3.3.8[0m
2026.09.15 13:54:52 INFO  no build target found for /home/amirali671/Documents/A.Rehman/Shadow/src/main/scala/processor/ALUControl.scala. Using presentation compiler with project's scala-library version: 3.3.8[0m
2026.09.15 13:54:52 INFO  no build target found for /home/amirali671/Documents/A.Rehman/Shadow/src/main/scala/processor/ALUControl.scala. Using presentation compiler with project's scala-library version: 3.3.8[0m
2026.09.15 13:54:52 INFO  no build target found for /home/amirali671/Documents/A.Rehman/Shadow/src/main/scala/processor/ALUControl.scala. Using presentation compiler with project's scala-library version: 3.3.8[0m
2026.09.15 13:54:52 INFO  no build target found for /home/amirali671/Documents/A.Rehman/Shadow/src/main/scala/processor/ALUControl.scala. Using presentation compiler with project's scala-library version: 3.3.8[0m
2026.09.15 13:54:53 INFO  no build target found for /home/amirali671/Documents/A.Rehman/Shadow/src/main/scala/processor/ALUControl.scala. Using presentation compiler with project's scala-library version: 3.3.8[0m
2026.09.15 13:54:53 INFO  no build target found for /home/amirali671/Documents/A.Rehman/Shadow/src/main/scala/processor/ALUControl.scala. Using presentation compiler with project's scala-library version: 3.3.8[0m
2026.09.15 13:54:53 INFO  no build target found for /home/amirali671/Documents/A.Rehman/Shadow/src/main/scala/processor/ALUControl.scala. Using presentation compiler with project's scala-library version: 3.3.8[0m
2026.09.15 13:54:53 INFO  no build target found for /home/amirali671/Documents/A.Rehman/Shadow/src/main/scala/processor/ALUControl.scala. Using presentation compiler with project's scala-library version: 3.3.8[0m
2026.09.15 13:54:53 INFO  no build target found for /home/amirali671/Documents/A.Rehman/Shadow/src/main/scala/processor/ALUControl.scala. Using presentation compiler with project's scala-library version: 3.3.8[0m
2026.09.15 13:54:53 INFO  no build target found for /home/amirali671/Documents/A.Rehman/Shadow/src/main/scala/processor/ALUControl.scala. Using presentation compiler with project's scala-library version: 3.3.8[0m
2026.09.15 13:54:53 INFO  no build target found for /home/amirali671/Documents/A.Rehman/Shadow/src/main/scala/processor/ALUControl.scala. Using presentation compiler with project's scala-library version: 3.3.8[0m
2026.09.15 13:54:53 INFO  no build target found for /home/amirali671/Documents/A.Rehman/Shadow/src/main/scala/processor/ALUControl.scala. Using presentation compiler with project's scala-library version: 3.3.8[0m
2026.09.15 13:54:54 INFO  no build target found for /home/amirali671/Documents/A.Rehman/Shadow/src/main/scala/processor/ALUControl.scala. Using presentation compiler with project's scala-library version: 3.3.8[0m
2026.09.15 13:54:54 INFO  no build target found for /home/amirali671/Documents/A.Rehman/Shadow/src/main/scala/processor/ALUControl.scala. Using presentation compiler with project's scala-library version: 3.3.8[0m
2026.09.15 13:54:54 INFO  no build target found for /home/amirali671/Documents/A.Rehman/Shadow/src/main/scala/processor/ALUControl.scala. Using presentation compiler with project's scala-library version: 3.3.8[0m
2026.09.15 13:54:54 INFO  no build target found for /home/amirali671/Documents/A.Rehman/Shadow/src/main/scala/processor/ALUControl.scala. Using presentation compiler with project's scala-library version: 3.3.8[0m
2026.09.15 13:54:54 INFO  no build target found for /home/amirali671/Documents/A.Rehman/Shadow/src/main/scala/processor/ALUControl.scala. Using presentation compiler with project's scala-library version: 3.3.8[0m
2026.09.15 13:54:54 INFO  no build target found for /home/amirali671/Documents/A.Rehman/Shadow/src/main/scala/processor/ALUControl.scala. Using presentation compiler with project's scala-library version: 3.3.8[0m
2026.09.15 13:54:54 INFO  no build target found for /home/amirali671/Documents/A.Rehman/Shadow/src/main/scala/processor/ALUControl.scala. Using presentation compiler with project's scala-library version: 3.3.8[0m
2026.09.15 13:54:54 INFO  no build target found for /home/amirali671/Documents/A.Rehman/Shadow/src/main/scala/processor/ALUControl.scala. Using presentation compiler with project's scala-library version: 3.3.8[0m
2026.09.15 13:54:54 INFO  no build target found for /home/amirali671/Documents/A.Rehman/Shadow/src/main/scala/processor/ALUControl.scala. Using presentation compiler with project's scala-library version: 3.3.8[0m
2026.09.15 13:54:54 INFO  no build target found for /home/amirali671/Documents/A.Rehman/Shadow/src/main/scala/processor/ALUControl.scala. Using presentation compiler with project's scala-library version: 3.3.8[0m
2026.09.15 13:54:55 INFO  no build target found for /home/amirali671/Documents/A.Rehman/Shadow/src/main/scala/processor/ALUControl.scala. Using presentation compiler with project's scala-library version: 3.3.8[0m
2026.09.15 13:54:55 INFO  no build target found for /home/amirali671/Documents/A.Rehman/Shadow/src/main/scala/processor/ALUControl.scala. Using presentation compiler with project's scala-library version: 3.3.8[0m
2026.09.15 13:54:55 INFO  no build target found for /home/amirali671/Documents/A.Rehman/Shadow/src/main/scala/processor/ALUControl.scala. Using presentation compiler with project's scala-library version: 3.3.8[0m
2026.09.15 13:54:56 WARN  no build target for: /home/amirali671/Documents/A.Rehman/Shadow/src/main/scala/processor/ALUControl.scala[0m
2026.09.15 13:54:57 INFO  no build target found for /home/amirali671/Documents/A.Rehman/Shadow/src/main/scala/processor/ALUControl.scala. Using presentation compiler with project's scala-library version: 3.3.8[0m
2026.09.15 13:54:57 INFO  no build target found for /home/amirali671/Documents/A.Rehman/Shadow/src/main/scala/processor/ALUControl.scala. Using presentation compiler with project's scala-library version: 3.3.8[0m
2026.09.15 13:54:57 INFO  no build target found for /home/amirali671/Documents/A.Rehman/Shadow/src/main/scala/processor/ALUControl.scala. Using presentation compiler with project's scala-library version: 3.3.8[0m
2026.09.15 13:54:57 INFO  no build target found for /home/amirali671/Documents/A.Rehman/Shadow/src/main/scala/processor/ALUControl.scala. Using presentation compiler with project's scala-library version: 3.3.8[0m
2026.09.15 13:54:57 INFO  no build target found for /home/amirali671/Documents/A.Rehman/Shadow/src/main/scala/processor/ALUControl.scala. Using presentation compiler with project's scala-library version: 3.3.8[0m
2026.09.15 13:54:58 INFO  no build target found for /home/amirali671/Documents/A.Rehman/Shadow/src/main/scala/processor/ALUControl.scala. Using presentation compiler with project's scala-library version: 3.3.8[0m
2026.09.15 13:54:58 INFO  no build target found for /home/amirali671/Documents/A.Rehman/Shadow/src/main/scala/processor/ALUControl.scala. Using presentation compiler with project's scala-library version: 3.3.8[0m
2026.09.15 13:54:59 WARN  no build target for: /home/amirali671/Documents/A.Rehman/Shadow/src/main/scala/processor/ALUControl.scala[0m
2026.09.15 13:54:58 INFO  no build target found for /home/amirali671/Documents/A.Rehman/Shadow/src/main/scala/processor/ALUControl.scala. Using presentation compiler with project's scala-library version: 3.3.8[0m
2026.09.15 13:54:59 INFO  no build target found for /home/amirali671/Documents/A.Rehman/Shadow/src/main/scala/processor/ALUControl.scala. Using presentation compiler with project's scala-library version: 3.3.8[0m
2026.09.15 13:54:59 INFO  no build target found for /home/amirali671/Documents/A.Rehman/Shadow/src/main/scala/processor/ALUControl.scala. Using presentation compiler with project's scala-library version: 3.3.8[0m
2026.09.15 13:55:00 WARN  no build target for: /home/amirali671/Documents/A.Rehman/Shadow/src/main/scala/processor/ALUControl.scala[0m
2026.09.15 13:54:59 INFO  no build target found for /home/amirali671/Documents/A.Rehman/Shadow/src/main/scala/processor/ALUControl.scala. Using presentation compiler with project's scala-library version: 3.3.8[0m
2026.09.15 13:55:00 WARN  no build target for: /home/amirali671/Documents/A.Rehman/Shadow/src/main/scala/processor/ALUControl.scala[0m
2026.09.15 13:55:01 INFO  no build target found for /home/amirali671/Documents/A.Rehman/Shadow/src/main/scala/processor/PriEncoder.scala. Using presentation compiler with project's scala-library version: 3.3.8[0m
2026.09.15 13:55:01 WARN  no build target for: /home/amirali671/Documents/A.Rehman/Shadow/src/main/scala/processor/PriEncoder.scala[0m
2026.09.15 13:55:01 INFO  no build target found for /home/amirali671/Documents/A.Rehman/Shadow/src/main/scala/processor/PriEncoder.scala. Using presentation compiler with project's scala-library version: 3.3.8[0m
2026.09.15 13:55:01 INFO  no build target found for /home/amirali671/Documents/A.Rehman/Shadow/src/main/scala/processor/PriEncoder.scala. Using presentation compiler with project's scala-library version: 3.3.8[0m
2026.09.15 13:55:01 INFO  no build target found for /home/amirali671/Documents/A.Rehman/Shadow/src/main/scala/processor/PriEncoder.scala. Using presentation compiler with project's scala-library version: 3.3.8[0m
2026.09.15 13:55:03 INFO  no build target found for /home/amirali671/Documents/A.Rehman/Shadow/src/main/scala/processor/PriEncoder.scala. Using presentation compiler with project's scala-library version: 3.3.8[0m
2026.09.15 13:55:06 INFO  no build target found for /home/amirali671/Documents/A.Rehman/Shadow/src/main/scala/processor/PriEncoder.scala. Using presentation compiler with project's scala-library version: 3.3.8[0m
2026.09.15 13:55:06 INFO  no build target found for /home/amirali671/Documents/A.Rehman/Shadow/src/main/scala/processor/PriEncoder.scala. Using presentation compiler with project's scala-library version: 3.3.8[0m
2026.09.15 13:55:06 INFO  no build target found for /home/amirali671/Documents/A.Rehman/Shadow/src/main/scala/processor/PriEncoder.scala. Using presentation compiler with project's scala-library version: 3.3.8[0m
2026.09.15 13:55:06 INFO  no build target found for /home/amirali671/Documents/A.Rehman/Shadow/src/main/scala/processor/PriEncoder.scala. Using presentation compiler with project's scala-library version: 3.3.8[0m
2026.09.15 13:55:07 INFO  no build target found for /home/amirali671/Documents/A.Rehman/Shadow/src/main/scala/processor/PriEncoder.scala. Using presentation compiler with project's scala-library version: 3.3.8[0m
2026.09.15 13:55:07 INFO  no build target found for /home/amirali671/Documents/A.Rehman/Shadow/src/main/scala/processor/PriEncoder.scala. Using presentation compiler with project's scala-library version: 3.3.8[0m
2026.09.15 13:55:07 INFO  no build target found for /home/amirali671/Documents/A.Rehman/Shadow/src/main/scala/processor/PriEncoder.scala. Using presentation compiler with project's scala-library version: 3.3.8[0m
2026.09.15 13:55:08 WARN  no build target for: /home/amirali671/Documents/A.Rehman/Shadow/src/main/scala/processor/PriEncoder.scala[0m
2026.09.15 13:55:08 WARN  no build target for: /home/amirali671/Documents/A.Rehman/Shadow/src/main/scala/processor/PriEncoder.scala[0m
2026.09.15 13:55:08 WARN  no build target for: /home/amirali671/Documents/A.Rehman/Shadow/src/main/scala/processor/PriEncoder.scala[0m
2026.09.15 13:55:08 WARN  no build target for: /home/amirali671/Documents/A.Rehman/Shadow/src/main/scala/processor/PriEncoder.scala[0m
2026.09.15 13:55:09 INFO  no build target found for /home/amirali671/Documents/A.Rehman/Shadow/src/main/scala/processor/ALUControl.scala. Using presentation compiler with project's scala-library version: 3.3.8[0m
2026.09.15 13:55:09 WARN  no build target for: /home/amirali671/Documents/A.Rehman/Shadow/src/main/scala/processor/ALUControl.scala[0m
2026.09.15 13:55:09 INFO  no build target found for /home/amirali671/Documents/A.Rehman/Shadow/src/main/scala/processor/ALUControl.scala. Using presentation compiler with project's scala-library version: 3.3.8[0m
2026.09.15 13:55:09 INFO  no build target found for /home/amirali671/Documents/A.Rehman/Shadow/src/main/scala/processor/ALUControl.scala. Using presentation compiler with project's scala-library version: 3.3.8[0m
2026.09.15 13:55:09 INFO  no build target found for /home/amirali671/Documents/A.Rehman/Shadow/src/main/scala/processor/ALUControl.scala. Using presentation compiler with project's scala-library version: 3.3.8[0m
2026.09.15 13:55:15 INFO  no build target found for /home/amirali671/Documents/A.Rehman/Shadow/src/main/scala/processor/ALUControl.scala. Using presentation compiler with project's scala-library version: 3.3.8[0m
2026.09.15 13:55:15 INFO  no build target found for /home/amirali671/Documents/A.Rehman/Shadow/src/main/scala/processor/ALUControl.scala. Using presentation compiler with project's scala-library version: 3.3.8[0m
2026.09.15 13:55:16 INFO  no build target found for /home/amirali671/Documents/A.Rehman/Shadow/src/main/scala/processor/ALUControl.scala. Using presentation compiler with project's scala-library version: 3.3.8[0m
2026.09.15 13:55:17 WARN  no build target for: /home/amirali671/Documents/A.Rehman/Shadow/src/main/scala/processor/ALUControl.scala[0m
2026.09.15 13:55:17 INFO  no build target found for /home/amirali671/Documents/A.Rehman/Shadow/src/main/scala/processor/ALUControl.scala. Using presentation compiler with project's scala-library version: 3.3.8[0m
2026.09.15 13:55:17 INFO  no build target found for /home/amirali671/Documents/A.Rehman/Shadow/src/main/scala/processor/ALUControl.scala. Using presentation compiler with project's scala-library version: 3.3.8[0m
2026.09.15 13:55:17 INFO  no build target found for /home/amirali671/Documents/A.Rehman/Shadow/src/main/scala/processor/ALUControl.scala. Using presentation compiler with project's scala-library version: 3.3.8[0m
2026.09.15 13:55:17 INFO  no build target found for /home/amirali671/Documents/A.Rehman/Shadow/src/main/scala/processor/ALUControl.scala. Using presentation compiler with project's scala-library version: 3.3.8[0m
2026.09.15 13:55:17 INFO  no build target found for /home/amirali671/Documents/A.Rehman/Shadow/src/main/scala/processor/ALUControl.scala. Using presentation compiler with project's scala-library version: 3.3.8[0m
2026.09.15 13:55:18 INFO  no build target found for /home/amirali671/Documents/A.Rehman/Shadow/src/main/scala/processor/ALUControl.scala. Using presentation compiler with project's scala-library version: 3.3.8[0m
2026.09.15 13:55:17 INFO  no build target found for /home/amirali671/Documents/A.Rehman/Shadow/src/main/scala/processor/ALUControl.scala. Using presentation compiler with project's scala-library version: 3.3.8[0m
2026.09.15 13:55:18 INFO  no build target found for /home/amirali671/Documents/A.Rehman/Shadow/src/main/scala/processor/ALUControl.scala. Using presentation compiler with project's scala-library version: 3.3.8[0m
2026.09.15 13:55:18 INFO  no build target found for /home/amirali671/Documents/A.Rehman/Shadow/src/main/scala/processor/ALUControl.scala. Using presentation compiler with project's scala-library version: 3.3.8[0m
2026.09.15 13:55:18 INFO  no build target found for /home/amirali671/Documents/A.Rehman/Shadow/src/main/scala/processor/ALUControl.scala. Using presentation compiler with project's scala-library version: 3.3.8[0m
2026.09.15 13:55:18 INFO  no build target found for /home/amirali671/Documents/A.Rehman/Shadow/src/main/scala/processor/ALUControl.scala. Using presentation compiler with project's scala-library version: 3.3.8[0m
2026.09.15 13:55:19 INFO  no build target found for /home/amirali671/Documents/A.Rehman/Shadow/src/main/scala/processor/ALUControl.scala. Using presentation compiler with project's scala-library version: 3.3.8[0m
2026.09.15 13:55:20 WARN  no build target for: /home/amirali671/Documents/A.Rehman/Shadow/src/main/scala/processor/ALUControl.scala[0m
2026.09.15 13:55:21 INFO  no build target found for /home/amirali671/Documents/A.Rehman/Shadow/src/main/scala/processor/ALUControl.scala. Using presentation compiler with project's scala-library version: 3.3.8[0m
2026.09.15 13:55:21 INFO  no build target found for /home/amirali671/Documents/A.Rehman/Shadow/src/main/scala/processor/ALUControl.scala. Using presentation compiler with project's scala-library version: 3.3.8[0m
2026.09.15 13:55:21 INFO  no build target found for /home/amirali671/Documents/A.Rehman/Shadow/src/main/scala/processor/ALUControl.scala. Using presentation compiler with project's scala-library version: 3.3.8[0m
2026.09.15 13:55:21 INFO  no build target found for /home/amirali671/Documents/A.Rehman/Shadow/src/main/scala/processor/ALUControl.scala. Using presentation compiler with project's scala-library version: 3.3.8[0m
2026.09.15 13:55:21 INFO  no build target found for /home/amirali671/Documents/A.Rehman/Shadow/src/main/scala/processor/ALUControl.scala. Using presentation compiler with project's scala-library version: 3.3.8[0m
2026.09.15 13:55:21 INFO  no build target found for /home/amirali671/Documents/A.Rehman/Shadow/src/main/scala/processor/ALUControl.scala. Using presentation compiler with project's scala-library version: 3.3.8[0m
2026.09.15 13:55:21 INFO  no build target found for /home/amirali671/Documents/A.Rehman/Shadow/src/main/scala/processor/ALUControl.scala. Using presentation compiler with project's scala-library version: 3.3.8[0m
2026.09.15 13:55:22 INFO  no build target found for /home/amirali671/Documents/A.Rehman/Shadow/src/main/scala/processor/ALUControl.scala. Using presentation compiler with project's scala-library version: 3.3.8[0m
2026.09.15 13:55:22 INFO  no build target found for /home/amirali671/Documents/A.Rehman/Shadow/src/main/scala/processor/ALUControl.scala. Using presentation compiler with project's scala-library version: 3.3.8[0m
2026.09.15 13:55:22 INFO  no build target found for /home/amirali671/Documents/A.Rehman/Shadow/src/main/scala/processor/ALUControl.scala. Using presentation compiler with project's scala-library version: 3.3.8[0m
2026.09.15 13:55:22 INFO  no build target found for /home/amirali671/Documents/A.Rehman/Shadow/src/main/scala/processor/ALUControl.scala. Using presentation compiler with project's scala-library version: 3.3.8[0m
2026.09.15 13:55:22 INFO  no build target found for /home/amirali671/Documents/A.Rehman/Shadow/src/main/scala/processor/ALUControl.scala. Using presentation compiler with project's scala-library version: 3.3.8[0m
2026.09.15 13:55:23 INFO  no build target found for /home/amirali671/Documents/A.Rehman/Shadow/src/main/scala/processor/ALUControl.scala. Using presentation compiler with project's scala-library version: 3.3.8[0m
2026.09.15 13:55:22 INFO  no build target found for /home/amirali671/Documents/A.Rehman/Shadow/src/main/scala/processor/ALUControl.scala. Using presentation compiler with project's scala-library version: 3.3.8[0m
2026.09.15 13:55:22 INFO  no build target found for /home/amirali671/Documents/A.Rehman/Shadow/src/main/scala/processor/ALUControl.scala. Using presentation compiler with project's scala-library version: 3.3.8[0m
2026.09.15 13:55:23 INFO  no build target found for /home/amirali671/Documents/A.Rehman/Shadow/src/main/scala/processor/ALUControl.scala. Using presentation compiler with project's scala-library version: 3.3.8[0m
2026.09.15 13:55:23 INFO  no build target found for /home/amirali671/Documents/A.Rehman/Shadow/src/main/scala/processor/ALUControl.scala. Using presentation compiler with project's scala-library version: 3.3.8[0m
2026.09.15 13:55:24 INFO  no build target found for /home/amirali671/Documents/A.Rehman/Shadow/src/main/scala/processor/ALUControl.scala. Using presentation compiler with project's scala-library version: 3.3.8[0m
2026.09.15 13:55:24 WARN  no build target for: /home/amirali671/Documents/A.Rehman/Shadow/src/main/scala/processor/ALUControl.scala[0m
2026.09.15 13:55:25 INFO  no build target found for /home/amirali671/Documents/A.Rehman/Shadow/src/main/scala/processor/ALUControl.scala. Using presentation compiler with project's scala-library version: 3.3.8[0m
2026.09.15 13:55:25 INFO  no build target found for /home/amirali671/Documents/A.Rehman/Shadow/src/main/scala/processor/ALUControl.scala. Using presentation compiler with project's scala-library version: 3.3.8[0m
2026.09.15 13:55:25 INFO  no build target found for /home/amirali671/Documents/A.Rehman/Shadow/src/main/scala/processor/ALUControl.scala. Using presentation compiler with project's scala-library version: 3.3.8[0m
2026.09.15 13:55:25 INFO  no build target found for /home/amirali671/Documents/A.Rehman/Shadow/src/main/scala/processor/ALUControl.scala. Using presentation compiler with project's scala-library version: 3.3.8[0m
2026.09.15 13:55:25 INFO  no build target found for /home/amirali671/Documents/A.Rehman/Shadow/src/main/scala/processor/ALUControl.scala. Using presentation compiler with project's scala-library version: 3.3.8[0m
2026.09.15 13:55:26 INFO  no build target found for /home/amirali671/Documents/A.Rehman/Shadow/src/main/scala/processor/ALUControl.scala. Using presentation compiler with project's scala-library version: 3.3.8[0m
2026.09.15 13:55:25 INFO  no build target found for /home/amirali671/Documents/A.Rehman/Shadow/src/main/scala/processor/ALUControl.scala. Using presentation compiler with project's scala-library version: 3.3.8[0m
2026.09.15 13:55:26 INFO  no build target found for /home/amirali671/Documents/A.Rehman/Shadow/src/main/scala/processor/ALUControl.scala. Using presentation compiler with project's scala-library version: 3.3.8[0m
2026.09.15 13:55:26 WARN  no build target for: /home/amirali671/Documents/A.Rehman/Shadow/src/main/scala/processor/ALUControl.scala[0m
2026.09.15 13:55:26 INFO  no build target found for /home/amirali671/Documents/A.Rehman/Shadow/src/main/scala/processor/ALUControl.scala. Using presentation compiler with project's scala-library version: 3.3.8[0m
2026.09.15 13:55:27 INFO  no build target found for /home/amirali671/Documents/A.Rehman/Shadow/src/main/scala/processor/ALUControl.scala. Using presentation compiler with project's scala-library version: 3.3.8[0m
2026.09.15 13:55:27 INFO  no build target found for /home/amirali671/Documents/A.Rehman/Shadow/src/main/scala/processor/ALUControl.scala. Using presentation compiler with project's scala-library version: 3.3.8[0m
2026.09.15 13:55:27 INFO  no build target found for /home/amirali671/Documents/A.Rehman/Shadow/src/main/scala/processor/ALUControl.scala. Using presentation compiler with project's scala-library version: 3.3.8[0m
2026.09.15 13:55:27 INFO  no build target found for /home/amirali671/Documents/A.Rehman/Shadow/src/main/scala/processor/ALUControl.scala. Using presentation compiler with project's scala-library version: 3.3.8[0m
2026.09.15 13:55:27 INFO  no build target found for /home/amirali671/Documents/A.Rehman/Shadow/src/main/scala/processor/ALUControl.scala. Using presentation compiler with project's scala-library version: 3.3.8[0m
2026.09.15 13:55:28 WARN  no build target for: /home/amirali671/Documents/A.Rehman/Shadow/src/main/scala/processor/ALUControl.scala[0m
2026.09.15 13:55:29 INFO  no build target found for /home/amirali671/Documents/A.Rehman/Shadow/src/main/scala/processor/ALUControl.scala. Using presentation compiler with project's scala-library version: 3.3.8[0m
2026.09.15 13:55:29 INFO  no build target found for /home/amirali671/Documents/A.Rehman/Shadow/src/main/scala/processor/ALUControl.scala. Using presentation compiler with project's scala-library version: 3.3.8[0m
2026.09.15 13:55:29 INFO  no build target found for /home/amirali671/Documents/A.Rehman/Shadow/src/main/scala/processor/ALUControl.scala. Using presentation compiler with project's scala-library version: 3.3.8[0m
2026.09.15 13:55:38 INFO  no build target found for /home/amirali671/Documents/A.Rehman/Shadow/src/main/scala/processor/ALUControl.scala. Using presentation compiler with project's scala-library version: 3.3.8[0m
2026.09.15 13:55:38 INFO  no build target found for /home/amirali671/Documents/A.Rehman/Shadow/src/main/scala/processor/ALUControl.scala. Using presentation compiler with project's scala-library version: 3.3.8[0m
2026.09.15 13:55:39 INFO  no build target found for /home/amirali671/Documents/A.Rehman/Shadow/src/main/scala/processor/ALUControl.scala. Using presentation compiler with project's scala-library version: 3.3.8[0m
2026.09.15 13:55:38 INFO  no build target found for /home/amirali671/Documents/A.Rehman/Shadow/src/main/scala/processor/ALUControl.scala. Using presentation compiler with project's scala-library version: 3.3.8[0m
2026.09.15 13:55:39 WARN  no build target for: /home/amirali671/Documents/A.Rehman/Shadow/src/main/scala/processor/ALUControl.scala[0m
2026.09.15 13:55:40 INFO  no build target found for /home/amirali671/Documents/A.Rehman/Shadow/src/main/scala/processor/ALUControl.scala. Using presentation compiler with project's scala-library version: 3.3.8[0m
2026.09.15 13:55:40 INFO  no build target found for /home/amirali671/Documents/A.Rehman/Shadow/src/main/scala/processor/ALUControl.scala. Using presentation compiler with project's scala-library version: 3.3.8[0m
2026.09.15 13:55:40 INFO  no build target found for /home/amirali671/Documents/A.Rehman/Shadow/src/main/scala/processor/ALUControl.scala. Using presentation compiler with project's scala-library version: 3.3.8[0m
2026.09.15 13:55:40 INFO  no build target found for /home/amirali671/Documents/A.Rehman/Shadow/src/main/scala/processor/ALUControl.scala. Using presentation compiler with project's scala-library version: 3.3.8[0m
2026.09.15 13:55:40 INFO  no build target found for /home/amirali671/Documents/A.Rehman/Shadow/src/main/scala/processor/ALUControl.scala. Using presentation compiler with project's scala-library version: 3.3.8[0m
2026.09.15 13:55:40 INFO  no build target found for /home/amirali671/Documents/A.Rehman/Shadow/src/main/scala/processor/ALUControl.scala. Using presentation compiler with project's scala-library version: 3.3.8[0m
2026.09.15 13:55:40 INFO  no build target found for /home/amirali671/Documents/A.Rehman/Shadow/src/main/scala/processor/ALUControl.scala. Using presentation compiler with project's scala-library version: 3.3.8[0m
2026.09.15 13:55:40 INFO  no build target found for /home/amirali671/Documents/A.Rehman/Shadow/src/main/scala/processor/ALUControl.scala. Using presentation compiler with project's scala-library version: 3.3.8[0m
2026.09.15 13:55:41 INFO  no build target found for /home/amirali671/Documents/A.Rehman/Shadow/src/main/scala/processor/ALUControl.scala. Using presentation compiler with project's scala-library version: 3.3.8[0m
2026.09.15 13:55:41 INFO  no build target found for /home/amirali671/Documents/A.Rehman/Shadow/src/main/scala/processor/ALUControl.scala. Using presentation compiler with project's scala-library version: 3.3.8[0m
2026.09.15 13:55:41 INFO  no build target found for /home/amirali671/Documents/A.Rehman/Shadow/src/main/scala/processor/ALUControl.scala. Using presentation compiler with project's scala-library version: 3.3.8[0m
2026.09.15 13:55:41 INFO  no build target found for /home/amirali671/Documents/A.Rehman/Shadow/src/main/scala/processor/ALUControl.scala. Using presentation compiler with project's scala-library version: 3.3.8[0m
2026.09.15 13:55:41 INFO  no build target found for /home/amirali671/Documents/A.Rehman/Shadow/src/main/scala/processor/ALUControl.scala. Using presentation compiler with project's scala-library version: 3.3.8[0m
2026.09.15 13:55:41 INFO  no build target found for /home/amirali671/Documents/A.Rehman/Shadow/src/main/scala/processor/ALUControl.scala. Using presentation compiler with project's scala-library version: 3.3.8[0m
2026.09.15 13:55:41 INFO  no build target found for /home/amirali671/Documents/A.Rehman/Shadow/src/main/scala/processor/ALUControl.scala. Using presentation compiler with project's scala-library version: 3.3.8[0m
2026.09.15 13:55:41 INFO  no build target found for /home/amirali671/Documents/A.Rehman/Shadow/src/main/scala/processor/ALUControl.scala. Using presentation compiler with project's scala-library version: 3.3.8[0m
2026.09.15 13:55:42 INFO  no build target found for /home/amirali671/Documents/A.Rehman/Shadow/src/main/scala/processor/ALUControl.scala. Using presentation compiler with project's scala-library version: 3.3.8[0m
2026.09.15 13:55:42 INFO  no build target found for /home/amirali671/Documents/A.Rehman/Shadow/src/main/scala/processor/ALUControl.scala. Using presentation compiler with project's scala-library version: 3.3.8[0m
2026.09.15 13:55:43 WARN  no build target for: /home/amirali671/Documents/A.Rehman/Shadow/src/main/scala/processor/ALUControl.scala[0m
2026.09.15 13:55:44 INFO  no build target found for /home/amirali671/Documents/A.Rehman/Shadow/src/main/scala/processor/ALUControl.scala. Using presentation compiler with project's scala-library version: 3.3.8[0m
2026.09.15 13:55:44 INFO  no build target found for /home/amirali671/Documents/A.Rehman/Shadow/src/main/scala/processor/ALUControl.scala. Using presentation compiler with project's scala-library version: 3.3.8[0m
2026.09.15 13:55:45 INFO  no build target found for /home/amirali671/Documents/A.Rehman/Shadow/src/main/scala/processor/ALUControl.scala. Using presentation compiler with project's scala-library version: 3.3.8[0m
2026.09.15 13:55:44 INFO  no build target found for /home/amirali671/Documents/A.Rehman/Shadow/src/main/scala/processor/ALUControl.scala. Using presentation compiler with project's scala-library version: 3.3.8[0m
2026.09.15 13:55:44 INFO  no build target found for /home/amirali671/Documents/A.Rehman/Shadow/src/main/scala/processor/ALUControl.scala. Using presentation compiler with project's scala-library version: 3.3.8[0m
2026.09.15 13:55:45 WARN  no build target for: /home/amirali671/Documents/A.Rehman/Shadow/src/main/scala/processor/ALUControl.scala[0m
2026.09.15 13:55:46 INFO  no build target found for /home/amirali671/Documents/A.Rehman/Shadow/src/main/scala/processor/ALUControl.scala. Using presentation compiler with project's scala-library version: 3.3.8[0m
2026.09.15 13:55:51 INFO  no build target found for /home/amirali671/Documents/A.Rehman/Shadow/src/main/scala/processor/ALUControl.scala. Using presentation compiler with project's scala-library version: 3.3.8[0m
2026.09.15 13:55:51 INFO  no build target found for /home/amirali671/Documents/A.Rehman/Shadow/src/main/scala/processor/ALUControl.scala. Using presentation compiler with project's scala-library version: 3.3.8[0m
2026.09.15 13:55:51 INFO  no build target found for /home/amirali671/Documents/A.Rehman/Shadow/src/main/scala/processor/ALUControl.scala. Using presentation compiler with project's scala-library version: 3.3.8[0m
2026.09.15 13:55:52 INFO  no build target found for /home/amirali671/Documents/A.Rehman/Shadow/src/main/scala/processor/ALUControl.scala. Using presentation compiler with project's scala-library version: 3.3.8[0m
2026.09.15 13:55:52 INFO  no build target found for /home/amirali671/Documents/A.Rehman/Shadow/src/main/scala/processor/ALUControl.scala. Using presentation compiler with project's scala-library version: 3.3.8[0m
2026.09.15 13:55:52 INFO  no build target found for /home/amirali671/Documents/A.Rehman/Shadow/src/main/scala/processor/ALUControl.scala. Using presentation compiler with project's scala-library version: 3.3.8[0m
2026.09.15 13:55:52 INFO  no build target found for /home/amirali671/Documents/A.Rehman/Shadow/src/main/scala/processor/ALUControl.scala. Using presentation compiler with project's scala-library version: 3.3.8[0m
2026.09.15 13:55:52 INFO  no build target found for /home/amirali671/Documents/A.Rehman/Shadow/src/main/scala/processor/ALUControl.scala. Using presentation compiler with project's scala-library version: 3.3.8[0m
2026.09.15 13:55:52 INFO  no build target found for /home/amirali671/Documents/A.Rehman/Shadow/src/main/scala/processor/ALUControl.scala. Using presentation compiler with project's scala-library version: 3.3.8[0m
2026.09.15 13:55:52 INFO  no build target found for /home/amirali671/Documents/A.Rehman/Shadow/src/main/scala/processor/ALUControl.scala. Using presentation compiler with project's scala-library version: 3.3.8[0m
2026.09.15 13:55:53 INFO  no build target found for /home/amirali671/Documents/A.Rehman/Shadow/src/main/scala/processor/ALUControl.scala. Using presentation compiler with project's scala-library version: 3.3.8[0m
2026.09.15 13:55:53 INFO  no build target found for /home/amirali671/Documents/A.Rehman/Shadow/src/main/scala/processor/ALUControl.scala. Using presentation compiler with project's scala-library version: 3.3.8[0m
2026.09.15 13:55:53 INFO  no build target found for /home/amirali671/Documents/A.Rehman/Shadow/src/main/scala/processor/ALUControl.scala. Using presentation compiler with project's scala-library version: 3.3.8[0m
2026.09.15 13:55:53 INFO  no build target found for /home/amirali671/Documents/A.Rehman/Shadow/src/main/scala/processor/ALUControl.scala. Using presentation compiler with project's scala-library version: 3.3.8[0m
2026.09.15 13:55:54 WARN  no build target for: /home/amirali671/Documents/A.Rehman/Shadow/src/main/scala/processor/ALUControl.scala[0m
2026.09.15 13:55:54 INFO  no build target found for /home/amirali671/Documents/A.Rehman/Shadow/src/main/scala/processor/ALUControl.scala. Using presentation compiler with project's scala-library version: 3.3.8[0m
2026.09.15 13:55:54 INFO  no build target found for /home/amirali671/Documents/A.Rehman/Shadow/src/main/scala/processor/ALUControl.scala. Using presentation compiler with project's scala-library version: 3.3.8[0m
2026.09.15 13:55:55 INFO  no build target found for /home/amirali671/Documents/A.Rehman/Shadow/src/main/scala/processor/ALUControl.scala. Using presentation compiler with project's scala-library version: 3.3.8[0m
2026.09.15 13:55:55 INFO  no build target found for /home/amirali671/Documents/A.Rehman/Shadow/src/main/scala/processor/ALUControl.scala. Using presentation compiler with project's scala-library version: 3.3.8[0m
2026.09.15 13:55:55 INFO  no build target found for /home/amirali671/Documents/A.Rehman/Shadow/src/main/scala/processor/ALUControl.scala. Using presentation compiler with project's scala-library version: 3.3.8[0m
2026.09.15 13:55:56 INFO  no build target found for /home/amirali671/Documents/A.Rehman/Shadow/src/main/scala/processor/ALUControl.scala. Using presentation compiler with project's scala-library version: 3.3.8[0m
2026.09.15 13:55:56 WARN  no build target for: /home/amirali671/Documents/A.Rehman/Shadow/src/main/scala/processor/ALUControl.scala[0m
2026.09.15 13:55:57 INFO  no build target found for /home/amirali671/Documents/A.Rehman/Shadow/src/main/scala/processor/ALUControl.scala. Using presentation compiler with project's scala-library version: 3.3.8[0m
2026.09.15 13:55:57 INFO  no build target found for /home/amirali671/Documents/A.Rehman/Shadow/src/main/scala/processor/ALUControl.scala. Using presentation compiler with project's scala-library version: 3.3.8[0m
2026.09.15 13:55:57 INFO  no build target found for /home/amirali671/Documents/A.Rehman/Shadow/src/main/scala/processor/ALUControl.scala. Using presentation compiler with project's scala-library version: 3.3.8[0m
2026.09.15 13:55:57 INFO  no build target found for /home/amirali671/Documents/A.Rehman/Shadow/src/main/scala/processor/ALUControl.scala. Using presentation compiler with project's scala-library version: 3.3.8[0m
2026.09.15 13:55:58 INFO  no build target found for /home/amirali671/Documents/A.Rehman/Shadow/src/main/scala/processor/ALUControl.scala. Using presentation compiler with project's scala-library version: 3.3.8[0m
2026.09.15 13:55:58 INFO  no build target found for /home/amirali671/Documents/A.Rehman/Shadow/src/main/scala/processor/ALUControl.scala. Using presentation compiler with project's scala-library version: 3.3.8[0m
2026.09.15 13:55:58 INFO  no build target found for /home/amirali671/Documents/A.Rehman/Shadow/src/main/scala/processor/ALUControl.scala. Using presentation compiler with project's scala-library version: 3.3.8[0m
2026.09.15 13:55:58 INFO  no build target found for /home/amirali671/Documents/A.Rehman/Shadow/src/main/scala/processor/ALUControl.scala. Using presentation compiler with project's scala-library version: 3.3.8[0m
2026.09.15 13:55:59 INFO  no build target found for /home/amirali671/Documents/A.Rehman/Shadow/src/main/scala/processor/ALUControl.scala. Using presentation compiler with project's scala-library version: 3.3.8[0m
2026.09.15 13:55:58 INFO  no build target found for /home/amirali671/Documents/A.Rehman/Shadow/src/main/scala/processor/ALUControl.scala. Using presentation compiler with project's scala-library version: 3.3.8[0m
2026.09.15 13:55:58 INFO  no build target found for /home/amirali671/Documents/A.Rehman/Shadow/src/main/scala/processor/ALUControl.scala. Using presentation compiler with project's scala-library version: 3.3.8[0m
2026.09.15 13:55:59 INFO  no build target found for /home/amirali671/Documents/A.Rehman/Shadow/src/main/scala/processor/ALUControl.scala. Using presentation compiler with project's scala-library version: 3.3.8[0m
2026.09.15 13:55:59 INFO  no build target found for /home/amirali671/Documents/A.Rehman/Shadow/src/main/scala/processor/ALUControl.scala. Using presentation compiler with project's scala-library version: 3.3.8[0m
2026.09.15 13:56:00 WARN  no build target for: /home/amirali671/Documents/A.Rehman/Shadow/src/main/scala/processor/ALUControl.scala[0m
2026.09.15 13:55:59 INFO  no build target found for /home/amirali671/Documents/A.Rehman/Shadow/src/main/scala/processor/ALUControl.scala. Using presentation compiler with project's scala-library version: 3.3.8[0m
2026.09.15 13:55:59 INFO  no build target found for /home/amirali671/Documents/A.Rehman/Shadow/src/main/scala/processor/ALUControl.scala. Using presentation compiler with project's scala-library version: 3.3.8[0m
2026.09.15 13:56:00 INFO  no build target found for /home/amirali671/Documents/A.Rehman/Shadow/src/main/scala/processor/ALUControl.scala. Using presentation compiler with project's scala-library version: 3.3.8[0m
2026.09.15 13:56:01 WARN  no build target for: /home/amirali671/Documents/A.Rehman/Shadow/src/main/scala/processor/ALUControl.scala[0m
2026.09.15 13:56:11 INFO  no build target found for /home/amirali671/Documents/A.Rehman/Shadow/src/main/scala/processor/ALUControl.scala. Using presentation compiler with project's scala-library version: 3.3.8[0m
2026.09.15 13:56:11 INFO  no build target found for /home/amirali671/Documents/A.Rehman/Shadow/src/main/scala/processor/ALUControl.scala. Using presentation compiler with project's scala-library version: 3.3.8[0m
2026.09.15 13:56:11 INFO  no build target found for /home/amirali671/Documents/A.Rehman/Shadow/src/main/scala/processor/ALUControl.scala. Using presentation compiler with project's scala-library version: 3.3.8[0m
2026.09.15 13:56:11 INFO  no build target found for /home/amirali671/Documents/A.Rehman/Shadow/src/main/scala/processor/ALUControl.scala. Using presentation compiler with project's scala-library version: 3.3.8[0m
2026.09.15 13:56:12 WARN  no build target for: /home/amirali671/Documents/A.Rehman/Shadow/src/main/scala/processor/ALUControl.scala[0m
2026.09.15 13:56:12 INFO  no build target found for /home/amirali671/Documents/A.Rehman/Shadow/src/main/scala/processor/ALUControl.scala. Using presentation compiler with project's scala-library version: 3.3.8[0m
2026.09.15 13:56:12 INFO  no build target found for /home/amirali671/Documents/A.Rehman/Shadow/src/main/scala/processor/ALUControl.scala. Using presentation compiler with project's scala-library version: 3.3.8[0m
2026.09.15 13:56:12 INFO  no build target found for /home/amirali671/Documents/A.Rehman/Shadow/src/main/scala/processor/ALUControl.scala. Using presentation compiler with project's scala-library version: 3.3.8[0m
2026.09.15 13:56:12 INFO  no build target found for /home/amirali671/Documents/A.Rehman/Shadow/src/main/scala/processor/ALUControl.scala. Using presentation compiler with project's scala-library version: 3.3.8[0m
2026.09.15 13:56:12 INFO  no build target found for /home/amirali671/Documents/A.Rehman/Shadow/src/main/scala/processor/ALUControl.scala. Using presentation compiler with project's scala-library version: 3.3.8[0m
2026.09.15 13:56:12 INFO  no build target found for /home/amirali671/Documents/A.Rehman/Shadow/src/main/scala/processor/ALUControl.scala. Using presentation compiler with project's scala-library version: 3.3.8[0m
2026.09.15 13:56:12 INFO  no build target found for /home/amirali671/Documents/A.Rehman/Shadow/src/main/scala/processor/ALUControl.scala. Using presentation compiler with project's scala-library version: 3.3.8[0m
2026.09.15 13:56:13 INFO  no build target found for /home/amirali671/Documents/A.Rehman/Shadow/src/main/scala/processor/ALUControl.scala. Using presentation compiler with project's scala-library version: 3.3.8[0m
2026.09.15 13:56:13 INFO  no build target found for /home/amirali671/Documents/A.Rehman/Shadow/src/main/scala/processor/ALUControl.scala. Using presentation compiler with project's scala-library version: 3.3.8[0m
2026.09.15 13:56:13 INFO  no build target found for /home/amirali671/Documents/A.Rehman/Shadow/src/main/scala/processor/ALUControl.scala. Using presentation compiler with project's scala-library version: 3.3.8[0m
2026.09.15 13:56:13 WARN  no build target for: /home/amirali671/Documents/A.Rehman/Shadow/src/main/scala/processor/ALUControl.scala[0m
2026.09.15 13:56:14 INFO  no build target found for /home/amirali671/Documents/A.Rehman/Shadow/src/main/scala/processor/ALUControl.scala. Using presentation compiler with project's scala-library version: 3.3.8[0m
2026.09.15 13:56:14 INFO  no build target found for /home/amirali671/Documents/A.Rehman/Shadow/src/main/scala/processor/ALUControl.scala. Using presentation compiler with project's scala-library version: 3.3.8[0m
2026.09.15 13:56:14 INFO  no build target found for /home/amirali671/Documents/A.Rehman/Shadow/src/main/scala/processor/ALUControl.scala. Using presentation compiler with project's scala-library version: 3.3.8[0m
2026.09.15 13:56:14 INFO  no build target found for /home/amirali671/Documents/A.Rehman/Shadow/src/main/scala/processor/ALUControl.scala. Using presentation compiler with project's scala-library version: 3.3.8[0m
2026.09.15 13:56:14 INFO  no build target found for /home/amirali671/Documents/A.Rehman/Shadow/src/main/scala/processor/ALUControl.scala. Using presentation compiler with project's scala-library version: 3.3.8[0m
2026.09.15 13:56:14 INFO  no build target found for /home/amirali671/Documents/A.Rehman/Shadow/src/main/scala/processor/ALUControl.scala. Using presentation compiler with project's scala-library version: 3.3.8[0m
2026.09.15 13:56:15 INFO  no build target found for /home/amirali671/Documents/A.Rehman/Shadow/src/main/scala/processor/ALUControl.scala. Using presentation compiler with project's scala-library version: 3.3.8[0m
2026.09.15 13:56:14 INFO  no build target found for /home/amirali671/Documents/A.Rehman/Shadow/src/main/scala/processor/ALUControl.scala. Using presentation compiler with project's scala-library version: 3.3.8[0m
2026.09.15 13:56:15 INFO  no build target found for /home/amirali671/Documents/A.Rehman/Shadow/src/main/scala/processor/ALUControl.scala. Using presentation compiler with project's scala-library version: 3.3.8[0m
2026.09.15 13:56:15 INFO  no build target found for /home/amirali671/Documents/A.Rehman/Shadow/src/main/scala/processor/ALUControl.scala. Using presentation compiler with project's scala-library version: 3.3.8[0m
2026.09.15 13:56:15 INFO  no build target found for /home/amirali671/Documents/A.Rehman/Shadow/src/main/scala/processor/ALUControl.scala. Using presentation compiler with project's scala-library version: 3.3.8[0m
2026.09.15 13:56:15 INFO  no build target found for /home/amirali671/Documents/A.Rehman/Shadow/src/main/scala/processor/ALUControl.scala. Using presentation compiler with project's scala-library version: 3.3.8[0m
2026.09.15 13:56:15 INFO  no build target found for /home/amirali671/Documents/A.Rehman/Shadow/src/main/scala/processor/ALUControl.scala. Using presentation compiler with project's scala-library version: 3.3.8[0m
2026.09.15 13:56:15 INFO  no build target found for /home/amirali671/Documents/A.Rehman/Shadow/src/main/scala/processor/ALUControl.scala. Using presentation compiler with project's scala-library version: 3.3.8[0m
2026.09.15 13:56:16 INFO  no build target found for /home/amirali671/Documents/A.Rehman/Shadow/src/main/scala/processor/ALUControl.scala. Using presentation compiler with project's scala-library version: 3.3.8[0m
2026.09.15 13:56:16 INFO  no build target found for /home/amirali671/Documents/A.Rehman/Shadow/src/main/scala/processor/ALUControl.scala. Using presentation compiler with project's scala-library version: 3.3.8[0m
2026.09.15 13:56:17 WARN  no build target for: /home/amirali671/Documents/A.Rehman/Shadow/src/main/scala/processor/ALUControl.scala[0m
2026.09.15 13:56:16 INFO  no build target found for /home/amirali671/Documents/A.Rehman/Shadow/src/main/scala/processor/ALUControl.scala. Using presentation compiler with project's scala-library version: 3.3.8[0m
2026.09.15 13:56:16 INFO  no build target found for /home/amirali671/Documents/A.Rehman/Shadow/src/main/scala/processor/ALUControl.scala. Using presentation compiler with project's scala-library version: 3.3.8[0m
2026.09.15 13:56:18 INFO  no build target found for /home/amirali671/Documents/A.Rehman/Shadow/src/main/scala/processor/ALUControl.scala. Using presentation compiler with project's scala-library version: 3.3.8[0m
2026.09.15 13:56:18 INFO  no build target found for /home/amirali671/Documents/A.Rehman/Shadow/src/main/scala/processor/ALUControl.scala. Using presentation compiler with project's scala-library version: 3.3.8[0m
2026.09.15 13:56:18 INFO  no build target found for /home/amirali671/Documents/A.Rehman/Shadow/src/main/scala/processor/ALUControl.scala. Using presentation compiler with project's scala-library version: 3.3.8[0m
2026.09.15 13:56:18 INFO  no build target found for /home/amirali671/Documents/A.Rehman/Shadow/src/main/scala/processor/ALUControl.scala. Using presentation compiler with project's scala-library version: 3.3.8[0m
2026.09.15 13:56:18 INFO  no build target found for /home/amirali671/Documents/A.Rehman/Shadow/src/main/scala/processor/ALUControl.scala. Using presentation compiler with project's scala-library version: 3.3.8[0m
2026.09.15 13:56:18 INFO  no build target found for /home/amirali671/Documents/A.Rehman/Shadow/src/main/scala/processor/ALUControl.scala. Using presentation compiler with project's scala-library version: 3.3.8[0m
2026.09.15 13:56:18 INFO  no build target found for /home/amirali671/Documents/A.Rehman/Shadow/src/main/scala/processor/ALUControl.scala. Using presentation compiler with project's scala-library version: 3.3.8[0m
2026.09.15 13:56:18 INFO  no build target found for /home/amirali671/Documents/A.Rehman/Shadow/src/main/scala/processor/ALUControl.scala. Using presentation compiler with project's scala-library version: 3.3.8[0m
2026.09.15 13:56:18 INFO  no build target found for /home/amirali671/Documents/A.Rehman/Shadow/src/main/scala/processor/ALUControl.scala. Using presentation compiler with project's scala-library version: 3.3.8[0m
2026.09.15 13:56:19 INFO  no build target found for /home/amirali671/Documents/A.Rehman/Shadow/src/main/scala/processor/ALUControl.scala. Using presentation compiler with project's scala-library version: 3.3.8[0m
2026.09.15 13:56:19 INFO  no build target found for /home/amirali671/Documents/A.Rehman/Shadow/src/main/scala/processor/ALUControl.scala. Using presentation compiler with project's scala-library version: 3.3.8[0m
2026.09.15 13:56:19 INFO  no build target found for /home/amirali671/Documents/A.Rehman/Shadow/src/main/scala/processor/ALUControl.scala. Using presentation compiler with project's scala-library version: 3.3.8[0m
2026.09.15 13:56:19 INFO  no build target found for /home/amirali671/Documents/A.Rehman/Shadow/src/main/scala/processor/ALUControl.scala. Using presentation compiler with project's scala-library version: 3.3.8[0m
2026.09.15 13:56:19 INFO  no build target found for /home/amirali671/Documents/A.Rehman/Shadow/src/main/scala/processor/ALUControl.scala. Using presentation compiler with project's scala-library version: 3.3.8[0m
2026.09.15 13:56:19 INFO  no build target found for /home/amirali671/Documents/A.Rehman/Shadow/src/main/scala/processor/ALUControl.scala. Using presentation compiler with project's scala-library version: 3.3.8[0m
2026.09.15 13:56:20 WARN  no build target for: /home/amirali671/Documents/A.Rehman/Shadow/src/main/scala/processor/ALUControl.scala[0m
2026.09.15 13:56:20 INFO  no build target found for /home/amirali671/Documents/A.Rehman/Shadow/src/main/scala/processor/ALUControl.scala. Using presentation compiler with project's scala-library version: 3.3.8[0m
2026.09.15 13:56:20 INFO  no build target found for /home/amirali671/Documents/A.Rehman/Shadow/src/main/scala/processor/ALUControl.scala. Using presentation compiler with project's scala-library version: 3.3.8[0m
2026.09.15 13:56:20 INFO  no build target found for /home/amirali671/Documents/A.Rehman/Shadow/src/main/scala/processor/ALUControl.scala. Using presentation compiler with project's scala-library version: 3.3.8[0m
2026.09.15 13:56:20 INFO  no build target found for /home/amirali671/Documents/A.Rehman/Shadow/src/main/scala/processor/ALUControl.scala. Using presentation compiler with project's scala-library version: 3.3.8[0m
2026.09.15 13:56:20 INFO  no build target found for /home/amirali671/Documents/A.Rehman/Shadow/src/main/scala/processor/ALUControl.scala. Using presentation compiler with project's scala-library version: 3.3.8[0m
2026.09.15 13:56:20 INFO  no build target found for /home/amirali671/Documents/A.Rehman/Shadow/src/main/scala/processor/ALUControl.scala. Using presentation compiler with project's scala-library version: 3.3.8[0m
2026.09.15 13:56:21 INFO  no build target found for /home/amirali671/Documents/A.Rehman/Shadow/src/main/scala/processor/ALUControl.scala. Using presentation compiler with project's scala-library version: 3.3.8[0m
2026.09.15 13:56:22 INFO  no build target found for /home/amirali671/Documents/A.Rehman/Shadow/src/main/scala/processor/ALUControl.scala. Using presentation compiler with project's scala-library version: 3.3.8[0m
2026.09.15 13:56:22 WARN  no build target for: /home/amirali671/Documents/A.Rehman/Shadow/src/main/scala/processor/ALUControl.scala[0m
2026.09.15 13:56:22 INFO  no build target found for /home/amirali671/Documents/A.Rehman/Shadow/src/main/scala/processor/ALUControl.scala. Using presentation compiler with project's scala-library version: 3.3.8[0m
2026.09.15 13:56:23 INFO  no build target found for /home/amirali671/Documents/A.Rehman/Shadow/src/main/scala/processor/ALUControl.scala. Using presentation compiler with project's scala-library version: 3.3.8[0m
2026.09.15 13:56:23 INFO  no build target found for /home/amirali671/Documents/A.Rehman/Shadow/src/main/scala/processor/ALUControl.scala. Using presentation compiler with project's scala-library version: 3.3.8[0m
2026.09.15 13:56:23 WARN  no build target for: /home/amirali671/Documents/A.Rehman/Shadow/src/main/scala/processor/ALUControl.scala[0m
2026.09.15 13:56:24 INFO  no build target found for /home/amirali671/Documents/A.Rehman/Shadow/src/main/scala/processor/ALUControl.scala. Using presentation compiler with project's scala-library version: 3.3.8[0m
2026.09.15 13:56:24 INFO  no build target found for /home/amirali671/Documents/A.Rehman/Shadow/src/main/scala/processor/ALUControl.scala. Using presentation compiler with project's scala-library version: 3.3.8[0m
2026.09.15 13:56:24 INFO  no build target found for /home/amirali671/Documents/A.Rehman/Shadow/src/main/scala/processor/ALUControl.scala. Using presentation compiler with project's scala-library version: 3.3.8[0m
2026.09.15 13:56:24 INFO  no build target found for /home/amirali671/Documents/A.Rehman/Shadow/src/main/scala/processor/ALUControl.scala. Using presentation compiler with project's scala-library version: 3.3.8[0m
2026.09.15 13:56:24 INFO  no build target found for /home/amirali671/Documents/A.Rehman/Shadow/src/main/scala/processor/ALUControl.scala. Using presentation compiler with project's scala-library version: 3.3.8[0m
2026.09.15 13:56:25 INFO  no build target found for /home/amirali671/Documents/A.Rehman/Shadow/src/main/scala/processor/ALUControl.scala. Using presentation compiler with project's scala-library version: 3.3.8[0m
2026.09.15 13:56:25 INFO  no build target found for /home/amirali671/Documents/A.Rehman/Shadow/src/main/scala/processor/ALUControl.scala. Using presentation compiler with project's scala-library version: 3.3.8[0m
2026.09.15 13:56:26 INFO  no build target found for /home/amirali671/Documents/A.Rehman/Shadow/src/main/scala/processor/ALUControl.scala. Using presentation compiler with project's scala-library version: 3.3.8[0m
2026.09.15 13:56:25 INFO  no build target found for /home/amirali671/Documents/A.Rehman/Shadow/src/main/scala/processor/ALUControl.scala. Using presentation compiler with project's scala-library version: 3.3.8[0m
2026.09.15 13:56:26 INFO  no build target found for /home/amirali671/Documents/A.Rehman/Shadow/src/main/scala/processor/ALUControl.scala. Using presentation compiler with project's scala-library version: 3.3.8[0m
2026.09.15 13:56:27 WARN  no build target for: /home/amirali671/Documents/A.Rehman/Shadow/src/main/scala/processor/ALUControl.scala[0m
2026.09.15 13:56:29 INFO  no build target found for /home/amirali671/Documents/A.Rehman/Shadow/src/main/scala/processor/ALUControl.scala. Using presentation compiler with project's scala-library version: 3.3.8[0m
2026.09.15 13:56:29 INFO  no build target found for /home/amirali671/Documents/A.Rehman/Shadow/src/main/scala/processor/ALUControl.scala. Using presentation compiler with project's scala-library version: 3.3.8[0m
2026.09.15 13:56:29 INFO  no build target found for /home/amirali671/Documents/A.Rehman/Shadow/src/main/scala/processor/ALUControl.scala. Using presentation compiler with project's scala-library version: 3.3.8[0m
2026.09.15 13:56:29 INFO  no build target found for /home/amirali671/Documents/A.Rehman/Shadow/src/main/scala/processor/ALUControl.scala. Using presentation compiler with project's scala-library version: 3.3.8[0m
2026.09.15 13:56:30 WARN  no build target for: /home/amirali671/Documents/A.Rehman/Shadow/src/main/scala/processor/ALUControl.scala[0m
2026.09.15 13:56:41 INFO  no build target found for /home/amirali671/Documents/A.Rehman/Shadow/src/main/scala/processor/ALUControl.scala. Using presentation compiler with project's scala-library version: 3.3.8[0m
2026.09.15 13:56:41 INFO  no build target found for /home/amirali671/Documents/A.Rehman/Shadow/src/main/scala/processor/ALUControl.scala. Using presentation compiler with project's scala-library version: 3.3.8[0m
2026.09.15 13:56:41 INFO  no build target found for /home/amirali671/Documents/A.Rehman/Shadow/src/main/scala/processor/ALUControl.scala. Using presentation compiler with project's scala-library version: 3.3.8[0m
2026.09.15 13:56:41 INFO  no build target found for /home/amirali671/Documents/A.Rehman/Shadow/src/main/scala/processor/ALUControl.scala. Using presentation compiler with project's scala-library version: 3.3.8[0m
2026.09.15 13:56:42 WARN  no build target for: /home/amirali671/Documents/A.Rehman/Shadow/src/main/scala/processor/ALUControl.scala[0m
2026.09.15 13:56:55 INFO  no build target found for /home/amirali671/Documents/A.Rehman/Shadow/src/main/scala/processor/InstrDecoder.scala. Using presentation compiler with project's scala-library version: 3.3.8[0m
2026.09.15 13:56:55 WARN  no build target for: /home/amirali671/Documents/A.Rehman/Shadow/src/main/scala/processor/InstrDecoder.scala[0m
2026.09.15 13:56:59 INFO  no build target found for /home/amirali671/Documents/A.Rehman/Shadow/src/main/scala/processor/InstrDecoder.scala. Using presentation compiler with project's scala-library version: 3.3.8[0m
2026.09.15 13:56:59 INFO  no build target found for /home/amirali671/Documents/A.Rehman/Shadow/src/main/scala/processor/InstrDecoder.scala. Using presentation compiler with project's scala-library version: 3.3.8[0m
2026.09.15 13:57:01 INFO  no build target found for /home/amirali671/Documents/A.Rehman/Shadow/src/main/scala/processor/InstrDecoder.scala. Using presentation compiler with project's scala-library version: 3.3.8[0m
2026.09.15 13:57:01 INFO  no build target found for /home/amirali671/Documents/A.Rehman/Shadow/src/main/scala/processor/InstrDecoder.scala. Using presentation compiler with project's scala-library version: 3.3.8[0m
2026.09.15 13:57:14 INFO  no build target found for /home/amirali671/Documents/A.Rehman/Shadow/src/main/scala/processor/InstrDecoder.scala. Using presentation compiler with project's scala-library version: 3.3.8[0m
2026.09.15 13:57:14 INFO  no build target found for /home/amirali671/Documents/A.Rehman/Shadow/src/main/scala/processor/IOInterface.scala. Using presentation compiler with project's scala-library version: 3.3.8[0m
2026.09.15 13:57:14 WARN  no build target for: /home/amirali671/Documents/A.Rehman/Shadow/src/main/scala/processor/IOInterface.scala[0m
2026.09.15 13:57:14 INFO  no build target found for /home/amirali671/Documents/A.Rehman/Shadow/src/main/scala/processor/IOInterface.scala. Using presentation compiler with project's scala-library version: 3.3.8[0m
2026.09.15 13:57:14 INFO  no build target found for /home/amirali671/Documents/A.Rehman/Shadow/src/main/scala/processor/IOInterface.scala. Using presentation compiler with project's scala-library version: 3.3.8[0m
2026.09.15 13:57:15 INFO  no build target found for /home/amirali671/Documents/A.Rehman/Shadow/src/main/scala/processor/IOInterface.scala. Using presentation compiler with project's scala-library version: 3.3.8[0m
2026.09.15 13:57:17 INFO  no build target found for /home/amirali671/Documents/A.Rehman/Shadow/src/main/scala/processor/IOInterface.scala. Using presentation compiler with project's scala-library version: 3.3.8[0m
2026.09.15 13:57:17 INFO  no build target found for /home/amirali671/Documents/A.Rehman/Shadow/src/main/scala/processor/IOInterface.scala. Using presentation compiler with project's scala-library version: 3.3.8[0m
2026.09.15 13:57:21 INFO  no build target found for /home/amirali671/Documents/A.Rehman/Shadow/src/main/scala/processor/IOInterface.scala. Using presentation compiler with project's scala-library version: 3.3.8[0m
2026.09.15 13:57:23 INFO  no build target found for /home/amirali671/Documents/A.Rehman/Shadow/src/main/scala/processor/IOInterface.scala. Using presentation compiler with project's scala-library version: 3.3.8[0m
2026.09.15 13:57:25 INFO  no build target found for /home/amirali671/Documents/A.Rehman/Shadow/src/main/scala/processor/PriEncoder.scala. Using presentation compiler with project's scala-library version: 3.3.8[0m
2026.09.15 13:57:25 WARN  no build target for: /home/amirali671/Documents/A.Rehman/Shadow/src/main/scala/processor/PriEncoder.scala[0m
2026.09.15 13:57:25 INFO  no build target found for /home/amirali671/Documents/A.Rehman/Shadow/src/main/scala/processor/PriEncoder.scala. Using presentation compiler with project's scala-library version: 3.3.8[0m
2026.09.15 13:57:25 INFO  no build target found for /home/amirali671/Documents/A.Rehman/Shadow/src/main/scala/processor/PriEncoder.scala. Using presentation compiler with project's scala-library version: 3.3.8[0m
2026.09.15 13:57:25 INFO  no build target found for /home/amirali671/Documents/A.Rehman/Shadow/src/main/scala/processor/PriEncoder.scala. Using presentation compiler with project's scala-library version: 3.3.8[0m
2026.09.15 13:57:27 INFO  no build target found for /home/amirali671/Documents/A.Rehman/Shadow/src/main/scala/processor/ALUControl.scala. Using presentation compiler with project's scala-library version: 3.3.8[0m
2026.09.15 13:57:27 WARN  no build target for: /home/amirali671/Documents/A.Rehman/Shadow/src/main/scala/processor/ALUControl.scala[0m
2026.09.15 13:57:27 INFO  no build target found for /home/amirali671/Documents/A.Rehman/Shadow/src/main/scala/processor/ALUControl.scala. Using presentation compiler with project's scala-library version: 3.3.8[0m
2026.09.15 13:57:27 INFO  no build target found for /home/amirali671/Documents/A.Rehman/Shadow/src/main/scala/processor/ALUControl.scala. Using presentation compiler with project's scala-library version: 3.3.8[0m
2026.09.15 13:57:27 INFO  no build target found for /home/amirali671/Documents/A.Rehman/Shadow/src/main/scala/processor/ALUControl.scala. Using presentation compiler with project's scala-library version: 3.3.8[0m
2026.09.15 13:57:29 INFO  no build target found for /home/amirali671/Documents/A.Rehman/Shadow/src/main/scala/processor/ALUControl.scala. Using presentation compiler with project's scala-library version: 3.3.8[0m
2026.09.15 13:57:35 INFO  no build target found for /home/amirali671/Documents/A.Rehman/Shadow/src/main/scala/processor/ALUControl.scala. Using presentation compiler with project's scala-library version: 3.3.8[0m
2026.09.15 13:57:37 INFO  no build target found for /home/amirali671/Documents/A.Rehman/Shadow/src/main/scala/processor/ALUControl.scala. Using presentation compiler with project's scala-library version: 3.3.8[0m
2026.09.15 13:57:37 INFO  no build target found for /home/amirali671/Documents/A.Rehman/Shadow/src/main/scala/processor/ALUControl.scala. Using presentation compiler with project's scala-library version: 3.3.8[0m
2026.09.15 13:57:38 INFO  no build target found for /home/amirali671/Documents/A.Rehman/Shadow/src/main/scala/processor/ALUControl.scala. Using presentation compiler with project's scala-library version: 3.3.8[0m
2026.09.15 13:57:40 INFO  no build target found for /home/amirali671/Documents/A.Rehman/Shadow/src/main/scala/processor/ALUControl.scala. Using presentation compiler with project's scala-library version: 3.3.8[0m
2026.09.15 13:57:40 INFO  no build target found for /home/amirali671/Documents/A.Rehman/Shadow/src/main/scala/processor/ALUControl.scala. Using presentation compiler with project's scala-library version: 3.3.8[0m
2026.09.15 13:57:41 INFO  no build target found for /home/amirali671/Documents/A.Rehman/Shadow/src/main/scala/processor/ALUControl.scala. Using presentation compiler with project's scala-library version: 3.3.8[0m
2026.09.15 13:57:41 INFO  no build target found for /home/amirali671/Documents/A.Rehman/Shadow/src/main/scala/processor/ALUControl.scala. Using presentation compiler with project's scala-library version: 3.3.8[0m
2026.09.15 13:57:42 WARN  no build target for: /home/amirali671/Documents/A.Rehman/Shadow/src/main/scala/processor/ALUControl.scala[0m
2026.09.15 13:57:42 INFO  no build target found for /home/amirali671/Documents/A.Rehman/Shadow/src/main/scala/processor/ALUControl.scala. Using presentation compiler with project's scala-library version: 3.3.8[0m
2026.09.15 13:57:42 INFO  no build target found for /home/amirali671/Documents/A.Rehman/Shadow/src/main/scala/processor/ALUControl.scala. Using presentation compiler with project's scala-library version: 3.3.8[0m
2026.09.15 13:57:42 INFO  no build target found for /home/amirali671/Documents/A.Rehman/Shadow/src/main/scala/processor/ALUControl.scala. Using presentation compiler with project's scala-library version: 3.3.8[0m
2026.09.15 13:57:42 INFO  no build target found for /home/amirali671/Documents/A.Rehman/Shadow/src/main/scala/processor/ALUControl.scala. Using presentation compiler with project's scala-library version: 3.3.8[0m
2026.09.15 13:57:43 WARN  no build target for: /home/amirali671/Documents/A.Rehman/Shadow/src/main/scala/processor/ALUControl.scala[0m
2026.09.15 13:57:43 INFO  no build target found for /home/amirali671/Documents/A.Rehman/Shadow/src/main/scala/processor/ALUControl.scala. Using presentation compiler with project's scala-library version: 3.3.8[0m
2026.09.15 13:57:43 INFO  no build target found for /home/amirali671/Documents/A.Rehman/Shadow/src/main/scala/processor/ALUControl.scala. Using presentation compiler with project's scala-library version: 3.3.8[0m
2026.09.15 13:57:43 INFO  no build target found for /home/amirali671/Documents/A.Rehman/Shadow/src/main/scala/processor/ALUControl.scala. Using presentation compiler with project's scala-library version: 3.3.8[0m
2026.09.15 13:57:44 INFO  no build target found for /home/amirali671/Documents/A.Rehman/Shadow/src/main/scala/processor/ALUControl.scala. Using presentation compiler with project's scala-library version: 3.3.8[0m
2026.09.15 13:57:45 WARN  no build target for: /home/amirali671/Documents/A.Rehman/Shadow/src/main/scala/processor/ALUControl.scala[0m
2026.09.15 13:57:46 INFO  no build target found for /home/amirali671/Documents/A.Rehman/Shadow/src/main/scala/processor/ALUControl.scala. Using presentation compiler with project's scala-library version: 3.3.8[0m
2026.09.15 13:57:46 INFO  no build target found for /home/amirali671/Documents/A.Rehman/Shadow/src/main/scala/processor/ALUControl.scala. Using presentation compiler with project's scala-library version: 3.3.8[0m
2026.09.15 13:57:46 INFO  no build target found for /home/amirali671/Documents/A.Rehman/Shadow/src/main/scala/processor/ALUControl.scala. Using presentation compiler with project's scala-library version: 3.3.8[0m
2026.09.15 13:57:46 INFO  no build target found for /home/amirali671/Documents/A.Rehman/Shadow/src/main/scala/processor/ALUControl.scala. Using presentation compiler with project's scala-library version: 3.3.8[0m
2026.09.15 13:57:47 WARN  no build target for: /home/amirali671/Documents/A.Rehman/Shadow/src/main/scala/processor/ALUControl.scala[0m
2026.09.15 13:57:48 INFO  no build target found for /home/amirali671/Documents/A.Rehman/Shadow/src/main/scala/processor/ALUControl.scala. Using presentation compiler with project's scala-library version: 3.3.8[0m
2026.09.15 13:57:55 INFO  no build target found for /home/amirali671/Documents/A.Rehman/Shadow/src/main/scala/processor/ALUControl.scala. Using presentation compiler with project's scala-library version: 3.3.8[0m
2026.09.15 13:57:55 INFO  no build target found for /home/amirali671/Documents/A.Rehman/Shadow/src/main/scala/processor/ALUControl.scala. Using presentation compiler with project's scala-library version: 3.3.8[0m
2026.09.15 13:57:55 INFO  no build target found for /home/amirali671/Documents/A.Rehman/Shadow/src/main/scala/processor/ALUControl.scala. Using presentation compiler with project's scala-library version: 3.3.8[0m
2026.09.15 13:57:55 INFO  no build target found for /home/amirali671/Documents/A.Rehman/Shadow/src/main/scala/processor/ALUControl.scala. Using presentation compiler with project's scala-library version: 3.3.8[0m
2026.09.15 13:57:55 INFO  no build target found for /home/amirali671/Documents/A.Rehman/Shadow/src/main/scala/processor/ALUControl.scala. Using presentation compiler with project's scala-library version: 3.3.8[0m
2026.09.15 13:57:55 INFO  no build target found for /home/amirali671/Documents/A.Rehman/Shadow/src/main/scala/processor/ALUControl.scala. Using presentation compiler with project's scala-library version: 3.3.8[0m
2026.09.15 13:57:55 INFO  no build target found for /home/amirali671/Documents/A.Rehman/Shadow/src/main/scala/processor/ALUControl.scala. Using presentation compiler with project's scala-library version: 3.3.8[0m
2026.09.15 13:57:55 INFO  no build target found for /home/amirali671/Documents/A.Rehman/Shadow/src/main/scala/processor/ALUControl.scala. Using presentation compiler with project's scala-library version: 3.3.8[0m
2026.09.15 13:57:55 INFO  no build target found for /home/amirali671/Documents/A.Rehman/Shadow/src/main/scala/processor/ALUControl.scala. Using presentation compiler with project's scala-library version: 3.3.8[0m
2026.09.15 13:57:55 INFO  no build target found for /home/amirali671/Documents/A.Rehman/Shadow/src/main/scala/processor/ALUControl.scala. Using presentation compiler with project's scala-library version: 3.3.8[0m
2026.09.15 13:57:55 INFO  no build target found for /home/amirali671/Documents/A.Rehman/Shadow/src/main/scala/processor/ALUControl.scala. Using presentation compiler with project's scala-library version: 3.3.8[0m
2026.09.15 13:57:55 INFO  no build target found for /home/amirali671/Documents/A.Rehman/Shadow/src/main/scala/processor/ALUControl.scala. Using presentation compiler with project's scala-library version: 3.3.8[0m
2026.09.15 13:57:56 INFO  no build target found for /home/amirali671/Documents/A.Rehman/Shadow/src/main/scala/processor/ALUControl.scala. Using presentation compiler with project's scala-library version: 3.3.8[0m
2026.09.15 13:57:56 INFO  no build target found for /home/amirali671/Documents/A.Rehman/Shadow/src/main/scala/processor/ALUControl.scala. Using presentation compiler with project's scala-library version: 3.3.8[0m
2026.09.15 13:57:56 INFO  no build target found for /home/amirali671/Documents/A.Rehman/Shadow/src/main/scala/processor/ALUControl.scala. Using presentation compiler with project's scala-library version: 3.3.8[0m
2026.09.15 13:57:56 INFO  no build target found for /home/amirali671/Documents/A.Rehman/Shadow/src/main/scala/processor/ALUControl.scala. Using presentation compiler with project's scala-library version: 3.3.8[0m
2026.09.15 13:57:56 INFO  no build target found for /home/amirali671/Documents/A.Rehman/Shadow/src/main/scala/processor/ALUControl.scala. Using presentation compiler with project's scala-library version: 3.3.8[0m
2026.09.15 13:57:57 WARN  no build target for: /home/amirali671/Documents/A.Rehman/Shadow/src/main/scala/processor/ALUControl.scala[0m
2026.09.15 13:57:58 INFO  no build target found for /home/amirali671/Documents/A.Rehman/Shadow/src/main/scala/processor/ALUControl.scala. Using presentation compiler with project's scala-library version: 3.3.8[0m
2026.09.15 13:57:58 INFO  no build target found for /home/amirali671/Documents/A.Rehman/Shadow/src/main/scala/processor/ALUControl.scala. Using presentation compiler with project's scala-library version: 3.3.8[0m
2026.09.15 13:57:58 INFO  no build target found for /home/amirali671/Documents/A.Rehman/Shadow/src/main/scala/processor/ALUControl.scala. Using presentation compiler with project's scala-library version: 3.3.8[0m
2026.09.15 13:57:58 INFO  no build target found for /home/amirali671/Documents/A.Rehman/Shadow/src/main/scala/processor/ALUControl.scala. Using presentation compiler with project's scala-library version: 3.3.8[0m
2026.09.15 13:57:58 INFO  no build target found for /home/amirali671/Documents/A.Rehman/Shadow/src/main/scala/processor/ALUControl.scala. Using presentation compiler with project's scala-library version: 3.3.8[0m
2026.09.15 13:57:58 INFO  no build target found for /home/amirali671/Documents/A.Rehman/Shadow/src/main/scala/processor/ALUControl.scala. Using presentation compiler with project's scala-library version: 3.3.8[0m
2026.09.15 13:57:58 INFO  no build target found for /home/amirali671/Documents/A.Rehman/Shadow/src/main/scala/processor/ALUControl.scala. Using presentation compiler with project's scala-library version: 3.3.8[0m
2026.09.15 13:57:59 INFO  no build target found for /home/amirali671/Documents/A.Rehman/Shadow/src/main/scala/processor/ALUControl.scala. Using presentation compiler with project's scala-library version: 3.3.8[0m
2026.09.15 13:57:59 INFO  no build target found for /home/amirali671/Documents/A.Rehman/Shadow/src/main/scala/processor/ALUControl.scala. Using presentation compiler with project's scala-library version: 3.3.8[0m
2026.09.15 13:57:59 INFO  no build target found for /home/amirali671/Documents/A.Rehman/Shadow/src/main/scala/processor/ALUControl.scala. Using presentation compiler with project's scala-library version: 3.3.8[0m
2026.09.15 13:57:59 INFO  no build target found for /home/amirali671/Documents/A.Rehman/Shadow/src/main/scala/processor/ALUControl.scala. Using presentation compiler with project's scala-library version: 3.3.8[0m
2026.09.15 13:57:59 INFO  no build target found for /home/amirali671/Documents/A.Rehman/Shadow/src/main/scala/processor/ALUControl.scala. Using presentation compiler with project's scala-library version: 3.3.8[0m
2026.09.15 13:58:00 INFO  no build target found for /home/amirali671/Documents/A.Rehman/Shadow/src/main/scala/processor/ALUControl.scala. Using presentation compiler with project's scala-library version: 3.3.8[0m
2026.09.15 13:58:00 INFO  no build target found for /home/amirali671/Documents/A.Rehman/Shadow/src/main/scala/processor/ALUControl.scala. Using presentation compiler with project's scala-library version: 3.3.8[0m
2026.09.15 13:58:00 INFO  no build target found for /home/amirali671/Documents/A.Rehman/Shadow/src/main/scala/processor/ALUControl.scala. Using presentation compiler with project's scala-library version: 3.3.8[0m
2026.09.15 13:58:00 INFO  no build target found for /home/amirali671/Documents/A.Rehman/Shadow/src/main/scala/processor/ALUControl.scala. Using presentation compiler with project's scala-library version: 3.3.8[0m
2026.09.15 13:58:00 INFO  no build target found for /home/amirali671/Documents/A.Rehman/Shadow/src/main/scala/processor/ALUControl.scala. Using presentation compiler with project's scala-library version: 3.3.8[0m
2026.09.15 13:58:00 INFO  no build target found for /home/amirali671/Documents/A.Rehman/Shadow/src/main/scala/processor/ALUControl.scala. Using presentation compiler with project's scala-library version: 3.3.8[0m
2026.09.15 13:58:00 INFO  no build target found for /home/amirali671/Documents/A.Rehman/Shadow/src/main/scala/processor/ALUControl.scala. Using presentation compiler with project's scala-library version: 3.3.8[0m
2026.09.15 13:58:01 INFO  no build target found for /home/amirali671/Documents/A.Rehman/Shadow/src/main/scala/processor/ALUControl.scala. Using presentation compiler with project's scala-library version: 3.3.8[0m
2026.09.15 13:58:01 INFO  no build target found for /home/amirali671/Documents/A.Rehman/Shadow/src/main/scala/processor/ALUControl.scala. Using presentation compiler with project's scala-library version: 3.3.8[0m
2026.09.15 13:58:01 INFO  no build target found for /home/amirali671/Documents/A.Rehman/Shadow/src/main/scala/processor/ALUControl.scala. Using presentation compiler with project's scala-library version: 3.3.8[0m
2026.09.15 13:58:02 INFO  no build target found for /home/amirali671/Documents/A.Rehman/Shadow/src/main/scala/processor/ALUControl.scala. Using presentation compiler with project's scala-library version: 3.3.8[0m
2026.09.15 13:58:02 INFO  no build target found for /home/amirali671/Documents/A.Rehman/Shadow/src/main/scala/processor/ALUControl.scala. Using presentation compiler with project's scala-library version: 3.3.8[0m
2026.09.15 13:58:02 WARN  no build target for: /home/amirali671/Documents/A.Rehman/Shadow/src/main/scala/processor/ALUControl.scala[0m
2026.09.15 13:58:04 INFO  no build target found for /home/amirali671/Documents/A.Rehman/Shadow/src/main/scala/processor/ALUControl.scala. Using presentation compiler with project's scala-library version: 3.3.8[0m
2026.09.15 13:58:04 INFO  no build target found for /home/amirali671/Documents/A.Rehman/Shadow/src/main/scala/processor/ALUControl.scala. Using presentation compiler with project's scala-library version: 3.3.8[0m
2026.09.15 13:58:06 INFO  no build target found for /home/amirali671/Documents/A.Rehman/Shadow/src/main/scala/processor/ALUControl.scala. Using presentation compiler with project's scala-library version: 3.3.8[0m
2026.09.15 13:58:06 INFO  no build target found for /home/amirali671/Documents/A.Rehman/Shadow/src/main/scala/processor/ALUControl.scala. Using presentation compiler with project's scala-library version: 3.3.8[0m
2026.09.15 13:58:06 INFO  no build target found for /home/amirali671/Documents/A.Rehman/Shadow/src/main/scala/processor/ALUControl.scala. Using presentation compiler with project's scala-library version: 3.3.8[0m
2026.09.15 13:58:07 WARN  no build target for: /home/amirali671/Documents/A.Rehman/Shadow/src/main/scala/processor/ALUControl.scala[0m
2026.09.15 13:58:07 INFO  no build target found for /home/amirali671/Documents/A.Rehman/Shadow/src/main/scala/processor/ALUControl.scala. Using presentation compiler with project's scala-library version: 3.3.8[0m
2026.09.15 13:58:07 INFO  no build target found for /home/amirali671/Documents/A.Rehman/Shadow/src/main/scala/processor/ALUControl.scala. Using presentation compiler with project's scala-library version: 3.3.8[0m
2026.09.15 13:58:07 INFO  no build target found for /home/amirali671/Documents/A.Rehman/Shadow/src/main/scala/processor/ALUControl.scala. Using presentation compiler with project's scala-library version: 3.3.8[0m
2026.09.15 13:58:07 INFO  no build target found for /home/amirali671/Documents/A.Rehman/Shadow/src/main/scala/processor/ALUControl.scala. Using presentation compiler with project's scala-library version: 3.3.8[0m
2026.09.15 13:58:07 INFO  no build target found for /home/amirali671/Documents/A.Rehman/Shadow/src/main/scala/processor/ALUControl.scala. Using presentation compiler with project's scala-library version: 3.3.8[0m
2026.09.15 13:58:08 INFO  no build target found for /home/amirali671/Documents/A.Rehman/Shadow/src/main/scala/processor/ALUControl.scala. Using presentation compiler with project's scala-library version: 3.3.8[0m
2026.09.15 13:58:07 INFO  no build target found for /home/amirali671/Documents/A.Rehman/Shadow/src/main/scala/processor/ALUControl.scala. Using presentation compiler with project's scala-library version: 3.3.8[0m
2026.09.15 13:58:07 INFO  no build target found for /home/amirali671/Documents/A.Rehman/Shadow/src/main/scala/processor/ALUControl.scala. Using presentation compiler with project's scala-library version: 3.3.8[0m
2026.09.15 13:58:08 INFO  no build target found for /home/amirali671/Documents/A.Rehman/Shadow/src/main/scala/processor/ALUControl.scala. Using presentation compiler with project's scala-library version: 3.3.8[0m
2026.09.15 13:58:07 INFO  no build target found for /home/amirali671/Documents/A.Rehman/Shadow/src/main/scala/processor/ALUControl.scala. Using presentation compiler with project's scala-library version: 3.3.8[0m
2026.09.15 13:58:08 INFO  no build target found for /home/amirali671/Documents/A.Rehman/Shadow/src/main/scala/processor/ALUControl.scala. Using presentation compiler with project's scala-library version: 3.3.8[0m
2026.09.15 13:58:08 INFO  no build target found for /home/amirali671/Documents/A.Rehman/Shadow/src/main/scala/processor/ALUControl.scala. Using presentation compiler with project's scala-library version: 3.3.8[0m
2026.09.15 13:58:08 INFO  no build target found for /home/amirali671/Documents/A.Rehman/Shadow/src/main/scala/processor/ALUControl.scala. Using presentation compiler with project's scala-library version: 3.3.8[0m
2026.09.15 13:58:08 INFO  no build target found for /home/amirali671/Documents/A.Rehman/Shadow/src/main/scala/processor/ALUControl.scala. Using presentation compiler with project's scala-library version: 3.3.8[0m
2026.09.15 13:58:08 INFO  no build target found for /home/amirali671/Documents/A.Rehman/Shadow/src/main/scala/processor/ALUControl.scala. Using presentation compiler with project's scala-library version: 3.3.8[0m
2026.09.15 13:58:08 INFO  no build target found for /home/amirali671/Documents/A.Rehman/Shadow/src/main/scala/processor/ALUControl.scala. Using presentation compiler with project's scala-library version: 3.3.8[0m
2026.09.15 13:58:08 INFO  no build target found for /home/amirali671/Documents/A.Rehman/Shadow/src/main/scala/processor/ALUControl.scala. Using presentation compiler with project's scala-library version: 3.3.8[0m
2026.09.15 13:58:08 INFO  no build target found for /home/amirali671/Documents/A.Rehman/Shadow/src/main/scala/processor/ALUControl.scala. Using presentation compiler with project's scala-library version: 3.3.8[0m
2026.09.15 13:58:08 INFO  no build target found for /home/amirali671/Documents/A.Rehman/Shadow/src/main/scala/processor/ALUControl.scala. Using presentation compiler with project's scala-library version: 3.3.8[0m
2026.09.15 13:58:08 INFO  no build target found for /home/amirali671/Documents/A.Rehman/Shadow/src/main/scala/processor/ALUControl.scala. Using presentation compiler with project's scala-library version: 3.3.8[0m
2026.09.15 13:58:10 INFO  no build target found for /home/amirali671/Documents/A.Rehman/Shadow/src/main/scala/processor/ALUControl.scala. Using presentation compiler with project's scala-library version: 3.3.8[0m
2026.09.15 13:58:10 INFO  no build target found for /home/amirali671/Documents/A.Rehman/Shadow/src/main/scala/processor/ALUControl.scala. Using presentation compiler with project's scala-library version: 3.3.8[0m
2026.09.15 13:58:10 INFO  no build target found for /home/amirali671/Documents/A.Rehman/Shadow/src/main/scala/processor/ALUControl.scala. Using presentation compiler with project's scala-library version: 3.3.8[0m
2026.09.15 13:58:10 INFO  no build target found for /home/amirali671/Documents/A.Rehman/Shadow/src/main/scala/processor/ALUControl.scala. Using presentation compiler with project's scala-library version: 3.3.8[0m
2026.09.15 13:58:10 INFO  no build target found for /home/amirali671/Documents/A.Rehman/Shadow/src/main/scala/processor/ALUControl.scala. Using presentation compiler with project's scala-library version: 3.3.8[0m
2026.09.15 13:58:10 INFO  no build target found for /home/amirali671/Documents/A.Rehman/Shadow/src/main/scala/processor/ALUControl.scala. Using presentation compiler with project's scala-library version: 3.3.8[0m
2026.09.15 13:58:10 INFO  no build target found for /home/amirali671/Documents/A.Rehman/Shadow/src/main/scala/processor/ALUControl.scala. Using presentation compiler with project's scala-library version: 3.3.8[0m
2026.09.15 13:58:10 INFO  no build target found for /home/amirali671/Documents/A.Rehman/Shadow/src/main/scala/processor/ALUControl.scala. Using presentation compiler with project's scala-library version: 3.3.8[0m
2026.09.15 13:58:10 INFO  no build target found for /home/amirali671/Documents/A.Rehman/Shadow/src/main/scala/processor/ALUControl.scala. Using presentation compiler with project's scala-library version: 3.3.8[0m
2026.09.15 13:58:11 INFO  no build target found for /home/amirali671/Documents/A.Rehman/Shadow/src/main/scala/processor/ALUControl.scala. Using presentation compiler with project's scala-library version: 3.3.8[0m
2026.09.15 13:58:11 INFO  no build target found for /home/amirali671/Documents/A.Rehman/Shadow/src/main/scala/processor/ALUControl.scala. Using presentation compiler with project's scala-library version: 3.3.8[0m
2026.09.15 13:58:11 INFO  no build target found for /home/amirali671/Documents/A.Rehman/Shadow/src/main/scala/processor/ALUControl.scala. Using presentation compiler with project's scala-library version: 3.3.8[0m
2026.09.15 13:58:11 INFO  no build target found for /home/amirali671/Documents/A.Rehman/Shadow/src/main/scala/processor/ALUControl.scala. Using presentation compiler with project's scala-library version: 3.3.8[0m
2026.09.15 13:58:11 INFO  no build target found for /home/amirali671/Documents/A.Rehman/Shadow/src/main/scala/processor/ALUControl.scala. Using presentation compiler with project's scala-library version: 3.3.8[0m
2026.09.15 13:58:12 WARN  no build target for: /home/amirali671/Documents/A.Rehman/Shadow/src/main/scala/processor/ALUControl.scala[0m
2026.09.15 13:58:13 INFO  no build target found for /home/amirali671/Documents/A.Rehman/Shadow/src/main/scala/processor/ALUControl.scala. Using presentation compiler with project's scala-library version: 3.3.8[0m
2026.09.15 13:58:13 INFO  no build target found for /home/amirali671/Documents/A.Rehman/Shadow/src/main/scala/processor/ALUControl.scala. Using presentation compiler with project's scala-library version: 3.3.8[0m
2026.09.15 13:58:13 INFO  no build target found for /home/amirali671/Documents/A.Rehman/Shadow/src/main/scala/processor/ALUControl.scala. Using presentation compiler with project's scala-library version: 3.3.8[0m
2026.09.15 13:58:12 INFO  no build target found for /home/amirali671/Documents/A.Rehman/Shadow/src/main/scala/processor/ALUControl.scala. Using presentation compiler with project's scala-library version: 3.3.8[0m
2026.09.15 13:58:14 WARN  no build target for: /home/amirali671/Documents/A.Rehman/Shadow/src/main/scala/processor/ALUControl.scala[0m
2026.09.15 13:58:14 INFO  no build target found for /home/amirali671/Documents/A.Rehman/Shadow/src/main/scala/processor/ALUControl.scala. Using presentation compiler with project's scala-library version: 3.3.8[0m
2026.09.15 13:58:14 INFO  no build target found for /home/amirali671/Documents/A.Rehman/Shadow/src/main/scala/processor/ALUControl.scala. Using presentation compiler with project's scala-library version: 3.3.8[0m
2026.09.15 13:58:14 INFO  no build target found for /home/amirali671/Documents/A.Rehman/Shadow/src/main/scala/processor/ALUControl.scala. Using presentation compiler with project's scala-library version: 3.3.8[0m
2026.09.15 13:58:14 INFO  no build target found for /home/amirali671/Documents/A.Rehman/Shadow/src/main/scala/processor/ALUControl.scala. Using presentation compiler with project's scala-library version: 3.3.8[0m
2026.09.15 13:58:14 INFO  no build target found for /home/amirali671/Documents/A.Rehman/Shadow/src/main/scala/processor/ALUControl.scala. Using presentation compiler with project's scala-library version: 3.3.8[0m
2026.09.15 13:58:15 WARN  no build target for: /home/amirali671/Documents/A.Rehman/Shadow/src/main/scala/processor/ALUControl.scala[0m
2026.09.15 13:58:15 INFO  no build target found for /home/amirali671/Documents/A.Rehman/Shadow/src/main/scala/processor/ALUControl.scala. Using presentation compiler with project's scala-library version: 3.3.8[0m
2026.09.15 13:58:15 INFO  no build target found for /home/amirali671/Documents/A.Rehman/Shadow/src/main/scala/processor/ALUControl.scala. Using presentation compiler with project's scala-library version: 3.3.8[0m
2026.09.15 13:58:16 INFO  no build target found for /home/amirali671/Documents/A.Rehman/Shadow/src/main/scala/processor/ALUControl.scala. Using presentation compiler with project's scala-library version: 3.3.8[0m
2026.09.15 13:58:16 INFO  no build target found for /home/amirali671/Documents/A.Rehman/Shadow/src/main/scala/processor/ALUControl.scala. Using presentation compiler with project's scala-library version: 3.3.8[0m
2026.09.15 13:58:16 INFO  no build target found for /home/amirali671/Documents/A.Rehman/Shadow/src/main/scala/processor/ALUControl.scala. Using presentation compiler with project's scala-library version: 3.3.8[0m
2026.09.15 13:58:16 INFO  no build target found for /home/amirali671/Documents/A.Rehman/Shadow/src/main/scala/processor/ALUControl.scala. Using presentation compiler with project's scala-library version: 3.3.8[0m
2026.09.15 13:58:17 INFO  no build target found for /home/amirali671/Documents/A.Rehman/Shadow/src/main/scala/processor/ALUControl.scala. Using presentation compiler with project's scala-library version: 3.3.8[0m
2026.09.15 13:58:16 INFO  no build target found for /home/amirali671/Documents/A.Rehman/Shadow/src/main/scala/processor/ALUControl.scala. Using presentation compiler with project's scala-library version: 3.3.8[0m
2026.09.15 13:58:16 INFO  no build target found for /home/amirali671/Documents/A.Rehman/Shadow/src/main/scala/processor/ALUControl.scala. Using presentation compiler with project's scala-library version: 3.3.8[0m
2026.09.15 13:58:16 INFO  no build target found for /home/amirali671/Documents/A.Rehman/Shadow/src/main/scala/processor/ALUControl.scala. Using presentation compiler with project's scala-library version: 3.3.8[0m
2026.09.15 13:58:18 WARN  no build target for: /home/amirali671/Documents/A.Rehman/Shadow/src/main/scala/processor/ALUControl.scala[0m
2026.09.15 13:58:18 INFO  no build target found for /home/amirali671/Documents/A.Rehman/Shadow/src/main/scala/processor/ALUControl.scala. Using presentation compiler with project's scala-library version: 3.3.8[0m
2026.09.15 13:58:18 INFO  no build target found for /home/amirali671/Documents/A.Rehman/Shadow/src/main/scala/processor/ALUControl.scala. Using presentation compiler with project's scala-library version: 3.3.8[0m
2026.09.15 13:58:18 INFO  no build target found for /home/amirali671/Documents/A.Rehman/Shadow/src/main/scala/processor/ALUControl.scala. Using presentation compiler with project's scala-library version: 3.3.8[0m
2026.09.15 13:58:18 INFO  no build target found for /home/amirali671/Documents/A.Rehman/Shadow/src/main/scala/processor/ALUControl.scala. Using presentation compiler with project's scala-library version: 3.3.8[0m
2026.09.15 13:58:18 INFO  no build target found for /home/amirali671/Documents/A.Rehman/Shadow/src/main/scala/processor/ALUControl.scala. Using presentation compiler with project's scala-library version: 3.3.8[0m
2026.09.15 13:58:19 INFO  no build target found for /home/amirali671/Documents/A.Rehman/Shadow/src/main/scala/processor/ALUControl.scala. Using presentation compiler with project's scala-library version: 3.3.8[0m
2026.09.15 13:58:19 WARN  no build target for: /home/amirali671/Documents/A.Rehman/Shadow/src/main/scala/processor/ALUControl.scala[0m
2026.09.15 13:58:19 INFO  no build target found for /home/amirali671/Documents/A.Rehman/Shadow/src/main/scala/processor/ALUControl.scala. Using presentation compiler with project's scala-library version: 3.3.8[0m
2026.09.15 13:58:19 INFO  no build target found for /home/amirali671/Documents/A.Rehman/Shadow/src/main/scala/processor/ALUControl.scala. Using presentation compiler with project's scala-library version: 3.3.8[0m
2026.09.15 13:58:19 INFO  no build target found for /home/amirali671/Documents/A.Rehman/Shadow/src/main/scala/processor/ALUControl.scala. Using presentation compiler with project's scala-library version: 3.3.8[0m
2026.09.15 13:58:19 INFO  no build target found for /home/amirali671/Documents/A.Rehman/Shadow/src/main/scala/processor/ALUControl.scala. Using presentation compiler with project's scala-library version: 3.3.8[0m
2026.09.15 13:58:20 INFO  no build target found for /home/amirali671/Documents/A.Rehman/Shadow/src/main/scala/processor/ALUControl.scala. Using presentation compiler with project's scala-library version: 3.3.8[0m
2026.09.15 13:58:20 INFO  no build target found for /home/amirali671/Documents/A.Rehman/Shadow/src/main/scala/processor/ALUControl.scala. Using presentation compiler with project's scala-library version: 3.3.8[0m
2026.09.15 13:58:20 INFO  no build target found for /home/amirali671/Documents/A.Rehman/Shadow/src/main/scala/processor/ALUControl.scala. Using presentation compiler with project's scala-library version: 3.3.8[0m
2026.09.15 13:58:21 INFO  no build target found for /home/amirali671/Documents/A.Rehman/Shadow/src/main/scala/processor/ALUControl.scala. Using presentation compiler with project's scala-library version: 3.3.8[0m
2026.09.15 13:58:21 INFO  no build target found for /home/amirali671/Documents/A.Rehman/Shadow/src/main/scala/processor/ALUControl.scala. Using presentation compiler with project's scala-library version: 3.3.8[0m
2026.09.15 13:58:21 INFO  no build target found for /home/amirali671/Documents/A.Rehman/Shadow/src/main/scala/processor/ALUControl.scala. Using presentation compiler with project's scala-library version: 3.3.8[0m
2026.09.15 13:58:22 INFO  no build target found for /home/amirali671/Documents/A.Rehman/Shadow/src/main/scala/processor/ALUControl.scala. Using presentation compiler with project's scala-library version: 3.3.8[0m
2026.09.15 13:58:21 INFO  no build target found for /home/amirali671/Documents/A.Rehman/Shadow/src/main/scala/processor/ALUControl.scala. Using presentation compiler with project's scala-library version: 3.3.8[0m
2026.09.15 13:58:23 WARN  no build target for: /home/amirali671/Documents/A.Rehman/Shadow/src/main/scala/processor/ALUControl.scala[0m
2026.09.15 13:58:23 INFO  no build target found for /home/amirali671/Documents/A.Rehman/Shadow/src/main/scala/processor/ALUControl.scala. Using presentation compiler with project's scala-library version: 3.3.8[0m
2026.09.15 13:58:23 INFO  no build target found for /home/amirali671/Documents/A.Rehman/Shadow/src/main/scala/processor/ALUControl.scala. Using presentation compiler with project's scala-library version: 3.3.8[0m
2026.09.15 13:58:24 INFO  no build target found for /home/amirali671/Documents/A.Rehman/Shadow/src/main/scala/processor/ALUControl.scala. Using presentation compiler with project's scala-library version: 3.3.8[0m
2026.09.15 13:58:23 INFO  no build target found for /home/amirali671/Documents/A.Rehman/Shadow/src/main/scala/processor/ALUControl.scala. Using presentation compiler with project's scala-library version: 3.3.8[0m
2026.09.15 13:58:24 WARN  no build target for: /home/amirali671/Documents/A.Rehman/Shadow/src/main/scala/processor/ALUControl.scala[0m
2026.09.15 13:58:25 INFO  no build target found for /home/amirali671/Documents/A.Rehman/Shadow/src/main/scala/processor/ALUControl.scala. Using presentation compiler with project's scala-library version: 3.3.8[0m
2026.09.15 13:58:25 INFO  no build target found for /home/amirali671/Documents/A.Rehman/Shadow/src/main/scala/processor/ALUControl.scala. Using presentation compiler with project's scala-library version: 3.3.8[0m
2026.09.15 13:58:25 INFO  no build target found for /home/amirali671/Documents/A.Rehman/Shadow/src/main/scala/processor/ALUControl.scala. Using presentation compiler with project's scala-library version: 3.3.8[0m
2026.09.15 13:58:26 WARN  no build target for: /home/amirali671/Documents/A.Rehman/Shadow/src/main/scala/processor/ALUControl.scala[0m
2026.09.15 13:58:27 INFO  no build target found for /home/amirali671/Documents/A.Rehman/Shadow/src/main/scala/processor/ALUControl.scala. Using presentation compiler with project's scala-library version: 3.3.8[0m
2026.09.15 13:58:28 INFO  no build target found for /home/amirali671/Documents/A.Rehman/Shadow/src/main/scala/processor/ALUControl.scala. Using presentation compiler with project's scala-library version: 3.3.8[0m
2026.09.15 13:58:28 INFO  no build target found for /home/amirali671/Documents/A.Rehman/Shadow/src/main/scala/processor/ALUControl.scala. Using presentation compiler with project's scala-library version: 3.3.8[0m
2026.09.15 13:58:28 INFO  no build target found for /home/amirali671/Documents/A.Rehman/Shadow/src/main/scala/processor/ALUControl.scala. Using presentation compiler with project's scala-library version: 3.3.8[0m
2026.09.15 13:58:28 INFO  no build target found for /home/amirali671/Documents/A.Rehman/Shadow/src/main/scala/processor/ALUControl.scala. Using presentation compiler with project's scala-library version: 3.3.8[0m
2026.09.15 13:58:28 INFO  no build target found for /home/amirali671/Documents/A.Rehman/Shadow/src/main/scala/processor/ALUControl.scala. Using presentation compiler with project's scala-library version: 3.3.8[0m
2026.09.15 13:58:28 INFO  no build target found for /home/amirali671/Documents/A.Rehman/Shadow/src/main/scala/processor/ALUControl.scala. Using presentation compiler with project's scala-library version: 3.3.8[0m
2026.09.15 13:58:28 INFO  no build target found for /home/amirali671/Documents/A.Rehman/Shadow/src/main/scala/processor/ALUControl.scala. Using presentation compiler with project's scala-library version: 3.3.8[0m
2026.09.15 13:58:28 INFO  no build target found for /home/amirali671/Documents/A.Rehman/Shadow/src/main/scala/processor/ALUControl.scala. Using presentation compiler with project's scala-library version: 3.3.8[0m
2026.09.15 13:58:29 INFO  no build target found for /home/amirali671/Documents/A.Rehman/Shadow/src/main/scala/processor/ALUControl.scala. Using presentation compiler with project's scala-library version: 3.3.8[0m
2026.09.15 13:58:29 INFO  no build target found for /home/amirali671/Documents/A.Rehman/Shadow/src/main/scala/processor/ALUControl.scala. Using presentation compiler with project's scala-library version: 3.3.8[0m
2026.09.15 13:58:30 WARN  no build target for: /home/amirali671/Documents/A.Rehman/Shadow/src/main/scala/processor/ALUControl.scala[0m
2026.09.15 13:58:29 INFO  no build target found for /home/amirali671/Documents/A.Rehman/Shadow/src/main/scala/processor/ALUControl.scala. Using presentation compiler with project's scala-library version: 3.3.8[0m
2026.09.15 13:58:31 INFO  no build target found for /home/amirali671/Documents/A.Rehman/Shadow/src/main/scala/processor/ALUControl.scala. Using presentation compiler with project's scala-library version: 3.3.8[0m
2026.09.15 13:58:31 INFO  no build target found for /home/amirali671/Documents/A.Rehman/Shadow/src/main/scala/processor/ALUControl.scala. Using presentation compiler with project's scala-library version: 3.3.8[0m
2026.09.15 13:58:31 INFO  no build target found for /home/amirali671/Documents/A.Rehman/Shadow/src/main/scala/processor/ALUControl.scala. Using presentation compiler with project's scala-library version: 3.3.8[0m
2026.09.15 13:58:31 INFO  no build target found for /home/amirali671/Documents/A.Rehman/Shadow/src/main/scala/processor/ALUControl.scala. Using presentation compiler with project's scala-library version: 3.3.8[0m
2026.09.15 13:58:31 INFO  no build target found for /home/amirali671/Documents/A.Rehman/Shadow/src/main/scala/processor/ALUControl.scala. Using presentation compiler with project's scala-library version: 3.3.8[0m
2026.09.15 13:58:32 INFO  no build target found for /home/amirali671/Documents/A.Rehman/Shadow/src/main/scala/processor/ALUControl.scala. Using presentation compiler with project's scala-library version: 3.3.8[0m
2026.09.15 13:58:31 INFO  no build target found for /home/amirali671/Documents/A.Rehman/Shadow/src/main/scala/processor/ALUControl.scala. Using presentation compiler with project's scala-library version: 3.3.8[0m
2026.09.15 13:58:31 INFO  no build target found for /home/amirali671/Documents/A.Rehman/Shadow/src/main/scala/processor/ALUControl.scala. Using presentation compiler with project's scala-library version: 3.3.8[0m
2026.09.15 13:58:31 INFO  no build target found for /home/amirali671/Documents/A.Rehman/Shadow/src/main/scala/processor/ALUControl.scala. Using presentation compiler with project's scala-library version: 3.3.8[0m
2026.09.15 13:58:32 INFO  no build target found for /home/amirali671/Documents/A.Rehman/Shadow/src/main/scala/processor/ALUControl.scala. Using presentation compiler with project's scala-library version: 3.3.8[0m
2026.09.15 13:58:32 INFO  no build target found for /home/amirali671/Documents/A.Rehman/Shadow/src/main/scala/processor/ALUControl.scala. Using presentation compiler with project's scala-library version: 3.3.8[0m
2026.09.15 13:58:32 INFO  no build target found for /home/amirali671/Documents/A.Rehman/Shadow/src/main/scala/processor/ALUControl.scala. Using presentation compiler with project's scala-library version: 3.3.8[0m
2026.09.15 13:58:32 INFO  no build target found for /home/amirali671/Documents/A.Rehman/Shadow/src/main/scala/processor/ALUControl.scala. Using presentation compiler with project's scala-library version: 3.3.8[0m
2026.09.15 13:58:32 INFO  no build target found for /home/amirali671/Documents/A.Rehman/Shadow/src/main/scala/processor/ALUControl.scala. Using presentation compiler with project's scala-library version: 3.3.8[0m
2026.09.15 13:58:32 INFO  no build target found for /home/amirali671/Documents/A.Rehman/Shadow/src/main/scala/processor/ALUControl.scala. Using presentation compiler with project's scala-library version: 3.3.8[0m
2026.09.15 13:58:32 INFO  no build target found for /home/amirali671/Documents/A.Rehman/Shadow/src/main/scala/processor/ALUControl.scala. Using presentation compiler with project's scala-library version: 3.3.8[0m
2026.09.15 13:58:33 INFO  no build target found for /home/amirali671/Documents/A.Rehman/Shadow/src/main/scala/processor/ALUControl.scala. Using presentation compiler with project's scala-library version: 3.3.8[0m
2026.09.15 13:58:32 INFO  no build target found for /home/amirali671/Documents/A.Rehman/Shadow/src/main/scala/processor/ALUControl.scala. Using presentation compiler with project's scala-library version: 3.3.8[0m
2026.09.15 13:58:32 INFO  no build target found for /home/amirali671/Documents/A.Rehman/Shadow/src/main/scala/processor/ALUControl.scala. Using presentation compiler with project's scala-library version: 3.3.8[0m
2026.09.15 13:58:33 INFO  no build target found for /home/amirali671/Documents/A.Rehman/Shadow/src/main/scala/processor/ALUControl.scala. Using presentation compiler with project's scala-library version: 3.3.8[0m
2026.09.15 13:58:33 INFO  no build target found for /home/amirali671/Documents/A.Rehman/Shadow/src/main/scala/processor/ALUControl.scala. Using presentation compiler with project's scala-library version: 3.3.8[0m
2026.09.15 13:58:33 INFO  no build target found for /home/amirali671/Documents/A.Rehman/Shadow/src/main/scala/processor/ALUControl.scala. Using presentation compiler with project's scala-library version: 3.3.8[0m
2026.09.15 13:58:33 INFO  no build target found for /home/amirali671/Documents/A.Rehman/Shadow/src/main/scala/processor/ALUControl.scala. Using presentation compiler with project's scala-library version: 3.3.8[0m
2026.09.15 13:58:34 INFO  no build target found for /home/amirali671/Documents/A.Rehman/Shadow/src/main/scala/processor/ALUControl.scala. Using presentation compiler with project's scala-library version: 3.3.8[0m
2026.09.15 13:58:33 INFO  no build target found for /home/amirali671/Documents/A.Rehman/Shadow/src/main/scala/processor/ALUControl.scala. Using presentation compiler with project's scala-library version: 3.3.8[0m
2026.09.15 13:58:33 INFO  no build target found for /home/amirali671/Documents/A.Rehman/Shadow/src/main/scala/processor/ALUControl.scala. Using presentation compiler with project's scala-library version: 3.3.8[0m
2026.09.15 13:58:34 INFO  no build target found for /home/amirali671/Documents/A.Rehman/Shadow/src/main/scala/processor/ALUControl.scala. Using presentation compiler with project's scala-library version: 3.3.8[0m
2026.09.15 13:58:34 INFO  no build target found for /home/amirali671/Documents/A.Rehman/Shadow/src/main/scala/processor/ALUControl.scala. Using presentation compiler with project's scala-library version: 3.3.8[0m
2026.09.15 13:58:34 INFO  no build target found for /home/amirali671/Documents/A.Rehman/Shadow/src/main/scala/processor/ALUControl.scala. Using presentation compiler with project's scala-library version: 3.3.8[0m
2026.09.15 13:58:34 INFO  no build target found for /home/amirali671/Documents/A.Rehman/Shadow/src/main/scala/processor/ALUControl.scala. Using presentation compiler with project's scala-library version: 3.3.8[0m
2026.09.15 13:58:34 INFO  no build target found for /home/amirali671/Documents/A.Rehman/Shadow/src/main/scala/processor/ALUControl.scala. Using presentation compiler with project's scala-library version: 3.3.8[0m
2026.09.15 13:58:35 INFO  no build target found for /home/amirali671/Documents/A.Rehman/Shadow/src/main/scala/processor/ALUControl.scala. Using presentation compiler with project's scala-library version: 3.3.8[0m
2026.09.15 13:58:35 INFO  no build target found for /home/amirali671/Documents/A.Rehman/Shadow/src/main/scala/processor/ALUControl.scala. Using presentation compiler with project's scala-library version: 3.3.8[0m
2026.09.15 13:58:36 INFO  no build target found for /home/amirali671/Documents/A.Rehman/Shadow/src/main/scala/processor/ALUControl.scala. Using presentation compiler with project's scala-library version: 3.3.8[0m
2026.09.15 13:58:35 INFO  no build target found for /home/amirali671/Documents/A.Rehman/Shadow/src/main/scala/processor/ALUControl.scala. Using presentation compiler with project's scala-library version: 3.3.8[0m
2026.09.15 13:58:36 WARN  no build target for: /home/amirali671/Documents/A.Rehman/Shadow/src/main/scala/processor/ALUControl.scala[0m
2026.09.15 13:58:37 INFO  no build target found for /home/amirali671/Documents/A.Rehman/Shadow/src/main/scala/processor/ALUControl.scala. Using presentation compiler with project's scala-library version: 3.3.8[0m
2026.09.15 13:58:37 INFO  no build target found for /home/amirali671/Documents/A.Rehman/Shadow/src/main/scala/processor/ALUControl.scala. Using presentation compiler with project's scala-library version: 3.3.8[0m
2026.09.15 13:58:37 INFO  no build target found for /home/amirali671/Documents/A.Rehman/Shadow/src/main/scala/processor/ALUControl.scala. Using presentation compiler with project's scala-library version: 3.3.8[0m
2026.09.15 13:58:38 INFO  no build target found for /home/amirali671/Documents/A.Rehman/Shadow/src/main/scala/processor/ALUControl.scala. Using presentation compiler with project's scala-library version: 3.3.8[0m
2026.09.15 13:58:38 WARN  no build target for: /home/amirali671/Documents/A.Rehman/Shadow/src/main/scala/processor/ALUControl.scala[0m
2026.09.15 13:58:38 WARN  no build target for: /home/amirali671/Documents/A.Rehman/Shadow/src/main/scala/processor/ALUControl.scala[0m
2026.09.15 13:58:38 WARN  no build target for: /home/amirali671/Documents/A.Rehman/Shadow/src/main/scala/processor/ALUControl.scala[0m
2026.09.15 13:58:38 WARN  no build target for: /home/amirali671/Documents/A.Rehman/Shadow/src/main/scala/processor/ALUControl.scala[0m
2026.09.15 13:58:38 WARN  no build target for: /home/amirali671/Documents/A.Rehman/Shadow/src/main/scala/processor/ALUControl.scala[0m
2026.09.15 13:58:38 WARN  no build target for: /home/amirali671/Documents/A.Rehman/Shadow/src/main/scala/processor/ALUControl.scala[0m
2026.09.15 13:58:38 WARN  no build target for: /home/amirali671/Documents/A.Rehman/Shadow/src/main/scala/processor/ALUControl.scala[0m
2026.09.15 13:58:39 WARN  no build target for: /home/amirali671/Documents/A.Rehman/Shadow/src/main/scala/processor/ALUControl.scala[0m
2026.09.15 13:59:47 INFO  no build target found for /home/amirali671/Documents/A.Rehman/Shadow/src/main/scala/processor/ALUControl.scala. Using presentation compiler with project's scala-library version: 3.3.8[0m
2026.09.15 14:00:23 INFO  no build target found for /home/amirali671/Documents/A.Rehman/Shadow/src/main/scala/processor/IOInterface.scala. Using presentation compiler with project's scala-library version: 3.3.8[0m
2026.09.15 14:00:24 INFO  no build target found for /home/amirali671/Documents/A.Rehman/Shadow/src/test/scala/processor/TopTest.scala. Using presentation compiler with project's scala-library version: 3.3.8[0m
2026.09.15 14:00:24 WARN  no build target for: /home/amirali671/Documents/A.Rehman/Shadow/src/test/scala/processor/TopTest.scala[0m
2026.09.15 14:00:23 INFO  no build target found for /home/amirali671/Documents/A.Rehman/Shadow/src/test/scala/processor/TopTest.scala. Using presentation compiler with project's scala-library version: 3.3.8[0m
2026.09.15 14:00:23 INFO  no build target found for /home/amirali671/Documents/A.Rehman/Shadow/src/test/scala/processor/TopTest.scala. Using presentation compiler with project's scala-library version: 3.3.8[0m
2026.09.15 14:00:23 INFO  no build target found for /home/amirali671/Documents/A.Rehman/Shadow/src/test/scala/processor/TopTest.scala. Using presentation compiler with project's scala-library version: 3.3.8[0m
2026.09.15 14:25:08 INFO  no build target found for /home/amirali671/Documents/A.Rehman/Shadow/src/main/scala/processor/PriEncoder.scala. Using presentation compiler with project's scala-library version: 3.3.8[0m
2026.09.15 14:25:08 WARN  no build target for: /home/amirali671/Documents/A.Rehman/Shadow/src/main/scala/processor/PriEncoder.scala[0m
2026.09.15 14:25:08 INFO  no build target found for /home/amirali671/Documents/A.Rehman/Shadow/src/main/scala/processor/PriEncoder.scala. Using presentation compiler with project's scala-library version: 3.3.8[0m
2026.09.15 14:25:08 INFO  no build target found for /home/amirali671/Documents/A.Rehman/Shadow/src/main/scala/processor/PriEncoder.scala. Using presentation compiler with project's scala-library version: 3.3.8[0m
2026.09.15 14:25:08 INFO  no build target found for /home/amirali671/Documents/A.Rehman/Shadow/src/main/scala/processor/PriEncoder.scala. Using presentation compiler with project's scala-library version: 3.3.8[0m
2026.09.15 14:25:09 INFO  no build target found for /home/amirali671/Documents/A.Rehman/Shadow/src/main/scala/processor/PriEncoder.scala. Using presentation compiler with project's scala-library version: 3.3.8[0m
2026.09.15 14:34:56 INFO  no build target found for /home/amirali671/Documents/A.Rehman/Shadow/src/test/scala/processor/TopTest.scala. Using presentation compiler with project's scala-library version: 3.3.8[0m
2026.09.15 14:38:08 INFO  no build target found for /home/amirali671/Documents/A.Rehman/Shadow/src/main/scala/processor/Top.scala. Using presentation compiler with project's scala-library version: 3.3.8[0m
2026.09.15 14:38:08 WARN  no build target for: /home/amirali671/Documents/A.Rehman/Shadow/src/main/scala/processor/Top.scala[0m
2026.09.15 14:38:08 INFO  no build target found for /home/amirali671/Documents/A.Rehman/Shadow/src/main/scala/processor/Top.scala. Using presentation compiler with project's scala-library version: 3.3.8[0m
2026.09.15 14:38:08 INFO  no build target found for /home/amirali671/Documents/A.Rehman/Shadow/src/main/scala/processor/Top.scala. Using presentation compiler with project's scala-library version: 3.3.8[0m
2026.09.15 14:38:08 INFO  no build target found for /home/amirali671/Documents/A.Rehman/Shadow/src/main/scala/processor/Top.scala. Using presentation compiler with project's scala-library version: 3.3.8[0m
2026.09.15 14:38:11 INFO  no build target found for /home/amirali671/Documents/A.Rehman/Shadow/src/main/scala/processor/Top.scala. Using presentation compiler with project's scala-library version: 3.3.8[0m
2026.09.15 14:38:11 INFO  no build target found for /home/amirali671/Documents/A.Rehman/Shadow/src/main/scala/processor/Top.scala. Using presentation compiler with project's scala-library version: 3.3.8[0m
2026.09.15 14:38:13 INFO  no build target found for /home/amirali671/Documents/A.Rehman/Shadow/src/main/scala/processor/Memory.scala. Using presentation compiler with project's scala-library version: 3.3.8[0m
2026.09.15 14:38:13 WARN  no build target for: /home/amirali671/Documents/A.Rehman/Shadow/src/main/scala/processor/Memory.scala[0m
2026.09.15 14:38:13 INFO  no build target found for /home/amirali671/Documents/A.Rehman/Shadow/src/main/scala/processor/Memory.scala. Using presentation compiler with project's scala-library version: 3.3.8[0m
2026.09.15 14:38:13 INFO  no build target found for /home/amirali671/Documents/A.Rehman/Shadow/src/main/scala/processor/Memory.scala. Using presentation compiler with project's scala-library version: 3.3.8[0m
2026.09.15 14:38:18 INFO  no build target found for /home/amirali671/Documents/A.Rehman/Shadow/src/main/scala/processor/Memory.scala. Using presentation compiler with project's scala-library version: 3.3.8[0m
2026.09.15 14:38:19 INFO  no build target found for /home/amirali671/Documents/A.Rehman/Shadow/src/main/scala/processor/Memory.scala. Using presentation compiler with project's scala-library version: 3.3.8[0m
2026.09.15 14:38:19 INFO  no build target found for /home/amirali671/Documents/A.Rehman/Shadow/src/main/scala/processor/TypeController.scala. Using presentation compiler with project's scala-library version: 3.3.8[0m
2026.09.15 14:38:19 WARN  no build target for: /home/amirali671/Documents/A.Rehman/Shadow/src/main/scala/processor/TypeController.scala[0m
2026.09.15 14:38:19 INFO  no build target found for /home/amirali671/Documents/A.Rehman/Shadow/src/main/scala/processor/TypeController.scala. Using presentation compiler with project's scala-library version: 3.3.8[0m
2026.09.15 14:38:19 INFO  no build target found for /home/amirali671/Documents/A.Rehman/Shadow/src/main/scala/processor/TypeController.scala. Using presentation compiler with project's scala-library version: 3.3.8[0m
2026.09.15 14:38:19 INFO  no build target found for /home/amirali671/Documents/A.Rehman/Shadow/src/main/scala/processor/Top.scala. Using presentation compiler with project's scala-library version: 3.3.8[0m
2026.09.15 14:38:19 WARN  no build target for: /home/amirali671/Documents/A.Rehman/Shadow/src/main/scala/processor/Top.scala[0m
2026.09.15 14:38:19 INFO  no build target found for /home/amirali671/Documents/A.Rehman/Shadow/src/main/scala/processor/Top.scala. Using presentation compiler with project's scala-library version: 3.3.8[0m
2026.09.15 14:38:19 INFO  no build target found for /home/amirali671/Documents/A.Rehman/Shadow/src/main/scala/processor/Top.scala. Using presentation compiler with project's scala-library version: 3.3.8[0m
2026.09.15 14:38:20 INFO  no build target found for /home/amirali671/Documents/A.Rehman/Shadow/src/main/scala/processor/Top.scala. Using presentation compiler with project's scala-library version: 3.3.8[0m
2026.09.15 14:38:25 INFO  no build target found for /home/amirali671/Documents/A.Rehman/Shadow/src/main/scala/processor/Top.scala. Using presentation compiler with project's scala-library version: 3.3.8[0m
2026.09.15 14:38:27 INFO  no build target found for /home/amirali671/Documents/A.Rehman/Shadow/src/main/scala/processor/Top.scala. Using presentation compiler with project's scala-library version: 3.3.8[0m
2026.09.15 14:38:27 INFO  no build target found for /home/amirali671/Documents/A.Rehman/Shadow/src/main/scala/processor/Top.scala. Using presentation compiler with project's scala-library version: 3.3.8[0m
2026.09.15 14:38:27 INFO  no build target found for /home/amirali671/Documents/A.Rehman/Shadow/src/main/scala/processor/Top.scala. Using presentation compiler with project's scala-library version: 3.3.8[0m
2026.09.15 14:38:27 WARN  no build target for: /home/amirali671/Documents/A.Rehman/Shadow/src/main/scala/processor/Top.scala[0m
2026.09.15 14:38:30 INFO  no build target found for /home/amirali671/Documents/A.Rehman/Shadow/src/main/scala/processor/Top.scala. Using presentation compiler with project's scala-library version: 3.3.8[0m
2026.09.15 14:38:30 INFO  no build target found for /home/amirali671/Documents/A.Rehman/Shadow/src/main/scala/processor/Top.scala. Using presentation compiler with project's scala-library version: 3.3.8[0m
2026.09.15 14:38:32 INFO  no build target found for /home/amirali671/Documents/A.Rehman/Shadow/src/main/scala/processor/Top.scala. Using presentation compiler with project's scala-library version: 3.3.8[0m
2026.09.15 14:38:32 INFO  no build target found for /home/amirali671/Documents/A.Rehman/Shadow/src/main/scala/processor/Top.scala. Using presentation compiler with project's scala-library version: 3.3.8[0m
2026.09.15 14:38:32 INFO  no build target found for /home/amirali671/Documents/A.Rehman/Shadow/src/main/scala/processor/Top.scala. Using presentation compiler with project's scala-library version: 3.3.8[0m
2026.09.15 14:38:33 WARN  no build target for: /home/amirali671/Documents/A.Rehman/Shadow/src/main/scala/processor/Top.scala[0m
2026.09.15 14:38:35 INFO  no build target found for /home/amirali671/Documents/A.Rehman/Shadow/src/main/scala/processor/Top.scala. Using presentation compiler with project's scala-library version: 3.3.8[0m
2026.09.15 14:38:35 INFO  no build target found for /home/amirali671/Documents/A.Rehman/Shadow/src/main/scala/processor/Top.scala. Using presentation compiler with project's scala-library version: 3.3.8[0m
2026.09.15 14:38:35 INFO  no build target found for /home/amirali671/Documents/A.Rehman/Shadow/src/main/scala/processor/Top.scala. Using presentation compiler with project's scala-library version: 3.3.8[0m
2026.09.15 14:38:36 INFO  no build target found for /home/amirali671/Documents/A.Rehman/Shadow/src/main/scala/processor/Top.scala. Using presentation compiler with project's scala-library version: 3.3.8[0m
2026.09.15 14:38:36 INFO  no build target found for /home/amirali671/Documents/A.Rehman/Shadow/src/main/scala/processor/Top.scala. Using presentation compiler with project's scala-library version: 3.3.8[0m
2026.09.15 14:38:36 INFO  no build target found for /home/amirali671/Documents/A.Rehman/Shadow/src/main/scala/processor/Top.scala. Using presentation compiler with project's scala-library version: 3.3.8[0m
2026.09.15 14:38:37 INFO  no build target found for /home/amirali671/Documents/A.Rehman/Shadow/src/main/scala/processor/Top.scala. Using presentation compiler with project's scala-library version: 3.3.8[0m
2026.09.15 14:38:37 INFO  no build target found for /home/amirali671/Documents/A.Rehman/Shadow/src/main/scala/processor/Top.scala. Using presentation compiler with project's scala-library version: 3.3.8[0m
2026.09.15 14:38:37 INFO  no build target found for /home/amirali671/Documents/A.Rehman/Shadow/src/main/scala/processor/Top.scala. Using presentation compiler with project's scala-library version: 3.3.8[0m
2026.09.15 14:38:37 INFO  no build target found for /home/amirali671/Documents/A.Rehman/Shadow/src/main/scala/processor/Top.scala. Using presentation compiler with project's scala-library version: 3.3.8[0m
2026.09.15 14:38:38 WARN  no build target for: /home/amirali671/Documents/A.Rehman/Shadow/src/main/scala/processor/Top.scala[0m
2026.09.15 14:38:37 INFO  no build target found for /home/amirali671/Documents/A.Rehman/Shadow/src/main/scala/processor/Top.scala. Using presentation compiler with project's scala-library version: 3.3.8[0m
2026.09.15 14:38:38 INFO  no build target found for /home/amirali671/Documents/A.Rehman/Shadow/src/main/scala/processor/Top.scala. Using presentation compiler with project's scala-library version: 3.3.8[0m
2026.09.15 14:38:38 INFO  no build target found for /home/amirali671/Documents/A.Rehman/Shadow/src/main/scala/processor/Top.scala. Using presentation compiler with project's scala-library version: 3.3.8[0m
2026.09.15 14:38:42 INFO  no build target found for /home/amirali671/Documents/A.Rehman/Shadow/src/main/scala/processor/Top.scala. Using presentation compiler with project's scala-library version: 3.3.8[0m
2026.09.15 14:38:42 INFO  no build target found for /home/amirali671/Documents/A.Rehman/Shadow/src/main/scala/processor/Top.scala. Using presentation compiler with project's scala-library version: 3.3.8[0m
2026.09.15 14:38:43 INFO  no build target found for /home/amirali671/Documents/A.Rehman/Shadow/src/main/scala/processor/Top.scala. Using presentation compiler with project's scala-library version: 3.3.8[0m
2026.09.15 14:38:43 INFO  no build target found for /home/amirali671/Documents/A.Rehman/Shadow/src/main/scala/processor/Top.scala. Using presentation compiler with project's scala-library version: 3.3.8[0m
2026.09.15 14:38:43 INFO  no build target found for /home/amirali671/Documents/A.Rehman/Shadow/src/main/scala/processor/Top.scala. Using presentation compiler with project's scala-library version: 3.3.8[0m
2026.09.15 14:38:43 INFO  no build target found for /home/amirali671/Documents/A.Rehman/Shadow/src/main/scala/processor/Top.scala. Using presentation compiler with project's scala-library version: 3.3.8[0m
2026.09.15 14:38:44 INFO  no build target found for /home/amirali671/Documents/A.Rehman/Shadow/src/main/scala/processor/Top.scala. Using presentation compiler with project's scala-library version: 3.3.8[0m
2026.09.15 14:38:44 INFO  no build target found for /home/amirali671/Documents/A.Rehman/Shadow/src/main/scala/processor/Top.scala. Using presentation compiler with project's scala-library version: 3.3.8[0m
2026.09.15 14:38:44 INFO  no build target found for /home/amirali671/Documents/A.Rehman/Shadow/src/main/scala/processor/Top.scala. Using presentation compiler with project's scala-library version: 3.3.8[0m
2026.09.15 14:38:44 INFO  no build target found for /home/amirali671/Documents/A.Rehman/Shadow/src/main/scala/processor/Top.scala. Using presentation compiler with project's scala-library version: 3.3.8[0m
2026.09.15 14:38:45 INFO  no build target found for /home/amirali671/Documents/A.Rehman/Shadow/src/main/scala/processor/Top.scala. Using presentation compiler with project's scala-library version: 3.3.8[0m
2026.09.15 14:38:44 INFO  no build target found for /home/amirali671/Documents/A.Rehman/Shadow/src/main/scala/processor/Top.scala. Using presentation compiler with project's scala-library version: 3.3.8[0m
2026.09.15 14:38:44 INFO  no build target found for /home/amirali671/Documents/A.Rehman/Shadow/src/main/scala/processor/Top.scala. Using presentation compiler with project's scala-library version: 3.3.8[0m
2026.09.15 14:38:44 INFO  no build target found for /home/amirali671/Documents/A.Rehman/Shadow/src/main/scala/processor/Top.scala. Using presentation compiler with project's scala-library version: 3.3.8[0m
2026.09.15 14:38:44 INFO  no build target found for /home/amirali671/Documents/A.Rehman/Shadow/src/main/scala/processor/Top.scala. Using presentation compiler with project's scala-library version: 3.3.8[0m
2026.09.15 14:38:46 INFO  no build target found for /home/amirali671/Documents/A.Rehman/Shadow/src/main/scala/processor/Top.scala. Using presentation compiler with project's scala-library version: 3.3.8[0m
2026.09.15 14:38:46 INFO  no build target found for /home/amirali671/Documents/A.Rehman/Shadow/src/main/scala/processor/Top.scala. Using presentation compiler with project's scala-library version: 3.3.8[0m
2026.09.15 14:38:46 INFO  no build target found for /home/amirali671/Documents/A.Rehman/Shadow/src/main/scala/processor/Top.scala. Using presentation compiler with project's scala-library version: 3.3.8[0m
2026.09.15 14:38:46 INFO  no build target found for /home/amirali671/Documents/A.Rehman/Shadow/src/main/scala/processor/Top.scala. Using presentation compiler with project's scala-library version: 3.3.8[0m
2026.09.15 14:38:46 INFO  no build target found for /home/amirali671/Documents/A.Rehman/Shadow/src/main/scala/processor/Top.scala. Using presentation compiler with project's scala-library version: 3.3.8[0m
2026.09.15 14:38:46 INFO  no build target found for /home/amirali671/Documents/A.Rehman/Shadow/src/main/scala/processor/Top.scala. Using presentation compiler with project's scala-library version: 3.3.8[0m
2026.09.15 14:38:47 INFO  no build target found for /home/amirali671/Documents/A.Rehman/Shadow/src/main/scala/processor/Top.scala. Using presentation compiler with project's scala-library version: 3.3.8[0m
2026.09.15 14:38:47 INFO  no build target found for /home/amirali671/Documents/A.Rehman/Shadow/src/main/scala/processor/Top.scala. Using presentation compiler with project's scala-library version: 3.3.8[0m
2026.09.15 14:38:47 INFO  no build target found for /home/amirali671/Documents/A.Rehman/Shadow/src/main/scala/processor/Top.scala. Using presentation compiler with project's scala-library version: 3.3.8[0m
2026.09.15 14:38:47 INFO  no build target found for /home/amirali671/Documents/A.Rehman/Shadow/src/main/scala/processor/Top.scala. Using presentation compiler with project's scala-library version: 3.3.8[0m
2026.09.15 14:38:47 INFO  no build target found for /home/amirali671/Documents/A.Rehman/Shadow/src/main/scala/processor/Top.scala. Using presentation compiler with project's scala-library version: 3.3.8[0m
2026.09.15 14:38:47 INFO  no build target found for /home/amirali671/Documents/A.Rehman/Shadow/src/main/scala/processor/Top.scala. Using presentation compiler with project's scala-library version: 3.3.8[0m
2026.09.15 14:38:48 INFO  no build target found for /home/amirali671/Documents/A.Rehman/Shadow/src/main/scala/processor/Top.scala. Using presentation compiler with project's scala-library version: 3.3.8[0m
2026.09.15 14:38:49 WARN  no build target for: /home/amirali671/Documents/A.Rehman/Shadow/src/main/scala/processor/Top.scala[0m
2026.09.15 14:39:06 INFO  no build target found for /home/amirali671/Documents/A.Rehman/Shadow/src/main/scala/processor/Top.scala. Using presentation compiler with project's scala-library version: 3.3.8[0m
2026.09.15 14:39:09 INFO  no build target found for /home/amirali671/Documents/A.Rehman/Shadow/src/main/scala/processor/Top.scala. Using presentation compiler with project's scala-library version: 3.3.8[0m
2026.09.15 14:39:09 INFO  no build target found for /home/amirali671/Documents/A.Rehman/Shadow/src/main/scala/processor/Top.scala. Using presentation compiler with project's scala-library version: 3.3.8[0m
2026.09.15 14:39:10 INFO  no build target found for /home/amirali671/Documents/A.Rehman/Shadow/src/main/scala/processor/Top.scala. Using presentation compiler with project's scala-library version: 3.3.8[0m
2026.09.15 14:39:11 INFO  no build target found for /home/amirali671/Documents/A.Rehman/Shadow/src/main/scala/processor/Top.scala. Using presentation compiler with project's scala-library version: 3.3.8[0m
2026.09.15 14:39:11 INFO  no build target found for /home/amirali671/Documents/A.Rehman/Shadow/src/main/scala/processor/Top.scala. Using presentation compiler with project's scala-library version: 3.3.8[0m
2026.09.15 14:39:11 INFO  no build target found for /home/amirali671/Documents/A.Rehman/Shadow/src/main/scala/processor/Top.scala. Using presentation compiler with project's scala-library version: 3.3.8[0m
2026.09.15 14:39:12 INFO  no build target found for /home/amirali671/Documents/A.Rehman/Shadow/src/main/scala/processor/Top.scala. Using presentation compiler with project's scala-library version: 3.3.8[0m
2026.09.15 14:39:12 INFO  no build target found for /home/amirali671/Documents/A.Rehman/Shadow/src/main/scala/processor/Top.scala. Using presentation compiler with project's scala-library version: 3.3.8[0m
2026.09.15 14:39:12 INFO  no build target found for /home/amirali671/Documents/A.Rehman/Shadow/src/main/scala/processor/Top.scala. Using presentation compiler with project's scala-library version: 3.3.8[0m
2026.09.15 14:39:12 INFO  no build target found for /home/amirali671/Documents/A.Rehman/Shadow/src/main/scala/processor/Top.scala. Using presentation compiler with project's scala-library version: 3.3.8[0m
2026.09.15 14:39:12 INFO  no build target found for /home/amirali671/Documents/A.Rehman/Shadow/src/main/scala/processor/Top.scala. Using presentation compiler with project's scala-library version: 3.3.8[0m
2026.09.15 14:39:12 INFO  no build target found for /home/amirali671/Documents/A.Rehman/Shadow/src/main/scala/processor/Top.scala. Using presentation compiler with project's scala-library version: 3.3.8[0m
2026.09.15 14:39:13 INFO  no build target found for /home/amirali671/Documents/A.Rehman/Shadow/src/main/scala/processor/Top.scala. Using presentation compiler with project's scala-library version: 3.3.8[0m
2026.09.15 14:39:13 INFO  no build target found for /home/amirali671/Documents/A.Rehman/Shadow/src/main/scala/processor/Top.scala. Using presentation compiler with project's scala-library version: 3.3.8[0m
2026.09.15 14:39:13 INFO  no build target found for /home/amirali671/Documents/A.Rehman/Shadow/src/main/scala/processor/Top.scala. Using presentation compiler with project's scala-library version: 3.3.8[0m
2026.09.15 14:39:14 WARN  no build target for: /home/amirali671/Documents/A.Rehman/Shadow/src/main/scala/processor/Top.scala[0m
2026.09.15 14:39:18 INFO  no build target found for /home/amirali671/Documents/A.Rehman/Shadow/src/main/scala/processor/Top.scala. Using presentation compiler with project's scala-library version: 3.3.8[0m
2026.09.15 14:39:18 INFO  no build target found for /home/amirali671/Documents/A.Rehman/Shadow/src/main/scala/processor/Top.scala. Using presentation compiler with project's scala-library version: 3.3.8[0m
2026.09.15 14:39:18 INFO  no build target found for /home/amirali671/Documents/A.Rehman/Shadow/src/main/scala/processor/Top.scala. Using presentation compiler with project's scala-library version: 3.3.8[0m
2026.09.15 14:39:18 INFO  no build target found for /home/amirali671/Documents/A.Rehman/Shadow/src/main/scala/processor/Top.scala. Using presentation compiler with project's scala-library version: 3.3.8[0m
2026.09.15 14:39:19 INFO  no build target found for /home/amirali671/Documents/A.Rehman/Shadow/src/main/scala/processor/Top.scala. Using presentation compiler with project's scala-library version: 3.3.8[0m
2026.09.15 14:39:18 INFO  no build target found for /home/amirali671/Documents/A.Rehman/Shadow/src/main/scala/processor/Top.scala. Using presentation compiler with project's scala-library version: 3.3.8[0m
2026.09.15 14:39:19 INFO  no build target found for /home/amirali671/Documents/A.Rehman/Shadow/src/main/scala/processor/Top.scala. Using presentation compiler with project's scala-library version: 3.3.8[0m
2026.09.15 14:39:19 INFO  no build target found for /home/amirali671/Documents/A.Rehman/Shadow/src/main/scala/processor/Top.scala. Using presentation compiler with project's scala-library version: 3.3.8[0m
2026.09.15 14:39:19 INFO  no build target found for /home/amirali671/Documents/A.Rehman/Shadow/src/main/scala/processor/Top.scala. Using presentation compiler with project's scala-library version: 3.3.8[0m
2026.09.15 14:39:20 INFO  no build target found for /home/amirali671/Documents/A.Rehman/Shadow/src/main/scala/processor/Top.scala. Using presentation compiler with project's scala-library version: 3.3.8[0m
2026.09.15 14:39:19 INFO  no build target found for /home/amirali671/Documents/A.Rehman/Shadow/src/main/scala/processor/Top.scala. Using presentation compiler with project's scala-library version: 3.3.8[0m
2026.09.15 14:39:20 WARN  no build target for: /home/amirali671/Documents/A.Rehman/Shadow/src/main/scala/processor/Top.scala[0m
2026.09.15 14:39:34 INFO  no build target found for /home/amirali671/Documents/A.Rehman/Shadow/src/main/scala/processor/Top.scala. Using presentation compiler with project's scala-library version: 3.3.8[0m
2026.09.15 14:39:34 INFO  no build target found for /home/amirali671/Documents/A.Rehman/Shadow/src/main/scala/processor/Top.scala. Using presentation compiler with project's scala-library version: 3.3.8[0m
2026.09.15 14:39:34 INFO  no build target found for /home/amirali671/Documents/A.Rehman/Shadow/src/main/scala/processor/Top.scala. Using presentation compiler with project's scala-library version: 3.3.8[0m
2026.09.15 14:39:35 INFO  no build target found for /home/amirali671/Documents/A.Rehman/Shadow/src/main/scala/processor/Top.scala. Using presentation compiler with project's scala-library version: 3.3.8[0m
2026.09.15 14:39:35 WARN  no build target for: /home/amirali671/Documents/A.Rehman/Shadow/src/main/scala/processor/Top.scala[0m
2026.09.15 14:39:52 INFO  no build target found for /home/amirali671/Documents/A.Rehman/Shadow/src/main/scala/processor/Top.scala. Using presentation compiler with project's scala-library version: 3.3.8[0m
2026.09.15 14:39:52 INFO  no build target found for /home/amirali671/Documents/A.Rehman/Shadow/src/main/scala/processor/Top.scala. Using presentation compiler with project's scala-library version: 3.3.8[0m
2026.09.15 14:39:52 INFO  no build target found for /home/amirali671/Documents/A.Rehman/Shadow/src/main/scala/processor/Top.scala. Using presentation compiler with project's scala-library version: 3.3.8[0m
2026.09.15 14:39:52 INFO  no build target found for /home/amirali671/Documents/A.Rehman/Shadow/src/main/scala/processor/Top.scala. Using presentation compiler with project's scala-library version: 3.3.8[0m
2026.09.15 14:39:52 INFO  no build target found for /home/amirali671/Documents/A.Rehman/Shadow/src/main/scala/processor/Top.scala. Using presentation compiler with project's scala-library version: 3.3.8[0m
2026.09.15 14:39:52 INFO  no build target found for /home/amirali671/Documents/A.Rehman/Shadow/src/main/scala/processor/Top.scala. Using presentation compiler with project's scala-library version: 3.3.8[0m
2026.09.15 14:39:54 INFO  no build target found for /home/amirali671/Documents/A.Rehman/Shadow/src/main/scala/processor/Top.scala. Using presentation compiler with project's scala-library version: 3.3.8[0m
2026.09.15 14:39:54 INFO  no build target found for /home/amirali671/Documents/A.Rehman/Shadow/src/main/scala/processor/Top.scala. Using presentation compiler with project's scala-library version: 3.3.8[0m
2026.09.15 14:39:54 INFO  no build target found for /home/amirali671/Documents/A.Rehman/Shadow/src/main/scala/processor/Top.scala. Using presentation compiler with project's scala-library version: 3.3.8[0m
2026.09.15 14:39:54 INFO  no build target found for /home/amirali671/Documents/A.Rehman/Shadow/src/main/scala/processor/Top.scala. Using presentation compiler with project's scala-library version: 3.3.8[0m
2026.09.15 14:39:54 INFO  no build target found for /home/amirali671/Documents/A.Rehman/Shadow/src/main/scala/processor/Top.scala. Using presentation compiler with project's scala-library version: 3.3.8[0m
2026.09.15 14:39:54 INFO  no build target found for /home/amirali671/Documents/A.Rehman/Shadow/src/main/scala/processor/Top.scala. Using presentation compiler with project's scala-library version: 3.3.8[0m
2026.09.15 14:39:54 INFO  no build target found for /home/amirali671/Documents/A.Rehman/Shadow/src/main/scala/processor/Top.scala. Using presentation compiler with project's scala-library version: 3.3.8[0m
2026.09.15 14:39:55 INFO  no build target found for /home/amirali671/Documents/A.Rehman/Shadow/src/main/scala/processor/Top.scala. Using presentation compiler with project's scala-library version: 3.3.8[0m
2026.09.15 14:39:55 WARN  no build target for: /home/amirali671/Documents/A.Rehman/Shadow/src/main/scala/processor/Top.scala[0m
2026.09.15 14:39:55 INFO  no build target found for /home/amirali671/Documents/A.Rehman/Shadow/src/main/scala/processor/Top.scala. Using presentation compiler with project's scala-library version: 3.3.8[0m
2026.09.15 14:39:55 INFO  no build target found for /home/amirali671/Documents/A.Rehman/Shadow/src/main/scala/processor/Top.scala. Using presentation compiler with project's scala-library version: 3.3.8[0m
2026.09.15 14:39:55 INFO  no build target found for /home/amirali671/Documents/A.Rehman/Shadow/src/main/scala/processor/Top.scala. Using presentation compiler with project's scala-library version: 3.3.8[0m
2026.09.15 14:39:56 INFO  no build target found for /home/amirali671/Documents/A.Rehman/Shadow/src/main/scala/processor/Top.scala. Using presentation compiler with project's scala-library version: 3.3.8[0m
2026.09.15 14:39:56 WARN  no build target for: /home/amirali671/Documents/A.Rehman/Shadow/src/main/scala/processor/Top.scala[0m
2026.09.16 11:25:19 INFO  no build target found for /home/amirali671/Documents/A.Rehman/Shadow/src/main/scala/processor/Top.scala. Using presentation compiler with project's scala-library version: 3.3.8[0m
2026.09.16 11:26:50 INFO  no build target found for /home/amirali671/Documents/A.Rehman/Shadow/src/main/scala/processor/Top.scala. Using presentation compiler with project's scala-library version: 3.3.8[0m
2026.09.16 11:26:57 INFO  no build target found for /home/amirali671/Documents/A.Rehman/Shadow/src/main/scala/processor/Top.scala. Using presentation compiler with project's scala-library version: 3.3.8[0m
2026.09.16 11:27:06 INFO  no build target found for /home/amirali671/Documents/A.Rehman/Shadow/src/main/scala/processor/TypeController.scala. Using presentation compiler with project's scala-library version: 3.3.8[0m
2026.09.16 11:27:06 INFO  no build target found for /home/amirali671/Documents/A.Rehman/Shadow/src/test/scala/processor/PCTest.scala. Using presentation compiler with project's scala-library version: 3.3.8[0m
2026.09.16 11:27:06 WARN  no build target for: /home/amirali671/Documents/A.Rehman/Shadow/src/test/scala/processor/PCTest.scala[0m
2026.09.16 11:27:06 INFO  no build target found for /home/amirali671/Documents/A.Rehman/Shadow/src/test/scala/processor/PCTest.scala. Using presentation compiler with project's scala-library version: 3.3.8[0m
2026.09.16 11:27:06 INFO  no build target found for /home/amirali671/Documents/A.Rehman/Shadow/src/test/scala/processor/PCTest.scala. Using presentation compiler with project's scala-library version: 3.3.8[0m
2026.09.16 11:27:12 INFO  no build target found for /home/amirali671/Documents/A.Rehman/Shadow/src/test/scala/processor/PCTest.scala. Using presentation compiler with project's scala-library version: 3.3.8[0m
2026.09.16 11:27:12 INFO  no build target found for /home/amirali671/Documents/A.Rehman/Shadow/src/main/scala/processor/Top.scala. Using presentation compiler with project's scala-library version: 3.3.8[0m
2026.09.16 11:27:13 WARN  no build target for: /home/amirali671/Documents/A.Rehman/Shadow/src/main/scala/processor/Top.scala[0m
2026.09.16 11:27:12 INFO  no build target found for /home/amirali671/Documents/A.Rehman/Shadow/src/main/scala/processor/Top.scala. Using presentation compiler with project's scala-library version: 3.3.8[0m
2026.09.16 11:27:12 INFO  no build target found for /home/amirali671/Documents/A.Rehman/Shadow/src/main/scala/processor/Top.scala. Using presentation compiler with project's scala-library version: 3.3.8[0m
2026.09.16 11:27:19 INFO  no build target found for /home/amirali671/Documents/A.Rehman/Shadow/src/main/scala/processor/Top.scala. Using presentation compiler with project's scala-library version: 3.3.8[0m
2026.09.16 22:26:54 INFO  no build target found for /home/amirali671/Documents/A.Rehman/Shadow/src/main/scala/processor/Top.scala. Using presentation compiler with project's scala-library version: 3.3.8[0m
2026.09.16 22:26:54 WARN  no build target for: /home/amirali671/Documents/A.Rehman/Shadow/src/main/scala/processor/Top.scala[0m
2026.09.16 22:26:54 INFO  no build target found for /home/amirali671/Documents/A.Rehman/Shadow/src/main/scala/processor/Top.scala. Using presentation compiler with project's scala-library version: 3.3.8[0m
2026.09.16 22:26:54 INFO  no build target found for /home/amirali671/Documents/A.Rehman/Shadow/src/main/scala/processor/Top.scala. Using presentation compiler with project's scala-library version: 3.3.8[0m
2026.09.16 22:26:57 INFO  no build target found for /home/amirali671/Documents/A.Rehman/Shadow/src/main/scala/processor/Top.scala. Using presentation compiler with project's scala-library version: 3.3.8[0m
2026.09.16 22:26:59 INFO  no build target found for /home/amirali671/Documents/A.Rehman/Shadow/src/main/scala/processor/Top.scala. Using presentation compiler with project's scala-library version: 3.3.8[0m
2026.09.16 22:26:59 INFO  no build target found for /home/amirali671/Documents/A.Rehman/Shadow/src/main/scala/processor/Top.scala. Using presentation compiler with project's scala-library version: 3.3.8[0m
2026.09.16 22:26:59 INFO  no build target found for /home/amirali671/Documents/A.Rehman/Shadow/src/main/scala/processor/Top.scala. Using presentation compiler with project's scala-library version: 3.3.8[0m
2026.09.16 22:27:00 WARN  no build target for: /home/amirali671/Documents/A.Rehman/Shadow/src/main/scala/processor/Top.scala[0m
2026.09.16 22:27:03 INFO  no build target found for /home/amirali671/Documents/A.Rehman/Shadow/src/main/scala/processor/Top.scala. Using presentation compiler with project's scala-library version: 3.3.8[0m
2026.09.16 22:27:03 INFO  no build target found for /home/amirali671/Documents/A.Rehman/Shadow/src/main/scala/processor/Top.scala. Using presentation compiler with project's scala-library version: 3.3.8[0m
2026.09.16 22:27:03 INFO  no build target found for /home/amirali671/Documents/A.Rehman/Shadow/src/main/scala/processor/Top.scala. Using presentation compiler with project's scala-library version: 3.3.8[0m
2026.09.16 22:27:04 INFO  no build target found for /home/amirali671/Documents/A.Rehman/Shadow/src/main/scala/processor/Top.scala. Using presentation compiler with project's scala-library version: 3.3.8[0m
2026.09.16 22:27:04 WARN  no build target for: /home/amirali671/Documents/A.Rehman/Shadow/src/main/scala/processor/Top.scala[0m
2026.09.16 22:27:05 INFO  no build target found for /home/amirali671/Documents/A.Rehman/Shadow/src/main/scala/processor/Top.scala. Using presentation compiler with project's scala-library version: 3.3.8[0m
2026.09.16 22:27:05 INFO  no build target found for /home/amirali671/Documents/A.Rehman/Shadow/src/main/scala/processor/Top.scala. Using presentation compiler with project's scala-library version: 3.3.8[0m
2026.09.16 22:27:07 INFO  no build target found for /home/amirali671/Documents/A.Rehman/Shadow/src/main/scala/processor/Top.scala. Using presentation compiler with project's scala-library version: 3.3.8[0m
2026.09.16 22:27:07 INFO  no build target found for /home/amirali671/Documents/A.Rehman/Shadow/src/main/scala/processor/Top.scala. Using presentation compiler with project's scala-library version: 3.3.8[0m
2026.09.16 22:27:07 INFO  no build target found for /home/amirali671/Documents/A.Rehman/Shadow/src/main/scala/processor/Top.scala. Using presentation compiler with project's scala-library version: 3.3.8[0m
2026.09.16 22:27:08 WARN  no build target for: /home/amirali671/Documents/A.Rehman/Shadow/src/main/scala/processor/Top.scala[0m
2026.09.16 22:27:08 INFO  no build target found for /home/amirali671/Documents/A.Rehman/Shadow/src/main/scala/processor/Top.scala. Using presentation compiler with project's scala-library version: 3.3.8[0m
2026.09.16 22:27:10 INFO  no build target found for /home/amirali671/Documents/A.Rehman/Shadow/src/main/scala/processor/Top.scala. Using presentation compiler with project's scala-library version: 3.3.8[0m
2026.09.16 22:27:10 INFO  no build target found for /home/amirali671/Documents/A.Rehman/Shadow/src/main/scala/processor/Top.scala. Using presentation compiler with project's scala-library version: 3.3.8[0m
2026.09.16 22:27:10 INFO  no build target found for /home/amirali671/Documents/A.Rehman/Shadow/src/main/scala/processor/Top.scala. Using presentation compiler with project's scala-library version: 3.3.8[0m
2026.09.16 22:27:11 INFO  no build target found for /home/amirali671/Documents/A.Rehman/Shadow/src/main/scala/processor/Top.scala. Using presentation compiler with project's scala-library version: 3.3.8[0m
2026.09.16 22:27:11 INFO  no build target found for /home/amirali671/Documents/A.Rehman/Shadow/src/main/scala/processor/Top.scala. Using presentation compiler with project's scala-library version: 3.3.8[0m
2026.09.16 22:27:11 INFO  no build target found for /home/amirali671/Documents/A.Rehman/Shadow/src/main/scala/processor/Top.scala. Using presentation compiler with project's scala-library version: 3.3.8[0m
2026.09.16 22:27:12 INFO  no build target found for /home/amirali671/Documents/A.Rehman/Shadow/src/main/scala/processor/Top.scala. Using presentation compiler with project's scala-library version: 3.3.8[0m
2026.09.16 22:27:12 INFO  no build target found for /home/amirali671/Documents/A.Rehman/Shadow/src/main/scala/processor/Top.scala. Using presentation compiler with project's scala-library version: 3.3.8[0m
2026.09.16 22:27:13 WARN  no build target for: /home/amirali671/Documents/A.Rehman/Shadow/src/main/scala/processor/Top.scala[0m
2026.09.16 22:27:12 INFO  no build target found for /home/amirali671/Documents/A.Rehman/Shadow/src/main/scala/processor/Top.scala. Using presentation compiler with project's scala-library version: 3.3.8[0m
2026.09.16 22:27:13 INFO  no build target found for /home/amirali671/Documents/A.Rehman/Shadow/src/main/scala/processor/Top.scala. Using presentation compiler with project's scala-library version: 3.3.8[0m
2026.09.16 22:27:13 INFO  no build target found for /home/amirali671/Documents/A.Rehman/Shadow/src/main/scala/processor/Top.scala. Using presentation compiler with project's scala-library version: 3.3.8[0m
2026.09.16 22:27:13 INFO  no build target found for /home/amirali671/Documents/A.Rehman/Shadow/src/main/scala/processor/Top.scala. Using presentation compiler with project's scala-library version: 3.3.8[0m
2026.09.16 22:27:13 INFO  no build target found for /home/amirali671/Documents/A.Rehman/Shadow/src/main/scala/processor/Top.scala. Using presentation compiler with project's scala-library version: 3.3.8[0m
2026.09.16 22:27:13 INFO  no build target found for /home/amirali671/Documents/A.Rehman/Shadow/src/main/scala/processor/Top.scala. Using presentation compiler with project's scala-library version: 3.3.8[0m
2026.09.16 22:27:14 INFO  no build target found for /home/amirali671/Documents/A.Rehman/Shadow/src/main/scala/processor/Top.scala. Using presentation compiler with project's scala-library version: 3.3.8[0m
2026.09.16 22:27:14 INFO  no build target found for /home/amirali671/Documents/A.Rehman/Shadow/src/main/scala/processor/Top.scala. Using presentation compiler with project's scala-library version: 3.3.8[0m
2026.09.16 22:27:14 INFO  no build target found for /home/amirali671/Documents/A.Rehman/Shadow/src/main/scala/processor/Top.scala. Using presentation compiler with project's scala-library version: 3.3.8[0m
2026.09.16 22:27:14 INFO  no build target found for /home/amirali671/Documents/A.Rehman/Shadow/src/main/scala/processor/Top.scala. Using presentation compiler with project's scala-library version: 3.3.8[0m
2026.09.16 22:27:14 INFO  no build target found for /home/amirali671/Documents/A.Rehman/Shadow/src/main/scala/processor/Top.scala. Using presentation compiler with project's scala-library version: 3.3.8[0m
2026.09.16 22:27:14 INFO  no build target found for /home/amirali671/Documents/A.Rehman/Shadow/src/main/scala/processor/Top.scala. Using presentation compiler with project's scala-library version: 3.3.8[0m
2026.09.16 22:27:14 INFO  no build target found for /home/amirali671/Documents/A.Rehman/Shadow/src/main/scala/processor/Top.scala. Using presentation compiler with project's scala-library version: 3.3.8[0m
2026.09.16 22:27:15 INFO  no build target found for /home/amirali671/Documents/A.Rehman/Shadow/src/main/scala/processor/Top.scala. Using presentation compiler with project's scala-library version: 3.3.8[0m
2026.09.16 22:27:16 INFO  no build target found for /home/amirali671/Documents/A.Rehman/Shadow/src/main/scala/processor/Top.scala. Using presentation compiler with project's scala-library version: 3.3.8[0m
2026.09.16 22:27:15 INFO  no build target found for /home/amirali671/Documents/A.Rehman/Shadow/src/main/scala/processor/Top.scala. Using presentation compiler with project's scala-library version: 3.3.8[0m
2026.09.16 22:27:16 WARN  no build target for: /home/amirali671/Documents/A.Rehman/Shadow/src/main/scala/processor/Top.scala[0m
2026.09.16 22:28:10 INFO  no build target found for /home/amirali671/Documents/A.Rehman/Shadow/src/test/scala/processor/TopTest.scala. Using presentation compiler with project's scala-library version: 3.3.8[0m
2026.09.16 22:28:10 WARN  no build target for: /home/amirali671/Documents/A.Rehman/Shadow/src/test/scala/processor/TopTest.scala[0m
2026.09.16 22:28:10 INFO  no build target found for /home/amirali671/Documents/A.Rehman/Shadow/src/test/scala/processor/TopTest.scala. Using presentation compiler with project's scala-library version: 3.3.8[0m
2026.09.16 22:28:10 INFO  no build target found for /home/amirali671/Documents/A.Rehman/Shadow/src/test/scala/processor/TopTest.scala. Using presentation compiler with project's scala-library version: 3.3.8[0m
2026.09.16 22:28:10 INFO  no build target found for /home/amirali671/Documents/A.Rehman/Shadow/src/test/scala/processor/TopTest.scala. Using presentation compiler with project's scala-library version: 3.3.8[0m
2026.09.16 22:28:11 INFO  no build target found for /home/amirali671/Documents/A.Rehman/Shadow/src/test/scala/processor/TopTest.scala. Using presentation compiler with project's scala-library version: 3.3.8[0m
2026.09.16 22:28:11 INFO  no build target found for /home/amirali671/Documents/A.Rehman/Shadow/src/test/scala/processor/TopTest.scala. Using presentation compiler with project's scala-library version: 3.3.8[0m
2026.09.16 22:28:11 INFO  no build target found for /home/amirali671/Documents/A.Rehman/Shadow/src/test/scala/processor/TopTest.scala. Using presentation compiler with project's scala-library version: 3.3.8[0m
2026.09.16 22:28:12 INFO  no build target found for /home/amirali671/Documents/A.Rehman/Shadow/src/test/scala/processor/TopTest.scala. Using presentation compiler with project's scala-library version: 3.3.8[0m
2026.09.16 22:28:12 INFO  no build target found for /home/amirali671/Documents/A.Rehman/Shadow/src/test/scala/processor/TopTest.scala. Using presentation compiler with project's scala-library version: 3.3.8[0m
2026.09.16 22:28:12 INFO  no build target found for /home/amirali671/Documents/A.Rehman/Shadow/src/test/scala/processor/TopTest.scala. Using presentation compiler with project's scala-library version: 3.3.8[0m
2026.09.16 22:28:13 WARN  no build target for: /home/amirali671/Documents/A.Rehman/Shadow/src/test/scala/processor/TopTest.scala[0m
2026.09.16 23:13:31 INFO  no build target found for /home/amirali671/Documents/A.Rehman/Shadow/src/main/scala/processor/Top.scala. Using presentation compiler with project's scala-library version: 3.3.8[0m
2026.09.16 23:13:31 WARN  no build target for: /home/amirali671/Documents/A.Rehman/Shadow/src/main/scala/processor/Top.scala[0m
2026.09.16 23:13:31 INFO  no build target found for /home/amirali671/Documents/A.Rehman/Shadow/src/main/scala/processor/Top.scala. Using presentation compiler with project's scala-library version: 3.3.8[0m
2026.09.16 23:13:31 INFO  no build target found for /home/amirali671/Documents/A.Rehman/Shadow/src/main/scala/processor/Top.scala. Using presentation compiler with project's scala-library version: 3.3.8[0m
2026.09.16 23:13:31 INFO  no build target found for /home/amirali671/Documents/A.Rehman/Shadow/src/main/scala/processor/Top.scala. Using presentation compiler with project's scala-library version: 3.3.8[0m
2026.09.17 13:33:12 INFO  no build target found for /home/amirali671/Documents/A.Rehman/Shadow/src/main/scala/processor/Top.scala. Using presentation compiler with project's scala-library version: 3.3.8[0m
2026.09.17 13:33:13 INFO  no build target found for /home/amirali671/Documents/A.Rehman/Shadow/src/main/scala/processor/Top.scala. Using presentation compiler with project's scala-library version: 3.3.8[0m
2026.09.17 13:34:48 INFO  no build target found for /home/amirali671/Documents/A.Rehman/Shadow/src/test/scala/processor/TopTest.scala. Using presentation compiler with project's scala-library version: 3.3.8[0m
2026.09.17 13:34:48 WARN  no build target for: /home/amirali671/Documents/A.Rehman/Shadow/src/test/scala/processor/TopTest.scala[0m
2026.09.17 13:34:48 INFO  no build target found for /home/amirali671/Documents/A.Rehman/Shadow/src/test/scala/processor/TopTest.scala. Using presentation compiler with project's scala-library version: 3.3.8[0m
2026.09.17 13:34:48 INFO  no build target found for /home/amirali671/Documents/A.Rehman/Shadow/src/test/scala/processor/TopTest.scala. Using presentation compiler with project's scala-library version: 3.3.8[0m
2026.09.17 13:34:48 INFO  no build target found for /home/amirali671/Documents/A.Rehman/Shadow/src/test/scala/processor/TopTest.scala. Using presentation compiler with project's scala-library version: 3.3.8[0m
2026.09.17 13:34:52 INFO  no build target found for /home/amirali671/Documents/A.Rehman/Shadow/src/test/scala/processor/TopTest.scala. Using presentation compiler with project's scala-library version: 3.3.8[0m
2026.09.17 13:34:52 INFO  no build target found for /home/amirali671/Documents/A.Rehman/Shadow/src/test/scala/processor/TopTest.scala. Using presentation compiler with project's scala-library version: 3.3.8[0m
2026.09.17 13:34:52 INFO  no build target found for /home/amirali671/Documents/A.Rehman/Shadow/src/test/scala/processor/TopTest.scala. Using presentation compiler with project's scala-library version: 3.3.8[0m
2026.09.17 13:34:53 WARN  no build target for: /home/amirali671/Documents/A.Rehman/Shadow/src/test/scala/processor/TopTest.scala[0m
2026.09.17 13:46:50 INFO  no build target found for /home/amirali671/Documents/A.Rehman/Shadow/src/main/scala/processor/ALU.scala. Using presentation compiler with project's scala-library version: 3.3.8[0m
2026.09.17 13:46:50 INFO  no build target found for /home/amirali671/Documents/A.Rehman/Shadow/src/main/scala/processor/ALU.scala. Using presentation compiler with project's scala-library version: 3.3.8[0m
2026.09.17 13:46:50 WARN  no build target for: /home/amirali671/Documents/A.Rehman/Shadow/src/main/scala/processor/ALU.scala[0m
2026.09.17 13:46:50 INFO  no build target found for /home/amirali671/Documents/A.Rehman/Shadow/src/main/scala/processor/ALU.scala. Using presentation compiler with project's scala-library version: 3.3.8[0m
2026.09.17 13:46:50 INFO  no build target found for /home/amirali671/Documents/A.Rehman/Shadow/src/main/scala/processor/ALU.scala. Using presentation compiler with project's scala-library version: 3.3.8[0m
2026.09.17 13:46:50 INFO  no build target found for /home/amirali671/Documents/A.Rehman/Shadow/src/main/scala/processor/ALU.scala. Using presentation compiler with project's scala-library version: 3.3.8[0m
2026.09.17 13:46:57 INFO  no build target found for /home/amirali671/Documents/A.Rehman/Shadow/src/main/scala/processor/ALUControl.scala. Using presentation compiler with project's scala-library version: 3.3.8[0m
2026.09.17 13:46:57 WARN  no build target for: /home/amirali671/Documents/A.Rehman/Shadow/src/main/scala/processor/ALUControl.scala[0m
2026.09.17 13:46:57 INFO  no build target found for /home/amirali671/Documents/A.Rehman/Shadow/src/main/scala/processor/ALUControl.scala. Using presentation compiler with project's scala-library version: 3.3.8[0m
2026.09.17 13:46:57 INFO  no build target found for /home/amirali671/Documents/A.Rehman/Shadow/src/main/scala/processor/ALUControl.scala. Using presentation compiler with project's scala-library version: 3.3.8[0m
2026.09.17 13:47:01 INFO  no build target found for /home/amirali671/Documents/A.Rehman/Shadow/src/main/scala/processor/ALU.scala. Using presentation compiler with project's scala-library version: 3.3.8[0m
2026.09.17 13:47:01 INFO  no build target found for /home/amirali671/Documents/A.Rehman/Shadow/src/main/scala/processor/AluOp.scala. Using presentation compiler with project's scala-library version: 3.3.8[0m
2026.09.17 13:47:01 WARN  no build target for: /home/amirali671/Documents/A.Rehman/Shadow/src/main/scala/processor/AluOp.scala[0m
2026.09.17 13:47:01 INFO  no build target found for /home/amirali671/Documents/A.Rehman/Shadow/src/main/scala/processor/AluOp.scala. Using presentation compiler with project's scala-library version: 3.3.8[0m
2026.09.17 13:47:01 INFO  no build target found for /home/amirali671/Documents/A.Rehman/Shadow/src/main/scala/processor/AluOp.scala. Using presentation compiler with project's scala-library version: 3.3.8[0m
2026.09.17 13:47:01 INFO  no build target found for /home/amirali671/Documents/A.Rehman/Shadow/src/main/scala/processor/AluOp.scala. Using presentation compiler with project's scala-library version: 3.3.8[0m
2026.09.17 13:47:04 INFO  no build target found for /home/amirali671/Documents/A.Rehman/Shadow/src/main/scala/processor/AluOp.scala. Using presentation compiler with project's scala-library version: 3.3.8[0m
2026.09.17 13:47:04 INFO  no build target found for /home/amirali671/Documents/A.Rehman/Shadow/src/main/scala/processor/Branch.scala. Using presentation compiler with project's scala-library version: 3.3.8[0m
2026.09.17 13:47:04 WARN  no build target for: /home/amirali671/Documents/A.Rehman/Shadow/src/main/scala/processor/Branch.scala[0m
2026.09.17 13:47:04 INFO  no build target found for /home/amirali671/Documents/A.Rehman/Shadow/src/main/scala/processor/Branch.scala. Using presentation compiler with project's scala-library version: 3.3.8[0m
2026.09.17 13:47:04 INFO  no build target found for /home/amirali671/Documents/A.Rehman/Shadow/src/main/scala/processor/Branch.scala. Using presentation compiler with project's scala-library version: 3.3.8[0m
2026.09.17 13:47:04 INFO  no build target found for /home/amirali671/Documents/A.Rehman/Shadow/src/main/scala/processor/Branch.scala. Using presentation compiler with project's scala-library version: 3.3.8[0m
2026.09.17 13:47:05 INFO  no build target found for /home/amirali671/Documents/A.Rehman/Shadow/src/main/scala/processor/Branch.scala. Using presentation compiler with project's scala-library version: 3.3.8[0m
2026.09.17 13:47:05 INFO  no build target found for /home/amirali671/Documents/A.Rehman/Shadow/src/main/scala/processor/Conditionsf3.scala. Using presentation compiler with project's scala-library version: 3.3.8[0m
2026.09.17 13:47:05 WARN  no build target for: /home/amirali671/Documents/A.Rehman/Shadow/src/main/scala/processor/Conditionsf3.scala[0m
2026.09.17 13:47:05 INFO  no build target found for /home/amirali671/Documents/A.Rehman/Shadow/src/main/scala/processor/Conditionsf3.scala. Using presentation compiler with project's scala-library version: 3.3.8[0m
2026.09.17 13:47:05 INFO  no build target found for /home/amirali671/Documents/A.Rehman/Shadow/src/main/scala/processor/Conditionsf3.scala. Using presentation compiler with project's scala-library version: 3.3.8[0m
2026.09.17 13:47:08 INFO  no build target found for /home/amirali671/Documents/A.Rehman/Shadow/src/main/scala/processor/Conditionsf3.scala. Using presentation compiler with project's scala-library version: 3.3.8[0m
2026.09.17 13:47:08 INFO  no build target found for /home/amirali671/Documents/A.Rehman/Shadow/src/main/scala/processor/Controller.scala. Using presentation compiler with project's scala-library version: 3.3.8[0m
2026.09.17 13:47:08 WARN  no build target for: /home/amirali671/Documents/A.Rehman/Shadow/src/main/scala/processor/Controller.scala[0m
2026.09.17 13:47:08 INFO  no build target found for /home/amirali671/Documents/A.Rehman/Shadow/src/main/scala/processor/Controller.scala. Using presentation compiler with project's scala-library version: 3.3.8[0m
2026.09.17 13:47:08 INFO  no build target found for /home/amirali671/Documents/A.Rehman/Shadow/src/main/scala/processor/Controller.scala. Using presentation compiler with project's scala-library version: 3.3.8[0m
2026.09.17 13:47:10 INFO  no build target found for /home/amirali671/Documents/A.Rehman/Shadow/src/main/scala/processor/Controller.scala. Using presentation compiler with project's scala-library version: 3.3.8[0m
2026.09.17 13:47:10 INFO  no build target found for /home/amirali671/Documents/A.Rehman/Shadow/src/main/scala/processor/ImmGen.scala. Using presentation compiler with project's scala-library version: 3.3.8[0m
2026.09.17 13:47:10 WARN  no build target for: /home/amirali671/Documents/A.Rehman/Shadow/src/main/scala/processor/ImmGen.scala[0m
2026.09.17 13:47:10 INFO  no build target found for /home/amirali671/Documents/A.Rehman/Shadow/src/main/scala/processor/ImmGen.scala. Using presentation compiler with project's scala-library version: 3.3.8[0m
2026.09.17 13:47:10 INFO  no build target found for /home/amirali671/Documents/A.Rehman/Shadow/src/main/scala/processor/ImmGen.scala. Using presentation compiler with project's scala-library version: 3.3.8[0m
2026.09.17 13:47:10 INFO  no build target found for /home/amirali671/Documents/A.Rehman/Shadow/src/main/scala/processor/ImmGen.scala. Using presentation compiler with project's scala-library version: 3.3.8[0m
2026.09.17 13:47:12 INFO  no build target found for /home/amirali671/Documents/A.Rehman/Shadow/src/main/scala/processor/ImmGen.scala. Using presentation compiler with project's scala-library version: 3.3.8[0m
2026.09.17 13:47:12 INFO  no build target found for /home/amirali671/Documents/A.Rehman/Shadow/src/main/scala/processor/ImmGen.scala. Using presentation compiler with project's scala-library version: 3.3.8[0m
2026.09.17 13:47:13 INFO  no build target found for /home/amirali671/Documents/A.Rehman/Shadow/src/main/scala/processor/InstrDecoder.scala. Using presentation compiler with project's scala-library version: 3.3.8[0m
2026.09.17 13:47:13 WARN  no build target for: /home/amirali671/Documents/A.Rehman/Shadow/src/main/scala/processor/InstrDecoder.scala[0m
2026.09.17 13:47:12 INFO  no build target found for /home/amirali671/Documents/A.Rehman/Shadow/src/main/scala/processor/InstrDecoder.scala. Using presentation compiler with project's scala-library version: 3.3.8[0m
2026.09.17 13:47:12 INFO  no build target found for /home/amirali671/Documents/A.Rehman/Shadow/src/main/scala/processor/InstrDecoder.scala. Using presentation compiler with project's scala-library version: 3.3.8[0m
2026.09.17 13:47:14 INFO  no build target found for /home/amirali671/Documents/A.Rehman/Shadow/src/main/scala/processor/InstrDecoder.scala. Using presentation compiler with project's scala-library version: 3.3.8[0m
2026.09.17 13:47:15 INFO  no build target found for /home/amirali671/Documents/A.Rehman/Shadow/src/main/scala/processor/InstrDecoder.scala. Using presentation compiler with project's scala-library version: 3.3.8[0m
2026.09.17 13:47:15 INFO  no build target found for /home/amirali671/Documents/A.Rehman/Shadow/src/main/scala/processor/IOInterface.scala. Using presentation compiler with project's scala-library version: 3.3.8[0m
2026.09.17 13:47:15 WARN  no build target for: /home/amirali671/Documents/A.Rehman/Shadow/src/main/scala/processor/IOInterface.scala[0m
2026.09.17 13:47:15 INFO  no build target found for /home/amirali671/Documents/A.Rehman/Shadow/src/main/scala/processor/IOInterface.scala. Using presentation compiler with project's scala-library version: 3.3.8[0m
2026.09.17 13:47:15 INFO  no build target found for /home/amirali671/Documents/A.Rehman/Shadow/src/main/scala/processor/IOInterface.scala. Using presentation compiler with project's scala-library version: 3.3.8[0m
2026.09.17 13:47:16 INFO  no build target found for /home/amirali671/Documents/A.Rehman/Shadow/src/main/scala/processor/IOInterface.scala. Using presentation compiler with project's scala-library version: 3.3.8[0m
2026.09.17 13:47:19 INFO  no build target found for /home/amirali671/Documents/A.Rehman/Shadow/src/main/scala/processor/IOInterface.scala. Using presentation compiler with project's scala-library version: 3.3.8[0m
2026.09.17 13:47:19 INFO  no build target found for /home/amirali671/Documents/A.Rehman/Shadow/src/main/scala/processor/JALRAdder.scala. Using presentation compiler with project's scala-library version: 3.3.8[0m
2026.09.17 13:47:19 WARN  no build target for: /home/amirali671/Documents/A.Rehman/Shadow/src/main/scala/processor/JALRAdder.scala[0m
2026.09.17 13:47:19 INFO  no build target found for /home/amirali671/Documents/A.Rehman/Shadow/src/main/scala/processor/JALRAdder.scala. Using presentation compiler with project's scala-library version: 3.3.8[0m
2026.09.17 13:47:19 INFO  no build target found for /home/amirali671/Documents/A.Rehman/Shadow/src/main/scala/processor/JALRAdder.scala. Using presentation compiler with project's scala-library version: 3.3.8[0m
2026.09.17 13:47:20 INFO  no build target found for /home/amirali671/Documents/A.Rehman/Shadow/src/main/scala/processor/JALRAdder.scala. Using presentation compiler with project's scala-library version: 3.3.8[0m
2026.09.17 13:47:20 INFO  no build target found for /home/amirali671/Documents/A.Rehman/Shadow/src/main/scala/processor/Opcode.scala. Using presentation compiler with project's scala-library version: 3.3.8[0m
2026.09.17 13:47:20 WARN  no build target for: /home/amirali671/Documents/A.Rehman/Shadow/src/main/scala/processor/Opcode.scala[0m
2026.09.17 13:47:20 INFO  no build target found for /home/amirali671/Documents/A.Rehman/Shadow/src/main/scala/processor/Opcode.scala. Using presentation compiler with project's scala-library version: 3.3.8[0m
2026.09.17 13:47:20 INFO  no build target found for /home/amirali671/Documents/A.Rehman/Shadow/src/main/scala/processor/Opcode.scala. Using presentation compiler with project's scala-library version: 3.3.8[0m
2026.09.17 13:47:20 INFO  no build target found for /home/amirali671/Documents/A.Rehman/Shadow/src/main/scala/processor/Opcode.scala. Using presentation compiler with project's scala-library version: 3.3.8[0m
2026.09.17 13:47:21 INFO  no build target found for /home/amirali671/Documents/A.Rehman/Shadow/src/main/scala/processor/Memory.scala. Using presentation compiler with project's scala-library version: 3.3.8[0m
2026.09.17 13:47:20 WARN  no build target for: /home/amirali671/Documents/A.Rehman/Shadow/src/main/scala/processor/Memory.scala[0m
2026.09.17 13:47:20 INFO  no build target found for /home/amirali671/Documents/A.Rehman/Shadow/src/main/scala/processor/Memory.scala. Using presentation compiler with project's scala-library version: 3.3.8[0m
2026.09.17 13:47:20 INFO  no build target found for /home/amirali671/Documents/A.Rehman/Shadow/src/main/scala/processor/Memory.scala. Using presentation compiler with project's scala-library version: 3.3.8[0m
2026.09.17 13:47:23 INFO  no build target found for /home/amirali671/Documents/A.Rehman/Shadow/src/main/scala/processor/Memory.scala. Using presentation compiler with project's scala-library version: 3.3.8[0m
2026.09.17 13:47:23 INFO  no build target found for /home/amirali671/Documents/A.Rehman/Shadow/src/main/scala/processor/Opcode.scala. Using presentation compiler with project's scala-library version: 3.3.8[0m
2026.09.17 13:47:23 WARN  no build target for: /home/amirali671/Documents/A.Rehman/Shadow/src/main/scala/processor/Opcode.scala[0m
2026.09.17 13:47:23 INFO  no build target found for /home/amirali671/Documents/A.Rehman/Shadow/src/main/scala/processor/Opcode.scala. Using presentation compiler with project's scala-library version: 3.3.8[0m
2026.09.17 13:47:23 INFO  no build target found for /home/amirali671/Documents/A.Rehman/Shadow/src/main/scala/processor/Opcode.scala. Using presentation compiler with project's scala-library version: 3.3.8[0m
2026.09.17 13:47:24 INFO  no build target found for /home/amirali671/Documents/A.Rehman/Shadow/src/main/scala/processor/PriEncoder.scala. Using presentation compiler with project's scala-library version: 3.3.8[0m
2026.09.17 13:47:24 WARN  no build target for: /home/amirali671/Documents/A.Rehman/Shadow/src/main/scala/processor/PriEncoder.scala[0m
2026.09.17 13:47:24 INFO  no build target found for /home/amirali671/Documents/A.Rehman/Shadow/src/main/scala/processor/PriEncoder.scala. Using presentation compiler with project's scala-library version: 3.3.8[0m
2026.09.17 13:47:24 INFO  no build target found for /home/amirali671/Documents/A.Rehman/Shadow/src/main/scala/processor/PriEncoder.scala. Using presentation compiler with project's scala-library version: 3.3.8[0m
2026.09.17 13:47:24 INFO  no build target found for /home/amirali671/Documents/A.Rehman/Shadow/src/main/scala/processor/Opcode.scala. Using presentation compiler with project's scala-library version: 3.3.8[0m
2026.09.17 13:47:25 INFO  no build target found for /home/amirali671/Documents/A.Rehman/Shadow/src/main/scala/processor/PC.scala. Using presentation compiler with project's scala-library version: 3.3.8[0m
2026.09.17 13:47:25 WARN  no build target for: /home/amirali671/Documents/A.Rehman/Shadow/src/main/scala/processor/PC.scala[0m
2026.09.17 13:47:24 INFO  no build target found for /home/amirali671/Documents/A.Rehman/Shadow/src/main/scala/processor/PC.scala. Using presentation compiler with project's scala-library version: 3.3.8[0m
2026.09.17 13:47:26 INFO  no build target found for /home/amirali671/Documents/A.Rehman/Shadow/src/main/scala/processor/PriEncoder.scala. Using presentation compiler with project's scala-library version: 3.3.8[0m
2026.09.17 13:47:26 WARN  no build target for: /home/amirali671/Documents/A.Rehman/Shadow/src/main/scala/processor/PriEncoder.scala[0m
2026.09.17 13:47:26 INFO  no build target found for /home/amirali671/Documents/A.Rehman/Shadow/src/main/scala/processor/PriEncoder.scala. Using presentation compiler with project's scala-library version: 3.3.8[0m
2026.09.17 13:47:26 INFO  no build target found for /home/amirali671/Documents/A.Rehman/Shadow/src/main/scala/processor/PriEncoder.scala. Using presentation compiler with project's scala-library version: 3.3.8[0m
2026.09.17 13:47:29 INFO  no build target found for /home/amirali671/Documents/A.Rehman/Shadow/src/main/scala/processor/PC.scala. Using presentation compiler with project's scala-library version: 3.3.8[0m
2026.09.17 13:47:29 INFO  no build target found for /home/amirali671/Documents/A.Rehman/Shadow/src/main/scala/processor/RegisterFile.scala. Using presentation compiler with project's scala-library version: 3.3.8[0m
2026.09.17 13:47:29 WARN  no build target for: /home/amirali671/Documents/A.Rehman/Shadow/src/main/scala/processor/RegisterFile.scala[0m
2026.09.17 13:47:29 INFO  no build target found for /home/amirali671/Documents/A.Rehman/Shadow/src/main/scala/processor/RegisterFile.scala. Using presentation compiler with project's scala-library version: 3.3.8[0m
2026.09.17 13:47:29 INFO  no build target found for /home/amirali671/Documents/A.Rehman/Shadow/src/main/scala/processor/RegisterFile.scala. Using presentation compiler with project's scala-library version: 3.3.8[0m
2026.09.17 13:47:32 INFO  no build target found for /home/amirali671/Documents/A.Rehman/Shadow/src/main/scala/processor/RegisterFile.scala. Using presentation compiler with project's scala-library version: 3.3.8[0m
2026.09.17 13:47:32 INFO  no build target found for /home/amirali671/Documents/A.Rehman/Shadow/src/main/scala/processor/SignalController.scala. Using presentation compiler with project's scala-library version: 3.3.8[0m
2026.09.17 13:47:32 WARN  no build target for: /home/amirali671/Documents/A.Rehman/Shadow/src/main/scala/processor/SignalController.scala[0m
2026.09.17 13:47:32 INFO  no build target found for /home/amirali671/Documents/A.Rehman/Shadow/src/main/scala/processor/SignalController.scala. Using presentation compiler with project's scala-library version: 3.3.8[0m
2026.09.17 13:47:32 INFO  no build target found for /home/amirali671/Documents/A.Rehman/Shadow/src/main/scala/processor/SignalController.scala. Using presentation compiler with project's scala-library version: 3.3.8[0m
2026.09.17 13:47:36 INFO  no build target found for /home/amirali671/Documents/A.Rehman/Shadow/src/main/scala/processor/SignalController.scala. Using presentation compiler with project's scala-library version: 3.3.8[0m
2026.09.17 13:47:36 INFO  no build target found for /home/amirali671/Documents/A.Rehman/Shadow/src/main/scala/processor/SyncDataMem.scala. Using presentation compiler with project's scala-library version: 3.3.8[0m
2026.09.17 13:47:36 WARN  no build target for: /home/amirali671/Documents/A.Rehman/Shadow/src/main/scala/processor/SyncDataMem.scala[0m
2026.09.17 13:47:36 INFO  no build target found for /home/amirali671/Documents/A.Rehman/Shadow/src/main/scala/processor/SyncDataMem.scala. Using presentation compiler with project's scala-library version: 3.3.8[0m
2026.09.17 13:47:36 INFO  no build target found for /home/amirali671/Documents/A.Rehman/Shadow/src/main/scala/processor/SyncDataMem.scala. Using presentation compiler with project's scala-library version: 3.3.8[0m
2026.09.17 13:47:39 INFO  no build target found for /home/amirali671/Documents/A.Rehman/Shadow/src/main/scala/processor/Top.scala. Using presentation compiler with project's scala-library version: 3.3.8[0m
2026.09.17 13:47:39 WARN  no build target for: /home/amirali671/Documents/A.Rehman/Shadow/src/main/scala/processor/Top.scala[0m
2026.09.17 13:47:39 INFO  no build target found for /home/amirali671/Documents/A.Rehman/Shadow/src/main/scala/processor/Top.scala. Using presentation compiler with project's scala-library version: 3.3.8[0m
2026.09.17 13:47:39 INFO  no build target found for /home/amirali671/Documents/A.Rehman/Shadow/src/main/scala/processor/Top.scala. Using presentation compiler with project's scala-library version: 3.3.8[0m
2026.09.17 13:47:45 INFO  no build target found for /home/amirali671/Documents/A.Rehman/Shadow/src/main/scala/processor/SyncDataMem.scala. Using presentation compiler with project's scala-library version: 3.3.8[0m
2026.09.17 13:47:45 INFO  no build target found for /home/amirali671/Documents/A.Rehman/Shadow/src/main/scala/processor/TypeController.scala. Using presentation compiler with project's scala-library version: 3.3.8[0m
2026.09.17 13:47:45 WARN  no build target for: /home/amirali671/Documents/A.Rehman/Shadow/src/main/scala/processor/TypeController.scala[0m
2026.09.17 13:47:45 INFO  no build target found for /home/amirali671/Documents/A.Rehman/Shadow/src/main/scala/processor/TypeController.scala. Using presentation compiler with project's scala-library version: 3.3.8[0m
2026.09.17 13:47:45 INFO  no build target found for /home/amirali671/Documents/A.Rehman/Shadow/src/main/scala/processor/TypeController.scala. Using presentation compiler with project's scala-library version: 3.3.8[0m
2026.09.17 13:47:51 INFO  no build target found for /home/amirali671/Documents/A.Rehman/Shadow/src/main/scala/processor/Top.scala. Using presentation compiler with project's scala-library version: 3.3.8[0m
2026.09.17 13:47:51 INFO  no build target found for /home/amirali671/Documents/A.Rehman/Shadow/src/test/scala/processor/TopTest.scala. Using presentation compiler with project's scala-library version: 3.3.8[0m
2026.09.17 13:47:51 INFO  no build target found for /home/amirali671/Documents/A.Rehman/Shadow/src/main/scala/processor/ALUControl.scala. Using presentation compiler with project's scala-library version: 3.3.8[0m
2026.09.17 13:47:51 INFO  no build target found for /home/amirali671/Documents/A.Rehman/Shadow/src/main/scala/processor/PriEncoder.scala. Using presentation compiler with project's scala-library version: 3.3.8[0m
2026.09.17 13:47:51 INFO  no build target found for /home/amirali671/Documents/A.Rehman/Shadow/src/main/scala/processor/TypeController.scala. Using presentation compiler with project's scala-library version: 3.3.8[0m
Sep 18, 2026 10:55:35 AM org.eclipse.lsp4j.jsonrpc.services.GenericEndpoint notify
INFO: Unsupported notification method: $/setTrace
2026.09.26 10:47:20 INFO  Started: Metals version 1.6.9 in folders '/home/amirali671/Documents/A.Rehman/Shadow' for client Visual Studio Code 1.139.1.[0m
2026.09.26 10:47:20 INFO  time: initialize in 0.12s[0m
2026.09.26 10:47:20 INFO  Memory monitor started[0m
2026.09.26 10:47:22 WARN  Using H2 2.5.250 which is newer than the version Flyway has been verified with. The latest verified version of H2 is 2.3.232.[0m
2026.09.26 10:47:22 INFO  no build target found for /home/amirali671/Documents/A.Rehman/Shadow/src/main/scala/processor/Top.scala. Using presentation compiler with project's scala-library version: 3.3.8[0m
Sep 26, 2026 10:47:26 AM org.eclipse.lsp4j.jsonrpc.RemoteEndpoint handleCancellation
WARNING: Unmatched cancel notification for request id 2
Sep 26, 2026 10:47:26 AM org.eclipse.lsp4j.jsonrpc.RemoteEndpoint handleCancellation
WARNING: Unmatched cancel notification for request id 1
2026.09.26 10:47:26 INFO  no build target found for /home/amirali671/Documents/A.Rehman/Shadow/src/main/scala/processor/Top.scala. Using presentation compiler with project's scala-library version: 3.3.8[0m
2026.09.26 10:47:26 INFO  Attempting to connect to the build server...[0m
2026.09.26 10:47:26 INFO  No running Bloop server found, starting one.[0m
2026.09.26 10:47:31 INFO  no build target found for /home/amirali671/Documents/A.Rehman/Shadow/src/main/scala/processor/Core.scala. Using presentation compiler with project's scala-library version: 3.3.8[0m
2026.09.26 10:47:32 WARN  no build target for: /home/amirali671/Documents/A.Rehman/Shadow/src/main/scala/processor/Core.scala[0m
2026.09.26 10:47:32 INFO  no build target found for /home/amirali671/Documents/A.Rehman/Shadow/src/main/scala/processor/Core.scala. Using presentation compiler with project's scala-library version: 3.3.8[0m
Sep 26, 2026 10:47:33 AM org.eclipse.lsp4j.jsonrpc.RemoteEndpoint handleCancellation
WARNING: Unmatched cancel notification for request id 7
2026.09.26 10:47:32 INFO  no build target found for /home/amirali671/Documents/A.Rehman/Shadow/src/main/scala/processor/Core.scala. Using presentation compiler with project's scala-library version: 3.3.8[0m
2026.09.26 10:47:32 INFO  no build target found for /home/amirali671/Documents/A.Rehman/Shadow/src/main/scala/processor/Core.scala. Using presentation compiler with project's scala-library version: 3.3.8[0m
Sep 26, 2026 10:47:33 AM org.eclipse.lsp4j.jsonrpc.RemoteEndpoint handleCancellation
WARNING: Unmatched cancel notification for request id 9
2026.09.26 10:47:33 INFO  no build target found for /home/amirali671/Documents/A.Rehman/Shadow/src/test/scala/processor/TopTest.scala. Using presentation compiler with project's scala-library version: 3.3.8[0m
2026.09.26 10:47:33 INFO  no build target found for /home/amirali671/Documents/A.Rehman/Shadow/src/test/scala/processor/TopTest.scala. Using presentation compiler with project's scala-library version: 3.3.8[0m
Sep 26, 2026 10:47:34 AM org.eclipse.lsp4j.jsonrpc.RemoteEndpoint handleCancellation
WARNING: Unmatched cancel notification for request id 15
2026.09.26 10:47:33 INFO  no build target found for /home/amirali671/Documents/A.Rehman/Shadow/src/test/scala/processor/TopTest.scala. Using presentation compiler with project's scala-library version: 3.3.8[0m
2026.09.26 10:47:34 INFO  Starting compilation server[0m
2026.09.26 10:47:36 INFO  Tracing is disabled for protocol BSP. To enable tracing of incoming and outgoing JSON messages, create an empty file at /home/amirali671/Documents/A.Rehman/Shadow/.metals/bsp.trace.json or /home/amirali671/.cache/metals/bsp.trace.json[0m
2026.09.26 10:47:41 INFO  Attempting to connect to the build server...[0m
2026.09.26 10:47:41 INFO  Found a Bloop server running[0m
2026.09.26 10:47:41 INFO  Tracing is disabled for protocol BSP. To enable tracing of incoming and outgoing JSON messages, create an empty file at /home/amirali671/Documents/A.Rehman/Shadow/project/.metals/bsp.trace.json or /home/amirali671/.cache/metals/bsp.trace.json[0m
2026.09.26 10:47:41 INFO  time: Connected to build server in 14s[0m
2026.09.26 10:47:41 INFO  Connected to Build server: Bloop v2.1.2[0m
2026.09.26 10:47:41 INFO  Empty build targets. Expected at least one build target identifier. (full report at: "/home/amirali671/Documents/A.Rehman/Shadow/.metals/.reports/bloop/2026-09-14/r_Empty build targets...._12-10-38-742.md")[0m
2026.09.26 10:47:41 INFO  Empty build targets. Expected at least one build target identifier. (full report at: "/home/amirali671/Documents/A.Rehman/Shadow/.metals/.reports/bloop/2026-09-14/r_Empty build targets...._12-10-38-742.md")[0m
2026.09.26 10:47:41 INFO  Empty build targets. Expected at least one build target identifier. (full report at: "/home/amirali671/Documents/A.Rehman/Shadow/.metals/.reports/bloop/2026-09-14/r_Empty build targets...._12-10-38-742.md")[0m
2026.09.26 10:47:41 INFO  Empty build targets. Expected at least one build target identifier. (full report at: "/home/amirali671/Documents/A.Rehman/Shadow/.metals/.reports/bloop/2026-09-14/r_Empty build targets...._12-10-38-742.md")[0m
2026.09.26 10:47:41 INFO  Empty build targets. Expected at least one build target identifier. (full report at: "/home/amirali671/Documents/A.Rehman/Shadow/.metals/.reports/bloop/2026-09-14/r_Empty build targets...._12-10-38-742.md")[0m
2026.09.26 10:47:41 INFO  time: Imported build in 0.15s[0m
2026.09.26 10:47:41 WARN  2.12.13 is no longer supported in the current Metals versions, using the last known supported version 1.3.3[0m
Sep 26, 2026 10:47:43 AM org.eclipse.lsp4j.jsonrpc.RemoteEndpoint handleCancellation
WARNING: Unmatched cancel notification for request id 28
Sep 26, 2026 10:47:44 AM org.eclipse.lsp4j.jsonrpc.RemoteEndpoint handleCancellation
WARNING: Unmatched cancel notification for request id 30
2026.09.26 10:47:44 INFO  compiling root (3 scala sources)[0m
2026.09.26 10:47:44 INFO  Non-compiled module 'compiler-bridge_2.12' for Scala 2.12.13. Compiling...[0m
2026.09.26 10:47:46 WARN  Could not find java sources in /usr/lib/jvm/src.zip, /usr/lib/jvm/lib/src.zip, /usr/lib/jvm/java-17-openjdk-amd64/src.zip, /usr/lib/jvm/java-17-openjdk-amd64/lib/src.zip. Java symbols will not be available.[0m
2026.09.26 10:47:47 INFO  time: indexed workspace in 6.11s[0m
2026.09.26 10:47:47 INFO  Deduplicating compilation of root from bsp client 'Metals 1.6.9' (since 10.495s)[0m
2026.09.26 10:47:47 INFO  compiling root (3 scala sources)[0m
Sep 26, 2026 10:47:57 AM org.eclipse.lsp4j.jsonrpc.RemoteEndpoint fallbackResponseError
SEVERE: Internal error: java.lang.InterruptedException
java.util.concurrent.CompletionException: java.lang.InterruptedException
	at java.base/java.util.concurrent.CompletableFuture.encodeThrowable(CompletableFuture.java:315)
	at java.base/java.util.concurrent.CompletableFuture.completeThrowable(CompletableFuture.java:320)
	at java.base/java.util.concurrent.CompletableFuture$UniAccept.tryFire(CompletableFuture.java:722)
	at java.base/java.util.concurrent.CompletableFuture.postComplete(CompletableFuture.java:510)
	at java.base/java.util.concurrent.CompletableFuture.complete(CompletableFuture.java:2147)
	at scala.meta.internal.metals.CancelTokens$.$anonfun$future$1(CancelTokens.scala:42)
	at scala.meta.internal.metals.CancelTokens$.$anonfun$future$1$adapted(CancelTokens.scala:38)
	at scala.concurrent.impl.Promise$Transformation.run(Promise.scala:517)
	at java.base/java.util.concurrent.ThreadPoolExecutor.runWorker(ThreadPoolExecutor.java:1136)
	at java.base/java.util.concurrent.ThreadPoolExecutor$Worker.run(ThreadPoolExecutor.java:635)
	at java.base/java.lang.Thread.run(Thread.java:840)
Caused by: java.lang.InterruptedException
	at scala.meta.internal.metals.FutureCancelToken.checkCanceled(FutureCancelToken.scala:29)
	at scala.meta.pc.VirtualFileParams.checkCanceled(VirtualFileParams.java:45)
	at scala.meta.internal.pc.CompletionProvider.$anonfun$completions$1(CompletionProvider.scala:77)
	at scala.collection.Iterator$$anon$10.next(Iterator.scala:461)
	at scala.collection.Iterator.toStream(Iterator.scala:1417)
	at scala.collection.Iterator.toStream$(Iterator.scala:1416)
	at scala.collection.AbstractIterator.toStream(Iterator.scala:1431)
	at scala.collection.Iterator.$anonfun$toStream$1(Iterator.scala:1417)
	at scala.collection.immutable.Stream$Cons.tail(Stream.scala:1173)
	at scala.collection.immutable.Stream$Cons.tail(Stream.scala:1163)
	at scala.collection.immutable.StreamIterator.$anonfun$next$1(Stream.scala:1061)
	at scala.collection.immutable.StreamIterator$LazyCell.v$lzycompute(Stream.scala:1050)
	at scala.collection.immutable.StreamIterator$LazyCell.v(Stream.scala:1050)
	at scala.collection.immutable.StreamIterator.hasNext(Stream.scala:1055)
	at scala.collection.convert.Wrappers$IteratorWrapper.hasNext(Wrappers.scala:32)
	at org.eclipse.lsp4j.jsonrpc.json.adapters.CollectionTypeAdapter.write(CollectionTypeAdapter.java:134)
	at org.eclipse.lsp4j.jsonrpc.json.adapters.CollectionTypeAdapter.write(CollectionTypeAdapter.java:40)
	at com.google.gson.internal.bind.TypeAdapterRuntimeTypeWrapper.write(TypeAdapterRuntimeTypeWrapper.java:73)
	at com.google.gson.internal.bind.ReflectiveTypeAdapterFactory$2.write(ReflectiveTypeAdapterFactory.java:251)
	at com.google.gson.internal.bind.ReflectiveTypeAdapterFactory$Adapter.write(ReflectiveTypeAdapterFactory.java:491)
	at com.google.gson.Gson.toJson(Gson.java:665)
	at org.eclipse.lsp4j.jsonrpc.json.adapters.MessageTypeAdapter.write(MessageTypeAdapter.java:439)
	at org.eclipse.lsp4j.jsonrpc.json.adapters.MessageTypeAdapter.write(MessageTypeAdapter.java:56)
	at com.google.gson.Gson.toJson(Gson.java:665)
	at com.google.gson.Gson.toJson(Gson.java:620)
	at org.eclipse.lsp4j.jsonrpc.json.MessageJsonHandler.serialize(MessageJsonHandler.java:149)
	at org.eclipse.lsp4j.jsonrpc.json.MessageJsonHandler.serialize(MessageJsonHandler.java:144)
	at org.eclipse.lsp4j.jsonrpc.json.StreamMessageConsumer.consume(StreamMessageConsumer.java:59)
	at org.eclipse.lsp4j.jsonrpc.RemoteEndpoint.lambda$handleRequest$2(RemoteEndpoint.java:287)
	at java.base/java.util.concurrent.CompletableFuture$UniAccept.tryFire(CompletableFuture.java:718)
	... 8 more

2026.09.26 10:48:01 INFO  Compilation completed in 16.676s.[0m
2026.09.26 10:48:12 INFO  Deduplicating compilation of root-test from bsp client 'Metals 1.6.9' (since 35.005s)[0m
2026.09.26 10:48:12 INFO  time: compiled root in 24s[0m
2026.09.26 10:48:12 INFO  compiling root-test (1 scala source)[0m
2026.09.26 10:48:12 INFO  compiling root-test (1 scala source)[0m
2026.09.26 10:48:13 INFO  time: compiled root-test in 1.28s[0m
2026.09.26 10:49:37 INFO  compiling root-test (1 scala source)[0m
2026.09.26 10:49:39 INFO  time: compiled root-test in 1.55s[0m
2026.09.26 10:49:42 INFO  compiling root-test (1 scala source)[0m
2026.09.26 10:49:44 INFO  time: compiled root-test in 1.64s[0m
2026.09.26 10:52:59 INFO  compiling root-test (1 scala source)[0m
2026.09.26 10:53:00 INFO  time: compiled root-test in 1.29s[0m
2026.09.26 10:53:00 INFO  compiling root-test (1 scala source)[0m
2026.09.26 10:53:02 INFO  time: compiled root-test in 0.98s[0m
2026.09.26 10:53:02 INFO  compiling root-test (1 scala source)[0m
2026.09.26 10:53:03 INFO  time: compiled root-test in 1s[0m
2026.09.26 11:09:17 INFO  compiling root-test (1 scala source)[0m
2026.09.26 11:09:19 INFO  time: compiled root-test in 1.88s[0m
2026.09.26 12:59:56 INFO  compiling root (1 scala source)[0m
2026.09.26 12:59:56 INFO  time: compiled root in 0.47s[0m
2026.09.26 13:00:20 INFO  compiling root (1 scala source)[0m
2026.09.26 13:00:20 INFO  time: compiled root in 0.16s[0m
2026.09.26 13:00:26 INFO  compiling root (1 scala source)[0m
2026.09.26 13:00:26 INFO  time: compiled root in 0.12s[0m
2026.09.26 13:00:27 INFO  compiling root (1 scala source)[0m
2026.09.26 13:00:27 INFO  time: compiled root in 0.13s[0m
2026.09.26 13:00:32 INFO  compiling root (1 scala source)[0m
2026.09.26 13:00:32 INFO  time: compiled root in 0.21s[0m
2026.09.26 13:00:33 INFO  compiling root (1 scala source)[0m
2026.09.26 13:00:33 INFO  time: compiled root in 0.1s[0m
2026.09.26 13:00:35 INFO  compiling root (1 scala source)[0m
2026.09.26 13:00:35 INFO  time: compiled root in 0.12s[0m
2026.09.26 13:00:40 INFO  compiling root (1 scala source)[0m
2026.09.26 13:00:40 INFO  time: compiled root in 0.14s[0m
2026.09.26 13:00:42 INFO  compiling root (1 scala source)[0m
2026.09.26 13:00:42 INFO  time: compiled root in 0.12s[0m
2026.09.26 13:00:44 ERROR scalafmt: [3.11.4] /home/amirali671/Documents/A.Rehman/Shadow/src/main/scala/processor/SyncDataMem.scala:29: error: [dialect scala213] `}` expected but `end of file` found

^[0m
2026.09.26 13:00:44 INFO  compiling root (1 scala source)[0m
2026.09.26 13:00:44 INFO  time: compiled root in 0.1s[0m
2026.09.26 13:00:44 ERROR scalafmt: [3.11.4] /home/amirali671/Documents/A.Rehman/Shadow/src/main/scala/processor/SyncDataMem.scala:29: error: [dialect scala213] `}` expected but `end of file` found

^[0m
2026.09.26 13:00:44 ERROR scalafmt: [3.11.4] /home/amirali671/Documents/A.Rehman/Shadow/src/main/scala/processor/SyncDataMem.scala:29: error: [dialect scala213] `}` expected but `end of file` found

^[0m
2026.09.26 13:00:49 INFO  compiling root (1 scala source)[0m
2026.09.26 13:00:49 INFO  time: compiled root in 0.11s[0m
2026.09.26 13:00:52 INFO  compiling root (1 scala source)[0m
2026.09.26 13:00:52 INFO  time: compiled root in 0.34s[0m
2026.09.26 13:01:05 INFO  compiling root (1 scala source)[0m
2026.09.26 13:01:06 INFO  time: compiled root in 1.36s[0m
2026.09.26 13:01:06 INFO  compiling root (1 scala source)[0m
2026.09.26 13:01:09 INFO  time: compiled root in 2.77s[0m
2026.09.26 13:01:09 INFO  compiling root (1 scala source)[0m
2026.09.26 13:01:10 WARN  Could not load snapshot text for /home/amirali671/Documents/A.Rehman/Shadow/src/main/scala/processor/SyncDataMem.scala[0m
2026.09.26 13:01:10 INFO  time: compiled root in 1.13s[0m
2026.09.26 13:01:27 INFO  compiling root (1 scala source)[0m
2026.09.26 13:01:28 INFO  time: compiled root in 1.17s[0m
2026.09.26 13:01:28 INFO  compiling root (1 scala source)[0m
2026.09.26 13:01:28 INFO  time: compiled root in 0.68s[0m
2026.09.26 13:01:43 INFO  compiling root (2 scala sources)[0m
2026.09.26 13:01:44 INFO  time: compiled root in 1.39s[0m
2026.09.26 13:01:44 INFO  compiling root (2 scala sources)[0m
2026.09.26 13:01:45 INFO  time: compiled root in 1.04s[0m
2026.09.26 13:01:58 INFO  compiling root (2 scala sources)[0m
2026.09.26 13:02:00 INFO  time: compiled root in 2.29s[0m
Sep 26, 2026 1:03:52 PM scala.meta.internal.mtags.SymbolIndexBucket addMtagsSourceFile
WARNING: Error indexing /home/amirali671/Documents/A.Rehman/Shadow/src/main/scala/processor/SyncDataMem.scala
java.nio.file.NoSuchFileException: /home/amirali671/Documents/A.Rehman/Shadow/src/main/scala/processor/SyncDataMem.scala
	at java.base/sun.nio.fs.UnixException.translateToIOException(UnixException.java:92)
	at java.base/sun.nio.fs.UnixException.rethrowAsIOException(UnixException.java:106)
	at java.base/sun.nio.fs.UnixException.rethrowAsIOException(UnixException.java:111)
	at java.base/sun.nio.fs.UnixFileSystemProvider.newByteChannel(UnixFileSystemProvider.java:218)
	at java.base/java.nio.file.Files.newByteChannel(Files.java:380)
	at java.base/java.nio.file.Files.newByteChannel(Files.java:432)
	at java.base/java.nio.file.Files.readAllBytes(Files.java:3288)
	at scala.meta.internal.io.PlatformFileIO$.slurp(PlatformFileIO.scala:38)
	at scala.meta.internal.io.FileIO$.slurp(FileIO.scala:18)
	at scala.meta.internal.mtags.ScalametaCommonEnrichments$XtensionAbsolutePath.toInput(ScalametaCommonEnrichments.scala:512)
	at scala.meta.internal.mtags.Mtags.index(Mtags.scala:101)
	at scala.meta.internal.mtags.Mtags.allSymbols(Mtags.scala:21)
	at scala.meta.internal.mtags.SymbolIndexBucket.allSymbols(SymbolIndexBucket.scala:293)
	at scala.meta.internal.mtags.SymbolIndexBucket.addMtagsSourceFile(SymbolIndexBucket.scala:304)
	at scala.meta.internal.mtags.SymbolIndexBucket.$anonfun$query0$1(SymbolIndexBucket.scala:220)
	at scala.meta.internal.mtags.SymbolIndexBucket.$anonfun$query0$1$adapted(SymbolIndexBucket.scala:220)
	at scala.collection.immutable.Set$Set2.foreach(Set.scala:210)
	at scala.meta.internal.mtags.SymbolIndexBucket.query0(SymbolIndexBucket.scala:220)
	at scala.meta.internal.mtags.SymbolIndexBucket.query(SymbolIndexBucket.scala:193)
	at scala.meta.internal.mtags.OnDemandSymbolIndex.$anonfun$findSymbolDefinition$1(OnDemandSymbolIndex.scala:143)
	at scala.collection.immutable.List.flatMap(List.scala:283)
	at scala.meta.internal.mtags.OnDemandSymbolIndex.findSymbolDefinition(OnDemandSymbolIndex.scala:143)
	at scala.meta.internal.mtags.OnDemandSymbolIndex.definition(OnDemandSymbolIndex.scala:48)
	at scala.meta.internal.metals.Docstrings.indexSymbol(Docstrings.scala:138)
	at scala.meta.internal.metals.Docstrings.documentation(Docstrings.scala:49)
	at scala.meta.internal.metals.MetalsSymbolSearch.documentation(MetalsSymbolSearch.scala:47)
	at scala.meta.internal.pc.MetalsGlobal.symbolDocumentation(MetalsGlobal.scala:279)
	at scala.meta.internal.pc.Signatures$SignaturePrinter.<init>(Signatures.scala:295)
	at scala.meta.internal.pc.HoverProvider.toHover(HoverProvider.scala:274)
	at scala.meta.internal.pc.HoverProvider.hoverOffset(HoverProvider.scala:109)
	at scala.meta.internal.pc.HoverProvider.hover(HoverProvider.scala:27)
	at scala.meta.internal.pc.ScalaPresentationCompiler.$anonfun$hover$1(ScalaPresentationCompiler.scala:370)
	at scala.meta.internal.pc.CompilerAccess.withSharedCompiler(CompilerAccess.scala:156)
	at scala.meta.internal.pc.CompilerAccess.$anonfun$withNonInterruptableCompiler$1(CompilerAccess.scala:142)
	at scala.meta.internal.pc.CompilerAccess.$anonfun$onCompilerJobQueue$1(CompilerAccess.scala:245)
	at scala.meta.internal.pc.CompilerJobQueue$Job.run(CompilerJobQueue.scala:152)
	at java.base/java.util.concurrent.ThreadPoolExecutor.runWorker(ThreadPoolExecutor.java:1136)
	at java.base/java.util.concurrent.ThreadPoolExecutor$Worker.run(ThreadPoolExecutor.java:635)
	at java.base/java.lang.Thread.run(Thread.java:840)

Sep 26, 2026 1:03:52 PM scala.meta.internal.mtags.SymbolIndexBucket addMtagsSourceFile
WARNING: Error indexing /home/amirali671/Documents/A.Rehman/Shadow/src/main/scala/processor/SyncDataMem.scala
java.nio.file.NoSuchFileException: /home/amirali671/Documents/A.Rehman/Shadow/src/main/scala/processor/SyncDataMem.scala
	at java.base/sun.nio.fs.UnixException.translateToIOException(UnixException.java:92)
	at java.base/sun.nio.fs.UnixException.rethrowAsIOException(UnixException.java:106)
	at java.base/sun.nio.fs.UnixException.rethrowAsIOException(UnixException.java:111)
	at java.base/sun.nio.fs.UnixFileSystemProvider.newByteChannel(UnixFileSystemProvider.java:218)
	at java.base/java.nio.file.Files.newByteChannel(Files.java:380)
	at java.base/java.nio.file.Files.newByteChannel(Files.java:432)
	at java.base/java.nio.file.Files.readAllBytes(Files.java:3288)
	at scala.meta.internal.io.PlatformFileIO$.slurp(PlatformFileIO.scala:38)
	at scala.meta.internal.io.FileIO$.slurp(FileIO.scala:18)
	at scala.meta.internal.mtags.ScalametaCommonEnrichments$XtensionAbsolutePath.toInput(ScalametaCommonEnrichments.scala:512)
	at scala.meta.internal.mtags.Mtags.index(Mtags.scala:101)
	at scala.meta.internal.mtags.Mtags.allSymbols(Mtags.scala:21)
	at scala.meta.internal.mtags.SymbolIndexBucket.allSymbols(SymbolIndexBucket.scala:293)
	at scala.meta.internal.mtags.SymbolIndexBucket.addMtagsSourceFile(SymbolIndexBucket.scala:304)
	at scala.meta.internal.mtags.SymbolIndexBucket.addMtagsSourceFile(SymbolIndexBucket.scala:315)
	at scala.meta.internal.mtags.SymbolIndexBucket.$anonfun$query0$1(SymbolIndexBucket.scala:220)
	at scala.meta.internal.mtags.SymbolIndexBucket.$anonfun$query0$1$adapted(SymbolIndexBucket.scala:220)
	at scala.collection.immutable.Set$Set2.foreach(Set.scala:210)
	at scala.meta.internal.mtags.SymbolIndexBucket.query0(SymbolIndexBucket.scala:220)
	at scala.meta.internal.mtags.SymbolIndexBucket.query(SymbolIndexBucket.scala:193)
	at scala.meta.internal.mtags.OnDemandSymbolIndex.$anonfun$findSymbolDefinition$1(OnDemandSymbolIndex.scala:143)
	at scala.collection.immutable.List.flatMap(List.scala:283)
	at scala.meta.internal.mtags.OnDemandSymbolIndex.findSymbolDefinition(OnDemandSymbolIndex.scala:143)
	at scala.meta.internal.mtags.OnDemandSymbolIndex.definition(OnDemandSymbolIndex.scala:48)
	at scala.meta.internal.metals.Docstrings.indexSymbol(Docstrings.scala:138)
	at scala.meta.internal.metals.Docstrings.documentation(Docstrings.scala:49)
	at scala.meta.internal.metals.MetalsSymbolSearch.documentation(MetalsSymbolSearch.scala:47)
	at scala.meta.internal.pc.MetalsGlobal.symbolDocumentation(MetalsGlobal.scala:279)
	at scala.meta.internal.pc.Signatures$SignaturePrinter.<init>(Signatures.scala:295)
	at scala.meta.internal.pc.HoverProvider.toHover(HoverProvider.scala:274)
	at scala.meta.internal.pc.HoverProvider.hoverOffset(HoverProvider.scala:109)
	at scala.meta.internal.pc.HoverProvider.hover(HoverProvider.scala:27)
	at scala.meta.internal.pc.ScalaPresentationCompiler.$anonfun$hover$1(ScalaPresentationCompiler.scala:370)
	at scala.meta.internal.pc.CompilerAccess.withSharedCompiler(CompilerAccess.scala:156)
	at scala.meta.internal.pc.CompilerAccess.$anonfun$withNonInterruptableCompiler$1(CompilerAccess.scala:142)
	at scala.meta.internal.pc.CompilerAccess.$anonfun$onCompilerJobQueue$1(CompilerAccess.scala:245)
	at scala.meta.internal.pc.CompilerJobQueue$Job.run(CompilerJobQueue.scala:152)
	at java.base/java.util.concurrent.ThreadPoolExecutor.runWorker(ThreadPoolExecutor.java:1136)
	at java.base/java.util.concurrent.ThreadPoolExecutor$Worker.run(ThreadPoolExecutor.java:635)
	at java.base/java.lang.Thread.run(Thread.java:840)

Sep 26, 2026 1:04:54 PM scala.meta.internal.pc.CompletionProvider expected$1
WARNING: offset 557, count -1, length 568
2026.09.26 13:04:55 INFO  compiling root (1 scala source)[0m
2026.09.26 13:04:55 INFO  time: compiled root in 0.28s[0m
Sep 26, 2026 1:05:01 PM org.eclipse.lsp4j.jsonrpc.RemoteEndpoint handleCancellation
WARNING: Unmatched cancel notification for request id 753
2026.09.26 13:05:03 INFO  compiling root (1 scala source)[0m
2026.09.26 13:05:05 INFO  time: compiled root in 1.99s[0m
2026.09.26 13:05:05 INFO  compiling root (1 scala source)[0m
2026.09.26 13:05:05 WARN  Could not load snapshot text for /home/amirali671/Documents/A.Rehman/Shadow/src/main/scala/processor/DataMem.scala[0m
2026.09.26 13:05:06 WARN  Could not load snapshot text for /home/amirali671/Documents/A.Rehman/Shadow/src/main/scala/processor/DataMem.scala[0m
2026.09.26 13:05:06 WARN  Could not load snapshot text for /home/amirali671/Documents/A.Rehman/Shadow/src/main/scala/processor/DataMem.scala[0m
2026.09.26 13:05:07 INFO  time: compiled root in 1.99s[0m
2026.09.26 13:05:07 INFO  compiling root (1 scala source)[0m
2026.09.26 13:05:09 INFO  time: compiled root in 1.91s[0m
2026.09.26 13:05:09 INFO  compiling root (1 scala source)[0m
2026.09.26 13:05:09 INFO  time: compiled root in 0.44s[0m
2026.09.26 13:05:10 WARN  Could not load snapshot text for /home/amirali671/Documents/A.Rehman/Shadow/src/main/scala/processor/DataMem.scala[0m
2026.09.26 13:05:11 INFO  compiling root (1 scala source)[0m
2026.09.26 13:05:12 WARN  Could not load snapshot text for /home/amirali671/Documents/A.Rehman/Shadow/src/main/scala/processor/DataMem.scala[0m
2026.09.26 13:05:11 INFO  time: compiled root in 0.41s[0m
2026.09.26 13:05:12 WARN  Could not load snapshot text for /home/amirali671/Documents/A.Rehman/Shadow/src/main/scala/processor/DataMem.scala[0m
2026.09.26 13:05:12 WARN  Could not load snapshot text for /home/amirali671/Documents/A.Rehman/Shadow/src/main/scala/processor/DataMem.scala[0m
2026.09.26 13:05:14 WARN  Could not load snapshot text for /home/amirali671/Documents/A.Rehman/Shadow/src/main/scala/processor/DataMem.scala[0m
2026.09.26 13:05:15 INFO  compiling root (1 scala source)[0m
2026.09.26 13:05:15 WARN  Could not load snapshot text for /home/amirali671/Documents/A.Rehman/Shadow/src/main/scala/processor/DataMem.scala[0m
2026.09.26 13:05:15 INFO  time: compiled root in 0.36s[0m
2026.09.26 13:05:15 WARN  Could not load snapshot text for /home/amirali671/Documents/A.Rehman/Shadow/src/main/scala/processor/DataMem.scala[0m
2026.09.26 13:05:16 INFO  compiling root (1 scala source)[0m
2026.09.26 13:05:16 WARN  Could not load snapshot text for /home/amirali671/Documents/A.Rehman/Shadow/src/main/scala/processor/DataMem.scala[0m
2026.09.26 13:05:17 INFO  time: compiled root in 1.76s[0m
2026.09.26 13:05:17 INFO  compiling root (1 scala source)[0m
2026.09.26 13:05:20 INFO  time: compiled root in 3.02s[0m
Sep 26, 2026 1:06:21 PM org.eclipse.lsp4j.jsonrpc.RemoteEndpoint handleCancellation
WARNING: Unmatched cancel notification for request id 906
2026.09.26 13:06:24 INFO  compiling root (1 scala source)[0m
2026.09.26 13:06:24 INFO  time: compiled root in 0.38s[0m
2026.09.26 13:06:25 WARN  Could not load snapshot text for /home/amirali671/Documents/A.Rehman/Shadow/src/main/scala/processor/DataMem.scala[0m
2026.09.26 13:06:28 WARN  Could not load snapshot text for /home/amirali671/Documents/A.Rehman/Shadow/src/main/scala/processor/DataMem.scala[0m
2026.09.26 13:06:29 INFO  compiling root (1 scala source)[0m
2026.09.26 13:06:29 INFO  time: compiled root in 0.71s[0m
2026.09.26 13:06:30 WARN  Could not load snapshot text for /home/amirali671/Documents/A.Rehman/Shadow/src/main/scala/processor/DataMem.scala[0m
2026.09.26 13:06:35 WARN  Could not load snapshot text for /home/amirali671/Documents/A.Rehman/Shadow/src/main/scala/processor/DataMem.scala[0m
2026.09.26 13:06:36 WARN  Could not load snapshot text for /home/amirali671/Documents/A.Rehman/Shadow/src/main/scala/processor/DataMem.scala[0m
2026.09.26 13:06:37 INFO  compiling root (1 scala source)[0m
2026.09.26 13:06:40 INFO  time: compiled root in 2.15s[0m
2026.09.26 13:06:49 INFO  compiling root (1 scala source)[0m
2026.09.26 13:06:49 INFO  time: compiled root in 0.38s[0m
2026.09.26 13:06:55 INFO  compiling root (1 scala source)[0m
2026.09.26 13:06:57 INFO  time: compiled root in 2.21s[0m
2026.09.27 17:30:37 INFO  compiling root-test (1 scala source)[0m
2026.09.27 17:30:40 INFO  time: compiled root-test in 3.01s[0m
2026.09.27 21:23:54 WARN  no build target for: /home/amirali671/Documents/A.Rehman/Shadow/build.sbt[0m
2026.09.27 21:23:54 WARN  no build target for: /home/amirali671/Documents/A.Rehman/Shadow/build.sbt[0m
Sep 27, 2026 9:23:55 PM org.eclipse.lsp4j.jsonrpc.services.GenericEndpoint notify
INFO: Unsupported notification method: $/setTrace
2026.09.27 21:36:19 INFO  no build target found for /home/amirali671/Documents/A.Rehman/Shadow/build.sbt. Using presentation compiler with project's scala-library version: 2.12.21[0m
2026.09.27 21:36:19 INFO  skipping build import with status 'Installed'[0m
2026.09.27 21:36:20 WARN  no build target for: /home/amirali671/Documents/A.Rehman/Shadow/build.sbt[0m
2026.09.27 21:36:20 WARN  no build target for: /home/amirali671/Documents/A.Rehman/Shadow/build.sbt[0m
2026.09.30 19:26:16 INFO  Shutting down server[0m
2026.09.30 19:26:16 INFO  Memory monitor stopped[0m
2026.09.30 19:26:16 INFO  shutting down Metals[0m
2026.09.30 19:26:17 INFO  Shut down connection with build server.[0m
2026.09.30 19:26:17 INFO  Shut down connection with build server.[0m
2026.10.01 11:36:27 INFO  Started: Metals version 1.6.9 in folders '/home/amirali671/Documents/A.Rehman/Shadow' for client Visual Studio Code 1.139.1.[0m
2026.10.01 11:36:32 INFO  Memory monitor started[0m
2026.10.01 11:36:35 WARN  Using H2 2.5.250 which is newer than the version Flyway has been verified with. The latest verified version of H2 is 2.3.232.[0m
Oct 01, 2026 11:36:35 AM org.eclipse.lsp4j.jsonrpc.services.GenericEndpoint notify
INFO: Unsupported notification method: $/setTrace
2026.10.01 11:36:35 INFO  no build target found for /home/amirali671/Documents/A.Rehman/Shadow/src/main/scala/processor/DataMem.scala. Using presentation compiler with project's scala-library version: 3.3.8[0m
Oct 01, 2026 11:36:38 AM org.eclipse.lsp4j.jsonrpc.services.GenericEndpoint notify
INFO: Unsupported notification method: $/setTrace
2026.10.01 11:36:38 INFO  Attempting to connect to the build server...[0m
2026.10.01 11:36:38 INFO  Found a Bloop server running[0m
Oct 01, 2026 11:36:39 AM org.eclipse.lsp4j.jsonrpc.RemoteEndpoint handleCancellation
WARNING: Unmatched cancel notification for request id 2
2026.10.01 11:36:39 INFO  Tracing is disabled for protocol BSP. To enable tracing of incoming and outgoing JSON messages, create an empty file at /home/amirali671/Documents/A.Rehman/Shadow/.metals/bsp.trace.json or /home/amirali671/.cache/metals/bsp.trace.json[0m
2026.10.01 11:36:39 INFO  no build target found for /home/amirali671/Documents/A.Rehman/Shadow/src/main/scala/processor/DataMem.scala. Using presentation compiler with project's scala-library version: 3.3.8[0m
2026.10.01 11:36:39 INFO  Attempting to connect to the build server...[0m
2026.10.01 11:36:39 INFO  Found a Bloop server running[0m
Oct 01, 2026 11:36:39 AM org.eclipse.lsp4j.jsonrpc.services.GenericEndpoint notify
INFO: Unsupported notification method: $/setTrace
Oct 01, 2026 11:36:39 AM org.eclipse.lsp4j.jsonrpc.RemoteEndpoint handleCancellation
WARNING: Unmatched cancel notification for request id 7
2026.10.01 11:36:39 INFO  no build target found for /home/amirali671/Documents/A.Rehman/Shadow/src/main/scala/processor/DataMem.scala. Using presentation compiler with project's scala-library version: 3.3.8[0m
2026.10.01 11:36:39 INFO  Tracing is disabled for protocol BSP. To enable tracing of incoming and outgoing JSON messages, create an empty file at /home/amirali671/Documents/A.Rehman/Shadow/project/.metals/bsp.trace.json or /home/amirali671/.cache/metals/bsp.trace.json[0m
2026.10.01 11:36:39 INFO  time: Connected to build server in 0.95s[0m
2026.10.01 11:36:39 INFO  Connected to Build server: Bloop v2.1.2[0m
2026.10.01 11:36:39 INFO  Empty build targets. Expected at least one build target identifier. (full report at: "/home/amirali671/Documents/A.Rehman/Shadow/.metals/.reports/bloop/2026-09-14/r_Empty build targets...._12-10-38-742.md")[0m
2026.10.01 11:36:40 INFO  Empty build targets. Expected at least one build target identifier. (full report at: "/home/amirali671/Documents/A.Rehman/Shadow/.metals/.reports/bloop/2026-09-14/r_Empty build targets...._12-10-38-742.md")[0m
2026.10.01 11:36:40 INFO  Empty build targets. Expected at least one build target identifier. (full report at: "/home/amirali671/Documents/A.Rehman/Shadow/.metals/.reports/bloop/2026-09-14/r_Empty build targets...._12-10-38-742.md")[0m
2026.10.01 11:36:40 INFO  Empty build targets. Expected at least one build target identifier. (full report at: "/home/amirali671/Documents/A.Rehman/Shadow/.metals/.reports/bloop/2026-09-14/r_Empty build targets...._12-10-38-742.md")[0m
2026.10.01 11:36:40 INFO  Empty build targets. Expected at least one build target identifier. (full report at: "/home/amirali671/Documents/A.Rehman/Shadow/.metals/.reports/bloop/2026-09-14/r_Empty build targets...._12-10-38-742.md")[0m
2026.10.01 11:36:39 INFO  time: Imported build in 0.33s[0m
2026.10.01 11:36:39 WARN  2.12.13 is no longer supported in the current Metals versions, using the last known supported version 1.3.3[0m
Oct 01, 2026 11:36:40 AM org.eclipse.lsp4j.jsonrpc.services.GenericEndpoint notify
INFO: Unsupported notification method: $/setTrace
Oct 01, 2026 11:36:44 AM org.eclipse.lsp4j.jsonrpc.services.GenericEndpoint notify
INFO: Unsupported notification method: $/setTrace
Oct 01, 2026 11:36:44 AM org.eclipse.lsp4j.jsonrpc.RemoteEndpoint handleCancellation
WARNING: Unmatched cancel notification for request id 11
2026.10.01 11:36:52 WARN  Could not find java sources in /usr/lib/jvm/src.zip, /usr/lib/jvm/lib/src.zip, /usr/lib/jvm/java-17-openjdk-amd64/src.zip, /usr/lib/jvm/java-17-openjdk-amd64/lib/src.zip. Java symbols will not be available.[0m
2026.10.01 11:36:54 INFO  time: indexed workspace in 14s[0m
2026.10.01 11:36:54 INFO  compiling root (1 scala source)[0m
2026.10.01 11:36:56 INFO  time: compiled root in 1.8s[0m
2026.10.01 11:36:56 INFO  compiling root (1 scala source)[0m
2026.10.01 11:36:57 INFO  time: compiled root in 1.1s[0m
Oct 01, 2026 11:37:27 AM org.eclipse.lsp4j.jsonrpc.services.GenericEndpoint notify
INFO: Unsupported notification method: $/setTrace
2026.10.01 11:37:42 INFO  compiling root (2 scala sources)[0m
2026.10.01 11:37:42 INFO  time: compiled root in 0.68s[0m
2026.10.01 11:37:51 INFO  compiling root (1 scala source)[0m
2026.10.01 11:37:53 INFO  time: compiled root in 1.47s[0m
2026.10.01 11:37:53 INFO  compiling root (1 scala source)[0m
2026.10.01 11:37:54 INFO  time: compiled root in 1.24s[0m
